<?xml version="1.0" encoding="UTF-8" standalone="no"?>
<FileNetExportCatalog version="1">
    	
    <DeploymentTreeLocation/>
    	
    <SourceEnvironment/>
    	
    <ExportOperationFile>DeploymentOperation_Export.xml</ExportOperationFile>
    	
    <ExportManifestFile>manifest.xml</ExportManifestFile>
    	
    <ExportLogFile/>
    	
    <ConvertOperationFile/>
    	
    <SourcePrimaryObjectStoreName>BAWDOS</SourcePrimaryObjectStoreName>
    	
    <ExportStartTime>2024-06-21 09:34:38 UTC</ExportStartTime>
    	
    <DatasetFiles>
        		
        <DatasetFile>deployDataSet1.xml</DatasetFile>
        	
    </DatasetFiles>
    	
    <ObjectListFile>ObjectList.xml</ObjectListFile>
    	
    <NumberOfObjectsExported>2</NumberOfObjectsExported>
    	
    <ExportEndTime>2024-06-21 09:34:45 UTC</ExportEndTime>
    		
    <DestinationEnvironment/>
    	
    <DestinationPrimaryObjectStoreName>BAWDOS</DestinationPrimaryObjectStoreName>
    
</FileNetExportCatalog>
