<?xml version='1.0' encoding='UTF-8'?><ExportedObjects xmlns:d="http://www.w3.org/2001/XMLSchema" xmlns:e="http://www.w3.org/2003/05/soap-envelope" xmlns:xop="http://www.w3.org/2004/08/xop/include" xmlns:wn0="http://www.filenet.com/ns/fnce/2006/11/ws/schema" xmlns:wn1="http://schemas.xmlsoap.org/ws/2002/04/reference/" xmlns:wn2="http://www.filenet.com/ns/fnce/2006/11/ws/MTOM/schema" xmlns:i="http://www.w3.org/2001/XMLSchema-instance" xmlns="http://www.filenet.com/ns/fnce/2006/11/ws/schema"><ExportedObject><ObjectValue i:type="ObjectValue" classId="Document" objectId="{903A2580-0000-C28E-B79D-7F1D8AD0AABF}" objectStore="{E4F3B0DF-4F0D-47C9-B578-6A6F562A46F6}" updateSequenceNumber="1" accessAllowed="998911"><Property i:type="SingletonObject" propertyId="ClassDescription" settable="1"><Value i:type="ObjectReference" classId="ClassDescription" objectId="{01A3A8C2-7AEC-11D1-A31B-0020AF9FBB1C}" objectStore="{E4F3B0DF-4F0D-47C9-B578-6A6F562A46F6}"/></Property><Property i:type="SingletonObject" propertyId="ClbSecurityController" settable="1"/><Property i:type="SingletonDateTime" propertyId="CmRetentionDate" settable="1"/><Property i:type="SingletonString" propertyId="ComponentBindingLabel" settable="1"/><Property i:type="SingletonInteger32" propertyId="CompoundDocumentState" settable="1"><Value>0</Value></Property><Property i:type="ListOfObject" propertyId="ContentElements" settable="1"><Value i:type="DependentObjectType" classId="ContentTransfer"><Property i:type="SingletonObject" propertyId="ClassDescription" settable="1"><Value i:type="ObjectReference" classId="ClassDescription" objectId="{01A3A8C4-7AEC-11D1-A31B-0020AF9FBB1C}" objectStore="{E4F3B0DF-4F0D-47C9-B578-6A6F562A46F6}"/></Property><Property i:type="SingletonString" propertyId="Content" settable="1"><Value>FN8/FN7/FN2/FN{903A2580-0000-C28E-B79D-7F1D8AD0AABF}.0</Value></Property><Property i:type="SingletonString" propertyId="ContentType" settable="1"><Value>text/xml</Value></Property><Property i:type="SingletonInteger32" propertyId="ElementSequenceNumber" settable="1"><Value>0</Value></Property><Property i:type="SingletonString" propertyId="RetrievalName" settable="1"><Value>security.xml</Value></Property></Value></Property><Property i:type="SingletonString" propertyId="Creator" settable="1"><Value>cpadmin</Value></Property><Property i:type="SingletonDateTime" propertyId="DateCheckedIn" settable="1"><Value>2024-06-21T09:34:18.404Z</Value></Property><Property i:type="SingletonDateTime" propertyId="DateCreated" settable="1"><Value>2024-06-21T09:34:18.404Z</Value></Property><Property i:type="SingletonDateTime" propertyId="DateLastModified" settable="1"><Value>2024-06-21T09:34:18.445Z</Value></Property><Property i:type="SingletonObject" propertyId="DocumentLifecyclePolicy" settable="1"/><Property i:type="SingletonString" propertyId="DocumentTitle" settable="1"><Value>SecurityClaimsManagement</Value></Property><Property i:type="SingletonId" propertyId="EntryTemplateId" settable="1"/><Property i:type="SingletonString" propertyId="EntryTemplateLaunchedWorkflowNumber" settable="1"/><Property i:type="SingletonString" propertyId="EntryTemplateObjectStoreName" settable="1"/><Property i:type="ListOfObject" propertyId="ExternalReplicaIdentities" settable="1"/><Property i:type="SingletonBoolean" propertyId="IgnoreRedirect" settable="1"/><Property i:type="SingletonBoolean" propertyId="IsReserved" settable="1"><Value>0</Value></Property><Property i:type="SingletonString" propertyId="LastModifier" settable="1"><Value>cpadmin</Value></Property><Property i:type="SingletonInteger32" propertyId="MajorVersionNumber" settable="1"><Value>1</Value></Property><Property i:type="SingletonString" propertyId="MimeType" settable="1"><Value>text/xml</Value></Property><Property i:type="SingletonInteger32" propertyId="MinorVersionNumber" settable="1"><Value>0</Value></Property><Property i:type="SingletonString" propertyId="Name" settable="1"><Value>SecurityClaimsManagement</Value></Property><Property i:type="SingletonObject" propertyId="Owner" settable="1"><Value i:type="ObjectValue" classId="User" objectId="S-1-95-627337589-1885553715-1768776801-1127359854-858092911-1702065476-841315186-627270723-1885553715-1682125349-1144202595-1702129257-1818324594-67108864"><Property i:type="SingletonString" propertyId="DisplayName"><Value>cpadmin</Value></Property><Property i:type="SingletonString" propertyId="Id"><Value>S-1-95-627337589-1885553715-1768776801-1127359854-858092911-1702065476-841315186-627270723-1885553715-1682125349-1144202595-1702129257-1818324594-67108864</Value></Property><Property i:type="SingletonString" propertyId="Name" settable="1"><Value>uid=cpadmin,ou=users,dc=cp,dc=internal</Value></Property><Property i:type="SingletonString" propertyId="ShortName"><Value>cpadmin</Value></Property></Value></Property><Property i:type="ListOfObject" propertyId="Permissions" settable="1"><Value i:type="DependentObjectType" classId="AccessPermission"><Property i:type="SingletonInteger32" propertyId="AccessMask" settable="1"><Value>998903</Value></Property><Property i:type="SingletonInteger32" propertyId="AccessType" settable="1"><Value>1</Value></Property><Property i:type="SingletonObject" propertyId="ClassDescription" settable="1"><Value i:type="ObjectReference" classId="ClassDescription" objectId="{D70CE8D3-4DD4-4BDF-AADA-8FA3B2B3BB49}"/></Property><Property i:type="SingletonObject" propertyId="GranteeName" settable="1"><Value serializationDuplicate="1" i:type="ObjectReference" classId="User" objectId="S-1-95-627337589-1885553715-1768776801-1127359854-858092911-1702065476-841315186-627270723-1885553715-1682125349-1144202595-1702129257-1818324594-67108864"/></Property><Property i:type="SingletonInteger32" propertyId="InheritableDepth" settable="1"><Value>0</Value></Property></Value><Value i:type="DependentObjectType" classId="AccessPermission"><Property i:type="SingletonInteger32" propertyId="AccessMask" settable="1"><Value>131201</Value></Property><Property i:type="SingletonInteger32" propertyId="AccessType" settable="1"><Value>1</Value></Property><Property i:type="SingletonObject" propertyId="ClassDescription" settable="1"><Value i:type="ObjectReference" classId="ClassDescription" objectId="{D70CE8D3-4DD4-4BDF-AADA-8FA3B2B3BB49}"/></Property><Property i:type="SingletonString" propertyId="GranteeName" settable="1"><Value>#AUTHENTICATED-USERS</Value></Property><Property i:type="SingletonInteger32" propertyId="InheritableDepth" settable="1"><Value>0</Value></Property></Value><Value i:type="DependentObjectType" classId="AccessPermission"><Property i:type="SingletonInteger32" propertyId="AccessMask" settable="1"><Value>998903</Value></Property><Property i:type="SingletonInteger32" propertyId="AccessType" settable="1"><Value>1</Value></Property><Property i:type="SingletonObject" propertyId="ClassDescription" settable="1"><Value i:type="ObjectReference" classId="ClassDescription" objectId="{D70CE8D3-4DD4-4BDF-AADA-8FA3B2B3BB49}"/></Property><Property i:type="SingletonObject" propertyId="GranteeName" settable="1"><Value i:type="ObjectValue" classId="Group" objectId="S-1-96-858091107-1634755396-1852403044-1127359859-858092911-1869768516-628322421-1667515186-1665413925-1127359856-858088292-1953392964-1634628197-50331756"><Property i:type="SingletonString" propertyId="DisplayName"><Value>cpadmins</Value></Property><Property i:type="SingletonString" propertyId="Id"><Value>S-1-96-858091107-1634755396-1852403044-1127359859-858092911-1869768516-628322421-1667515186-1665413925-1127359856-858088292-1953392964-1634628197-50331756</Value></Property><Property i:type="SingletonString" propertyId="Name" settable="1"><Value>cn=cpadmins,ou=groups,dc=cp,dc=internal</Value></Property><Property i:type="SingletonString" propertyId="ShortName"><Value>cpadmins</Value></Property></Value></Property><Property i:type="SingletonInteger32" propertyId="InheritableDepth" settable="1"><Value>0</Value></Property></Value><Value i:type="DependentObjectType" classId="AccessPermission"><Property i:type="SingletonInteger32" propertyId="AccessMask" settable="1"><Value>998903</Value></Property><Property i:type="SingletonInteger32" propertyId="AccessType" settable="1"><Value>1</Value></Property><Property i:type="SingletonObject" propertyId="ClassDescription" settable="1"><Value i:type="ObjectReference" classId="ClassDescription" objectId="{D70CE8D3-4DD4-4BDF-AADA-8FA3B2B3BB49}"/></Property><Property i:type="SingletonObject" propertyId="GranteeName" settable="1"><Value i:type="ObjectValue" classId="Group" objectId="S-1-96-858091107-1970299716-1936876915-1866674725-1144202613-1970238055-841315184-627270723-1885553715-1682125349-1144202595-1702129257-1818324594-67108864"><Property i:type="SingletonString" propertyId="DisplayName"><Value>cpusers</Value></Property><Property i:type="SingletonString" propertyId="Id"><Value>S-1-96-858091107-1970299716-1936876915-1866674725-1144202613-1970238055-841315184-627270723-1885553715-1682125349-1144202595-1702129257-1818324594-67108864</Value></Property><Property i:type="SingletonString" propertyId="Name" settable="1"><Value>cn=cpusers,ou=groups,dc=cp,dc=internal</Value></Property><Property i:type="SingletonString" propertyId="ShortName"><Value>cpusers</Value></Property></Value></Property><Property i:type="SingletonInteger32" propertyId="InheritableDepth" settable="1"><Value>0</Value></Property></Value></Property><Property i:type="SingletonObject" propertyId="SecurityFolder" settable="1"><Value i:type="ObjectSpecification" classId="Folder" path="/IBM Case Manager/Security Configurations/Insurex" objectStore="{E4F3B0DF-4F0D-47C9-B578-6A6F562A46F6}"/></Property><Property i:type="SingletonObject" propertyId="SecurityPolicy" settable="1"/><Property i:type="SingletonObject" propertyId="StorageArea" settable="1"><Value i:type="ObjectReference" classId="StorageArea" objectId="{648B758B-6028-4B9F-8346-6592F8A17E50}" objectStore="{E4F3B0DF-4F0D-47C9-B578-6A6F562A46F6}"/></Property><Property i:type="SingletonObject" propertyId="StoragePolicy" settable="1"><Value i:type="ObjectReference" classId="StoragePolicy" objectId="{BADD86A7-333A-4BF0-B9C9-7249773C0BC3}" objectStore="{E4F3B0DF-4F0D-47C9-B578-6A6F562A46F6}"/></Property><Property i:type="SingletonObject" propertyId="VersionSeries" settable="1"><Value i:type="ObjectReference" classId="VersionSeries" objectId="{903A2580-0000-C349-9C91-21F0358D6C64}" objectStore="{E4F3B0DF-4F0D-47C9-B578-6A6F562A46F6}"/></Property><Property i:type="SingletonInteger32" propertyId="VersionStatus" settable="1"><Value>1</Value></Property></ObjectValue></ExportedObject><ExportedObject><ObjectValue i:type="ObjectValue" classId="DynamicReferentialContainmentRelationship" objectId="{903A2580-0000-C3C2-9CF6-D9F1C04C7FEC}" objectStore="{E4F3B0DF-4F0D-47C9-B578-6A6F562A46F6}" updateSequenceNumber="0" accessAllowed="999423"><Property i:type="SingletonObject" propertyId="ClassDescription" settable="1"><Value i:type="ObjectReference" classId="ClassDescription" objectId="{D32E4F77-AFB2-11D2-8BD6-00E0290F729A}" objectStore="{E4F3B0DF-4F0D-47C9-B578-6A6F562A46F6}"/></Property><Property i:type="SingletonObject" propertyId="ClbTeamspace" settable="1"/><Property i:type="SingletonString" propertyId="ContainmentName" settable="1"><Value>SecurityClaimsManagement</Value></Property><Property i:type="SingletonString" propertyId="Creator" settable="1"><Value>cpadmin</Value></Property><Property i:type="SingletonDateTime" propertyId="DateCreated" settable="1"><Value>2024-06-21T09:34:18.438Z</Value></Property><Property i:type="SingletonDateTime" propertyId="DateLastModified" settable="1"><Value>2024-06-21T09:34:18.438Z</Value></Property><Property i:type="ListOfObject" propertyId="ExternalReplicaIdentities" settable="1"/><Property i:type="SingletonObject" propertyId="Head" settable="1"><Value i:type="ObjectReference" classId="Document" objectId="{903A2580-0000-C28E-B79D-7F1D8AD0AABF}" objectStore="{E4F3B0DF-4F0D-47C9-B578-6A6F562A46F6}"/></Property><Property i:type="SingletonString" propertyId="LastModifier" settable="1"><Value>cpadmin</Value></Property><Property i:type="SingletonString" propertyId="Name" settable="1"><Value>SecurityClaimsManagement</Value></Property><Property i:type="SingletonObject" propertyId="Tail" settable="1"><Value i:type="ObjectSpecification" classId="Folder" path="/IBM Case Manager/Security Configurations/Insurex" objectStore="{E4F3B0DF-4F0D-47C9-B578-6A6F562A46F6}"/></Property><Property i:type="SingletonObject" propertyId="VersionSeries" settable="1"><Value i:type="ObjectReference" classId="VersionSeries" objectId="{903A2580-0000-C349-9C91-21F0358D6C64}" objectStore="{E4F3B0DF-4F0D-47C9-B578-6A6F562A46F6}"/></Property></ObjectValue></ExportedObject></ExportedObjects>