<?xml version="1.0" encoding="UTF-8"?>
<ExportObjectList version="1">
	<Object>
		<Name>SecurityClaimsManagement</Name>
		<ClassName>Document</ClassName>
		<Id>{903A2580-0000-C28E-B79D-7F1D8AD0AABF}</Id>
		<ObjectStoreId>{E4F3B0DF-4F0D-47C9-B578-6A6F562A46F6}</ObjectStoreId>
	</Object>
	<Object>
		<Name>SecurityClaimsManagement</Name>
		<ClassName>DynamicReferentialContainmentRelationship</ClassName>
		<Id>{903A2580-0000-C3C2-9CF6-D9F1C04C7FEC}</Id>
		<ObjectStoreId>{E4F3B0DF-4F0D-47C9-B578-6A6F562A46F6}</ObjectStoreId>
	</Object>
</ExportObjectList>
