<?xml version="1.0" encoding="UTF-8"?>
<teamworks>
    <process id="1.06ab16c4-4d4c-4c6f-81e4-4c064dc725e6" name="Get Text From File">
        <lastModified>1718654252808</lastModified>
        <lastModifiedBy>cp4admin</lastModifiedBy>
        <tenantId isNull="true" />
        <processId>1.06ab16c4-4d4c-4c6f-81e4-4c064dc725e6</processId>
        <image isNull="true" />
        <tabGroup isNull="true" />
        <startingProcessItemId>2025.e4726788-0b19-4fb9-8df9-6785e8e5679c</startingProcessItemId>
        <isRootProcess>false</isRootProcess>
        <processType>12</processType>
        <isErrorHandlerEnabled>false</isErrorHandlerEnabled>
        <errorHandlerItemId isNull="true" />
        <isLoggingVariables>false</isLoggingVariables>
        <isTransactional>false</isTransactional>
        <processTimingLevel isNull="true" />
        <participantRef isNull="true" />
        <exposedType>0</exposedType>
        <isTrackingEnabled>true</isTrackingEnabled>
        <xmlData isNull="true" />
        <cachingType>false</cachingType>
        <itemLabel isNull="true" />
        <cacheLength>0</cacheLength>
        <mobileReady>false</mobileReady>
        <sboSyncEnabled>true</sboSyncEnabled>
        <externalId isNull="true" />
        <isSecured>false</isSecured>
        <isAjaxExposed>true</isAjaxExposed>
        <isInvokedAsynchronously>false</isInvokedAsynchronously>
        <isTransactionalFlow>false</isTransactionalFlow>
        <description isNull="true" />
        <guid>guid:8b0c8ed1dccfb194:-60544698:18f06b936dc:-7bb4</guid>
        <versionId>0f2cfc5c-2b22-40de-920c-a06571434156</versionId>
        <dependencySummary>&lt;dependencySummary id="bpdid:5733966303c98ceb:54e7d30:18fe44fdd7b:-7046" /&gt;</dependencySummary>
        <jsonData>{"rootElement":[{"flowElement":[{"parallelMultiple":false,"outgoing":["2027.a66e4519-4cef-486b-8b6c-612380386b6f"],"isInterrupting":false,"extensionElements":{"nodeVisualInfo":[{"color":"#F8F8F8","width":24,"x":25,"y":80,"declaredType":"TNodeVisualInfo","height":24}]},"name":"Start","declaredType":"startEvent","id":"c7bd9f65-4308-4420-8003-0c69dcce785f"},{"incoming":["d871d028-47f2-4939-89b7-460c4b3ed12a"],"extensionElements":{"nodeVisualInfo":[{"color":"#F8F8F8","width":24,"x":650,"y":80,"declaredType":"TNodeVisualInfo","height":24}],"endStateId":["guid:8b0c8ed1dccfb194:-60544698:18f06b936dc:-7bb2"],"saveExecutionContext":[true]},"name":"End","declaredType":"endEvent","id":"58c50868-4e94-4995-85e2-c5c7df30f8c8"},{"targetRef":"e4726788-0b19-4fb9-8df9-6785e8e5679c","extensionElements":{"linkVisualInfo":[{"sourcePortLocation":"rightCenter","showCoachControlLabel":false,"labelPosition":0.0,"targetPortLocation":"leftCenter","declaredType":"TLinkVisualInfo","saveExecutionContext":false,"showLabel":false}]},"name":"To Get content ","declaredType":"sequenceFlow","id":"2027.a66e4519-4cef-486b-8b6c-612380386b6f","sourceRef":"c7bd9f65-4308-4420-8003-0c69dcce785f"},{"outgoing":["229a81cf-345b-45fc-81fe-0dae55419b41"],"incoming":["2027.a66e4519-4cef-486b-8b6c-612380386b6f"],"matchAllSearchCriteria":true,"extensionElements":{"nodeVisualInfo":[{"width":95,"x":289,"y":57,"declaredType":"TNodeVisualInfo","height":70}],"activityType":["ContentTask"]},"operationRef":"DOC_OP_GET_DOCUMENT_CONTENT","implementation":"##WebService","serverName":"IBM_TargetObjectStore","declaredType":"com.ibm.bpmsdk.model.bpmn20.ibmwleext.TContentTask","startQuantity":1,"name":"Get content ","dataInputAssociation":[{"targetRef":"DOCUMENT_ID","assignment":[{"from":{"evaluatesToTypeRef":"itm.12.db884a3c-c533-44b7-bb2d-47bec8ad4022","declaredType":"TFormalExpression","content":["tw.local.DocID"]}}]}],"isForCompensation":false,"useMappedVariable":true,"completionQuantity":1,"id":"e4726788-0b19-4fb9-8df9-6785e8e5679c","dataOutputAssociation":[{"assignment":[{"to":{"evaluatesToTypeRef":"itm.12.918ac73f-6d4a-415e-ad3d-72dfa1b01abf","declaredType":"TFormalExpression","content":["tw.local.contentStream"]}}],"sourceRef":["CONTENT_STREAM"]}],"orderOverride":false},{"targetRef":"61ded047-305e-4483-8f04-f73d032f91f8","extensionElements":{"sequenceFlowImplementation":[{"fireValidation":"Never","sboSyncEnabled":true,"declaredType":"com.ibm.bpmsdk.model.bpmn20.ibmext.TSequenceFlowImplementation"}],"linkVisualInfo":[{"sourcePortLocation":"rightCenter","showCoachControlLabel":false,"labelPosition":0.0,"targetPortLocation":"leftCenter","declaredType":"TLinkVisualInfo","saveExecutionContext":true,"showLabel":false}]},"name":"To Convet Base64ToText","declaredType":"sequenceFlow","id":"229a81cf-345b-45fc-81fe-0dae55419b41","sourceRef":"e4726788-0b19-4fb9-8df9-6785e8e5679c"},{"itemSubjectRef":"itm.12.918ac73f-6d4a-415e-ad3d-72dfa1b01abf","name":"contentStream","isCollection":false,"declaredType":"dataObject","id":"2056.bb10c902-b406-4fc1-8179-a5fc0e542496"},{"startQuantity":1,"outgoing":["d871d028-47f2-4939-89b7-460c4b3ed12a"],"incoming":["229a81cf-345b-45fc-81fe-0dae55419b41"],"extensionElements":{"nodeVisualInfo":[{"width":95,"x":447,"y":57,"declaredType":"TNodeVisualInfo","height":70}]},"name":"Convet Base64ToText","isForCompensation":false,"completionQuantity":1,"declaredType":"scriptTask","id":"61ded047-305e-4483-8f04-f73d032f91f8","scriptFormat":"text\/x-javascript","script":{"content":["if(tw.local.base64){\n\ttw.local.Text = tw.local.contentStream.content;\n\t}\nelse {\n\tvar bytesValue = Packages.javax.xml.bind.DatatypeConverter.parseBase64Binary(tw.local.contentStream.content);\n\tvar value = new Packages.java.lang.String(bytesValue , \"UTF-8\");\n\ttw.local.Text = value;\n\t\n\t\n}"]}},{"targetRef":"58c50868-4e94-4995-85e2-c5c7df30f8c8","extensionElements":{"sequenceFlowImplementation":[{"fireValidation":"Never","sboSyncEnabled":true,"declaredType":"com.ibm.bpmsdk.model.bpmn20.ibmext.TSequenceFlowImplementation"}],"linkVisualInfo":[{"sourcePortLocation":"rightCenter","showCoachControlLabel":false,"labelPosition":0.0,"targetPortLocation":"leftCenter","declaredType":"TLinkVisualInfo","saveExecutionContext":true,"showLabel":false}]},"name":"To End","declaredType":"sequenceFlow","id":"d871d028-47f2-4939-89b7-460c4b3ed12a","sourceRef":"61ded047-305e-4483-8f04-f73d032f91f8"}],"laneSet":[{"id":"897dcd10-277d-4ed6-803b-cf1be910300d","lane":[{"flowNodeRef":["c7bd9f65-4308-4420-8003-0c69dcce785f","58c50868-4e94-4995-85e2-c5c7df30f8c8","e4726788-0b19-4fb9-8df9-6785e8e5679c","61ded047-305e-4483-8f04-f73d032f91f8"],"extensionElements":{"nodeVisualInfo":[{"color":"#F8F8F8","width":3000,"x":0,"y":0,"declaredType":"TNodeVisualInfo","height":500}]},"name":"System","partitionElementRef":"24.6fd38d02-81cf-48ab-bd42-8ff4c0a1628b","declaredType":"lane","id":"dffb9a8d-bbc6-451a-81ae-0d0b94f5579d","otherAttributes":{"{http:\/\/www.ibm.com\/xmlns\/prod\/bpm\/bpmn\/ext\/process\/wle}isSystemLane":"true"}}]}],"isClosed":false,"extensionElements":{"isSecured":[false],"isAjaxExposed":[true],"isTransactionalFlow":[false],"sboSyncEnabled":[true],"isInvokedAsynchronously":[false]},"documentation":[{"textFormat":"text\/plain"}],"name":"Get Text From File","declaredType":"process","id":"1.06ab16c4-4d4c-4c6f-81e4-4c064dc725e6","processType":"None","otherAttributes":{"{http:\/\/www.ibm.com\/xmlns\/prod\/bpm\/bpmn\/ext\/process}executionMode":"microflow"},"ioSpecification":{"dataOutput":[{"itemSubjectRef":"itm.12.db884a3c-c533-44b7-bb2d-47bec8ad4022","name":"Text","isCollection":false,"id":"2055.98bd1354-e093-4b6b-827d-57f4abe94592"}],"inputSet":[{"dataInputRefs":["2055.2b49033b-357a-4be6-88d5-f20d0cae7642","2055.deb7bc28-152b-4bab-8409-af3fae6815de"]}],"outputSet":[{"dataOutputRefs":["2055.98bd1354-e093-4b6b-827d-57f4abe94592"]}],"dataInput":[{"extensionElements":{"defaultValue":[{"declaredType":"com.ibm.bpmsdk.model.bpmn20.ibmext.TDefaultValue","useDefault":true,"value":"\"idd_90270C80-0005-C10A-BD76-377D21752326\""}]},"itemSubjectRef":"itm.12.db884a3c-c533-44b7-bb2d-47bec8ad4022","name":"DocID","isCollection":false,"id":"2055.2b49033b-357a-4be6-88d5-f20d0cae7642"},{"extensionElements":{"defaultValue":[{"declaredType":"com.ibm.bpmsdk.model.bpmn20.ibmext.TDefaultValue","useDefault":true,"value":"false"}]},"itemSubjectRef":"itm.12.83ff975e-8dbc-42e5-b738-fa8bc08274a2","name":"base64","isCollection":false,"id":"2055.deb7bc28-152b-4bab-8409-af3fae6815de"}]}}],"targetNamespace":"","typeLanguage":"http:\/\/www.w3.org\/2001\/XMLSchema","expressionLanguage":"http:\/\/www.ibm.com\/xmlns\/prod\/bpm\/expression-lang\/javascript"}</jsonData>
        <field1 isNull="true" />
        <field2 isNull="true" />
        <field3>0</field3>
        <field4 isNull="true" />
        <field5>false</field5>
        <clobField1 isNull="true" />
        <blobField1 isNull="true" />
        <processParameter name="DocID">
            <lastModified isNull="true" />
            <lastModifiedBy isNull="true" />
            <tenantId isNull="true" />
            <processParameterId>2055.2b49033b-357a-4be6-88d5-f20d0cae7642</processParameterId>
            <processId>1.06ab16c4-4d4c-4c6f-81e4-4c064dc725e6</processId>
            <parameterType>1</parameterType>
            <isArrayOf>false</isArrayOf>
            <classId>f9bfad03-1cba-408d-921f-41cfbdd4600c/12.db884a3c-c533-44b7-bb2d-47bec8ad4022</classId>
            <seq>1</seq>
            <hasDefault>true</hasDefault>
            <defaultValue>"idd_90270C80-0005-C10A-BD76-377D21752326"</defaultValue>
            <isLocked>false</isLocked>
            <description isNull="true" />
            <guid>guid:ed470c1f-0adf-4a80-80ca-f9cc7e226021</guid>
            <versionId>167f5d42-d6be-42f1-9207-d82f54519ae3</versionId>
        </processParameter>
        <processParameter name="base64">
            <lastModified isNull="true" />
            <lastModifiedBy isNull="true" />
            <tenantId isNull="true" />
            <processParameterId>2055.deb7bc28-152b-4bab-8409-af3fae6815de</processParameterId>
            <processId>1.06ab16c4-4d4c-4c6f-81e4-4c064dc725e6</processId>
            <parameterType>1</parameterType>
            <isArrayOf>false</isArrayOf>
            <classId>f9bfad03-1cba-408d-921f-41cfbdd4600c/12.83ff975e-8dbc-42e5-b738-fa8bc08274a2</classId>
            <seq>2</seq>
            <hasDefault>true</hasDefault>
            <defaultValue>false</defaultValue>
            <isLocked>false</isLocked>
            <description isNull="true" />
            <guid>guid:2537a015-d24b-4b6d-aaf8-34abd1c3e8f8</guid>
            <versionId>81597f29-6b20-4309-a03c-52fc5d3446b0</versionId>
        </processParameter>
        <processParameter name="Text">
            <lastModified isNull="true" />
            <lastModifiedBy isNull="true" />
            <tenantId isNull="true" />
            <processParameterId>2055.98bd1354-e093-4b6b-827d-57f4abe94592</processParameterId>
            <processId>1.06ab16c4-4d4c-4c6f-81e4-4c064dc725e6</processId>
            <parameterType>2</parameterType>
            <isArrayOf>false</isArrayOf>
            <classId>f9bfad03-1cba-408d-921f-41cfbdd4600c/12.db884a3c-c533-44b7-bb2d-47bec8ad4022</classId>
            <seq>3</seq>
            <hasDefault>false</hasDefault>
            <defaultValue isNull="true" />
            <isLocked>false</isLocked>
            <description isNull="true" />
            <guid>guid:4b283e02-672b-407d-ab7c-7138fe97d16c</guid>
            <versionId>19eff055-c7a5-473f-bddf-8d97493ae704</versionId>
        </processParameter>
        <processParameter name="ECMError">
            <lastModified isNull="true" />
            <lastModifiedBy isNull="true" />
            <tenantId isNull="true" />
            <processParameterId>2055.4949557a-120e-4e8d-ac32-faa4eb801fc9</processParameterId>
            <processId>1.06ab16c4-4d4c-4c6f-81e4-4c064dc725e6</processId>
            <parameterType>3</parameterType>
            <isArrayOf>false</isArrayOf>
            <classId>eb06c578-2751-4f88-8d83-11ae81f27089/12.bfb48b9b-8247-49fb-8f78-82b738b817a6</classId>
            <seq>29</seq>
            <hasDefault>false</hasDefault>
            <defaultValue>ECMError</defaultValue>
            <isLocked>false</isLocked>
            <description isNull="true" />
            <guid>guid:4949557a-120e-4e8d-ac32-faa4eb801fc9</guid>
            <versionId>58f9bb08-1c1d-44f6-899b-ddf37b4da3b0</versionId>
        </processParameter>
        <processVariable name="contentStream">
            <lastModified isNull="true" />
            <lastModifiedBy isNull="true" />
            <tenantId isNull="true" />
            <processVariableId>2056.bb10c902-b406-4fc1-8179-a5fc0e542496</processVariableId>
            <description isNull="true" />
            <processId>1.06ab16c4-4d4c-4c6f-81e4-4c064dc725e6</processId>
            <namespace>2</namespace>
            <seq>1</seq>
            <isArrayOf>false</isArrayOf>
            <isTransient>false</isTransient>
            <classId>eb06c578-2751-4f88-8d83-11ae81f27089/12.918ac73f-6d4a-415e-ad3d-72dfa1b01abf</classId>
            <hasDefault>false</hasDefault>
            <defaultValue isNull="true" />
            <guid>guid:0745e58e-611b-4ea3-925b-d6d165276196</guid>
            <versionId>640108be-8460-4007-846e-312935e3d4bd</versionId>
        </processVariable>
        <item>
            <lastModified isNull="true" />
            <lastModifiedBy isNull="true" />
            <tenantId isNull="true" />
            <processItemId>2025.e4726788-0b19-4fb9-8df9-6785e8e5679c</processItemId>
            <processId>1.06ab16c4-4d4c-4c6f-81e4-4c064dc725e6</processId>
            <name>Get content </name>
            <tWComponentName>ECMConnector</tWComponentName>
            <tWComponentId>3030.92df36a3-9f59-4860-bda4-d3ffb3ea6a45</tWComponentId>
            <isLogEnabled>false</isLogEnabled>
            <isTraceEnabled>false</isTraceEnabled>
            <traceCategory isNull="true" />
            <traceLevel isNull="true" />
            <traceMessage isNull="true" />
            <traceSymbolTable isNull="true" />
            <isExecutionContextTraced>false</isExecutionContextTraced>
            <saveExecutionContext>false</saveExecutionContext>
            <documentation isNull="true" />
            <isErrorHandlerEnabled>false</isErrorHandlerEnabled>
            <errorHandlerItemId isNull="true" />
            <guid>guid:8b0c8ed1dccfb194:-60544698:18f06b936dc:-7bb0</guid>
            <versionId>6fb0d6f0-1824-47e5-b1c8-9d37ee411758</versionId>
            <externalServiceRef isNull="true" />
            <externalServiceOp isNull="true" />
            <nodeColor isNull="true" />
            <layoutData x="289" y="57">
                <errorLink>
                    <controlPoints />
                    <showEndState>false</showEndState>
                    <showName>false</showName>
                </errorLink>
            </layoutData>
            <TWComponent>
                <lastModified isNull="true" />
                <lastModifiedBy isNull="true" />
                <tenantId isNull="true" />
                <ecmConnectorId>3030.92df36a3-9f59-4860-bda4-d3ffb3ea6a45</ecmConnectorId>
                <definition>&lt;config type="com.lombardisoftware.client.persistence.ECMConnectorConfiguration"&gt;
  &lt;inputParameters&gt;
    &lt;parameter&gt;
      &lt;name&gt;documentId&lt;/name&gt;
      &lt;type&gt;ECMID&lt;/type&gt;
      &lt;description /&gt;
      &lt;defaultValue /&gt;
      &lt;argumentVariable&gt;tw.local.DocID&lt;/argumentVariable&gt;
      &lt;isArray /&gt;
      &lt;isList&gt;false&lt;/isList&gt;
    &lt;/parameter&gt;
    &lt;parameter&gt;
      &lt;name&gt;serverName&lt;/name&gt;
      &lt;type&gt;String&lt;/type&gt;
      &lt;description /&gt;
      &lt;defaultValue /&gt;
      &lt;isArray /&gt;
      &lt;isList&gt;false&lt;/isList&gt;
    &lt;/parameter&gt;
  &lt;/inputParameters&gt;
  &lt;outputParameters&gt;
    &lt;parameter&gt;
      &lt;name&gt;contentStream&lt;/name&gt;
      &lt;type&gt;ECMContentStream&lt;/type&gt;
      &lt;description /&gt;
      &lt;defaultValue /&gt;
      &lt;argumentVariable&gt;tw.local.contentStream&lt;/argumentVariable&gt;
      &lt;isArray /&gt;
      &lt;isList&gt;false&lt;/isList&gt;
    &lt;/parameter&gt;
  &lt;/outputParameters&gt;
  &lt;matchAllSearchCriteria&gt;true&lt;/matchAllSearchCriteria&gt;
  &lt;searchParameters /&gt;
  &lt;selectParameters /&gt;
  &lt;orderOverride&gt;false&lt;/orderOverride&gt;
  &lt;orderOverrideValue /&gt;
  &lt;operationType&gt;DOC_OP_GET_DOCUMENT_CONTENT&lt;/operationType&gt;
  &lt;server&gt;IBM_TargetObjectStore&lt;/server&gt;
  &lt;objectTypeSelection&gt;DOCUMENT&lt;/objectTypeSelection&gt;
  &lt;useMappedVariable&gt;true&lt;/useMappedVariable&gt;
&lt;/config&gt;</definition>
                <guid>guid:92df36a3-9f59-4860-bda4-d3ffb3ea6a45</guid>
                <versionId>cb783aef-71a8-4635-a766-c7cd3f7a260b</versionId>
            </TWComponent>
        </item>
        <item>
            <lastModified isNull="true" />
            <lastModifiedBy isNull="true" />
            <tenantId isNull="true" />
            <processItemId>2025.61ded047-305e-4483-8f04-f73d032f91f8</processItemId>
            <processId>1.06ab16c4-4d4c-4c6f-81e4-4c064dc725e6</processId>
            <name>Convet Base64ToText</name>
            <tWComponentName>Script</tWComponentName>
            <tWComponentId>3011.44633008-fb3b-4341-b2d2-45d7a441c0c6</tWComponentId>
            <isLogEnabled>false</isLogEnabled>
            <isTraceEnabled>false</isTraceEnabled>
            <traceCategory isNull="true" />
            <traceLevel isNull="true" />
            <traceMessage isNull="true" />
            <traceSymbolTable isNull="true" />
            <isExecutionContextTraced>false</isExecutionContextTraced>
            <saveExecutionContext>false</saveExecutionContext>
            <documentation isNull="true" />
            <isErrorHandlerEnabled>false</isErrorHandlerEnabled>
            <errorHandlerItemId isNull="true" />
            <guid>guid:8b0c8ed1dccfb194:-60544698:18f06b936dc:-7baf</guid>
            <versionId>0167968a-ea08-4022-8eed-df1f46c06929</versionId>
            <externalServiceRef isNull="true" />
            <externalServiceOp isNull="true" />
            <nodeColor isNull="true" />
            <layoutData x="447" y="57">
                <errorLink>
                    <controlPoints />
                    <showEndState>false</showEndState>
                    <showName>false</showName>
                </errorLink>
            </layoutData>
            <TWComponent>
                <lastModified isNull="true" />
                <lastModifiedBy isNull="true" />
                <tenantId isNull="true" />
                <scriptId>3011.44633008-fb3b-4341-b2d2-45d7a441c0c6</scriptId>
                <scriptTypeId>2</scriptTypeId>
                <isActive>true</isActive>
                <script>if(tw.local.base64){
	tw.local.Text = tw.local.contentStream.content;
	}
else {
	var bytesValue = Packages.javax.xml.bind.DatatypeConverter.parseBase64Binary(tw.local.contentStream.content);
	var value = new Packages.java.lang.String(bytesValue , "UTF-8");
	tw.local.Text = value;
	
	
}</script>
                <isRule>false</isRule>
                <guid>guid:cb286360-80c5-40d1-8749-61c4835b3ba3</guid>
                <versionId>9fb0fca2-2509-401d-ab2c-86ecda0ac272</versionId>
            </TWComponent>
        </item>
        <item>
            <lastModified isNull="true" />
            <lastModifiedBy isNull="true" />
            <tenantId isNull="true" />
            <processItemId>2025.58c50868-4e94-4995-85e2-c5c7df30f8c8</processItemId>
            <processId>1.06ab16c4-4d4c-4c6f-81e4-4c064dc725e6</processId>
            <name>End</name>
            <tWComponentName>ExitPoint</tWComponentName>
            <tWComponentId>3008.e1e8f365-35ad-4f9d-b72b-53faf821ad2a</tWComponentId>
            <isLogEnabled>false</isLogEnabled>
            <isTraceEnabled>false</isTraceEnabled>
            <traceCategory isNull="true" />
            <traceLevel isNull="true" />
            <traceMessage isNull="true" />
            <traceSymbolTable isNull="true" />
            <isExecutionContextTraced>false</isExecutionContextTraced>
            <saveExecutionContext>true</saveExecutionContext>
            <documentation isNull="true" />
            <isErrorHandlerEnabled>false</isErrorHandlerEnabled>
            <errorHandlerItemId isNull="true" />
            <guid>guid:8b0c8ed1dccfb194:-60544698:18f06b936dc:-7bb2</guid>
            <versionId>5778b0f2-1b77-467d-a4c0-2b0d478ad7de</versionId>
            <externalServiceRef isNull="true" />
            <externalServiceOp isNull="true" />
            <nodeColor isNull="true" />
            <layoutData x="650" y="80">
                <errorLink>
                    <controlPoints />
                    <showEndState>false</showEndState>
                    <showName>false</showName>
                </errorLink>
            </layoutData>
            <TWComponent>
                <lastModified isNull="true" />
                <lastModifiedBy isNull="true" />
                <tenantId isNull="true" />
                <exitPointId>3008.e1e8f365-35ad-4f9d-b72b-53faf821ad2a</exitPointId>
                <haltProcess>false</haltProcess>
                <guid>guid:fa655251-a473-4ae4-8d20-78d914a5ae12</guid>
                <versionId>f766e7eb-c925-4104-b533-e2871c7281b8</versionId>
            </TWComponent>
        </item>
        <startingProcessItemId>2025.e4726788-0b19-4fb9-8df9-6785e8e5679c</startingProcessItemId>
        <errorHandlerItemId isNull="true" />
        <layoutData noConversion="true">
            <errorLink>
                <controlPoints />
                <showEndState>false</showEndState>
                <showName>false</showName>
            </errorLink>
        </layoutData>
        <startPoint>
            <layoutData x="25" y="80">
                <errorLink>
                    <controlPoints />
                    <showEndState>false</showEndState>
                    <showName>false</showName>
                </errorLink>
            </layoutData>
        </startPoint>
        <startLink>
            <fromPort locationId="rightCenter" portType="1" />
            <toPort locationId="leftCenter" portType="2" />
            <layoutData>
                <controlPoints />
                <showEndState>false</showEndState>
                <showName>false</showName>
            </layoutData>
        </startLink>
        <bpmn2Model>
            <ns16:definitions xmlns:ns16="http://www.omg.org/spec/BPMN/20100524/MODEL" xmlns:ns2="http://www.ibm.com/xmlns/prod/bpm/bpmn/ext/process" xmlns:ns3="http://www.ibm.com/xmlns/prod/bpm/bpmn/ext/process/wle" xmlns:ns4="http://www.ibm.com/xmlns/prod/bpm/bpmn/ext/process/case" xmlns:ns5="http://www.ibm.com/bpm/Extensions" xmlns:ns6="http://www.ibm.com/xmlns/prod/bpm/uca" xmlns:ns7="http://www.ibm.com/xmlns/prod/bpm/bpmn/ext/team" xmlns:ns8="http://www.ibm.com/xmlns/prod/bpm/bpmn/ext/trackinggroup" xmlns:ns9="http://www.ibm.com/xmlns/bpmnx/20100524/v1/BusinessVocabulary" xmlns:ns10="http://www.omg.org/spec/DD/20100524/DI" xmlns:ns11="http://www.omg.org/spec/DD/20100524/DC" xmlns:ns12="http://www.omg.org/spec/BPMN/20100524/BPMNDI" xmlns:ns13="http://www.ibm.com/xmlns/prod/bpm/graph" xmlns:ns14="http://www.ibm.com/xmlns/prod/bpm/bpmn/ext/process/auth" xmlns:ns15="http://www.ibm.com/xmlns/prod/bpm/bpmn/ext/extservice" xmlns:ns17="http://www.ibm.com/bpm/processappsettings" xmlns:ns18="http://www.ibm.com/xmlns/links" xmlns:ns19="http://www.ibm.com/bpm/CoachDesignerNG" xmlns:ns20="http://www.ibm.com/xmlns/tagging" xmlns:ns21="http://www.ibm.com/bpm/uitheme" xmlns:ns22="http://www.ibm.com/bpm/coachview" targetNamespace="" expressionLanguage="http://www.ibm.com/xmlns/prod/bpm/expression-lang/javascript" typeLanguage="http://www.w3.org/2001/XMLSchema">
                <ns16:process name="Get Text From File" id="1.06ab16c4-4d4c-4c6f-81e4-4c064dc725e6" ns2:executionMode="microflow">
                    <ns16:documentation textFormat="text/plain" />
                    <ns16:extensionElements>
                        <ns2:isTransactionalFlow>false</ns2:isTransactionalFlow>
                        <ns2:sboSyncEnabled>true</ns2:sboSyncEnabled>
                        <ns2:isInvokedAsynchronously>false</ns2:isInvokedAsynchronously>
                        <ns2:isSecured>false</ns2:isSecured>
                        <ns2:isAjaxExposed>true</ns2:isAjaxExposed>
                    </ns16:extensionElements>
                    <ns16:ioSpecification>
                        <ns16:dataInput name="DocID" itemSubjectRef="itm.12.db884a3c-c533-44b7-bb2d-47bec8ad4022" isCollection="false" id="2055.2b49033b-357a-4be6-88d5-f20d0cae7642">
                            <ns16:extensionElements>
                                <ns2:defaultValue useDefault="true">"idd_90270C80-0005-C10A-BD76-377D21752326"</ns2:defaultValue>
                            </ns16:extensionElements>
                        </ns16:dataInput>
                        <ns16:dataInput name="base64" itemSubjectRef="itm.12.83ff975e-8dbc-42e5-b738-fa8bc08274a2" isCollection="false" id="2055.deb7bc28-152b-4bab-8409-af3fae6815de">
                            <ns16:extensionElements>
                                <ns2:defaultValue useDefault="true">false</ns2:defaultValue>
                            </ns16:extensionElements>
                        </ns16:dataInput>
                        <ns16:dataOutput name="Text" itemSubjectRef="itm.12.db884a3c-c533-44b7-bb2d-47bec8ad4022" isCollection="false" id="2055.98bd1354-e093-4b6b-827d-57f4abe94592" />
                        <ns16:inputSet>
                            <ns16:dataInputRefs>2055.2b49033b-357a-4be6-88d5-f20d0cae7642</ns16:dataInputRefs>
                            <ns16:dataInputRefs>2055.deb7bc28-152b-4bab-8409-af3fae6815de</ns16:dataInputRefs>
                        </ns16:inputSet>
                        <ns16:outputSet>
                            <ns16:dataOutputRefs>2055.98bd1354-e093-4b6b-827d-57f4abe94592</ns16:dataOutputRefs>
                        </ns16:outputSet>
                    </ns16:ioSpecification>
                    <ns16:laneSet id="897dcd10-277d-4ed6-803b-cf1be910300d">
                        <ns16:lane name="System" partitionElementRef="24.6fd38d02-81cf-48ab-bd42-8ff4c0a1628b" id="dffb9a8d-bbc6-451a-81ae-0d0b94f5579d" ns3:isSystemLane="true">
                            <ns16:extensionElements>
                                <ns13:nodeVisualInfo x="0" y="0" width="3000" height="500" color="#F8F8F8" />
                            </ns16:extensionElements>
                            <ns16:flowNodeRef>c7bd9f65-4308-4420-8003-0c69dcce785f</ns16:flowNodeRef>
                            <ns16:flowNodeRef>58c50868-4e94-4995-85e2-c5c7df30f8c8</ns16:flowNodeRef>
                            <ns16:flowNodeRef>e4726788-0b19-4fb9-8df9-6785e8e5679c</ns16:flowNodeRef>
                            <ns16:flowNodeRef>61ded047-305e-4483-8f04-f73d032f91f8</ns16:flowNodeRef>
                        </ns16:lane>
                    </ns16:laneSet>
                    <ns16:startEvent isInterrupting="false" parallelMultiple="false" name="Start" id="c7bd9f65-4308-4420-8003-0c69dcce785f">
                        <ns16:extensionElements>
                            <ns13:nodeVisualInfo x="25" y="80" width="24" height="24" color="#F8F8F8" />
                        </ns16:extensionElements>
                        <ns16:outgoing>2027.a66e4519-4cef-486b-8b6c-612380386b6f</ns16:outgoing>
                    </ns16:startEvent>
                    <ns16:endEvent name="End" id="58c50868-4e94-4995-85e2-c5c7df30f8c8">
                        <ns16:extensionElements>
                            <ns13:nodeVisualInfo x="650" y="80" width="24" height="24" color="#F8F8F8" />
                            <ns3:saveExecutionContext>true</ns3:saveExecutionContext>
                            <ns2:endStateId>guid:8b0c8ed1dccfb194:-60544698:18f06b936dc:-7bb2</ns2:endStateId>
                        </ns16:extensionElements>
                        <ns16:incoming>d871d028-47f2-4939-89b7-460c4b3ed12a</ns16:incoming>
                    </ns16:endEvent>
                    <ns16:sequenceFlow sourceRef="c7bd9f65-4308-4420-8003-0c69dcce785f" targetRef="e4726788-0b19-4fb9-8df9-6785e8e5679c" name="To Get content " id="2027.a66e4519-4cef-486b-8b6c-612380386b6f">
                        <ns16:extensionElements>
                            <ns13:linkVisualInfo>
                                <ns13:sourcePortLocation>rightCenter</ns13:sourcePortLocation>
                                <ns13:targetPortLocation>leftCenter</ns13:targetPortLocation>
                                <ns13:showLabel>false</ns13:showLabel>
                                <ns13:showCoachControlLabel>false</ns13:showCoachControlLabel>
                                <ns13:labelPosition>0.0</ns13:labelPosition>
                                <ns13:saveExecutionContext>false</ns13:saveExecutionContext>
                            </ns13:linkVisualInfo>
                        </ns16:extensionElements>
                    </ns16:sequenceFlow>
                    <ns3:contentTask serverName="IBM_TargetObjectStore" operationRef="DOC_OP_GET_DOCUMENT_CONTENT" name="Get content " id="e4726788-0b19-4fb9-8df9-6785e8e5679c">
                        <ns16:extensionElements>
                            <ns13:nodeVisualInfo x="289" y="57" width="95" height="70" />
                            <ns3:activityType>ContentTask</ns3:activityType>
                        </ns16:extensionElements>
                        <ns16:incoming>2027.a66e4519-4cef-486b-8b6c-612380386b6f</ns16:incoming>
                        <ns16:outgoing>229a81cf-345b-45fc-81fe-0dae55419b41</ns16:outgoing>
                        <ns16:dataInputAssociation>
                            <ns16:targetRef>DOCUMENT_ID</ns16:targetRef>
                            <ns16:assignment>
                                <ns16:from xmlns:xsi="http://www.w3.org/2001/XMLSchema-instance" xsi:type="ns16:tFormalExpression" evaluatesToTypeRef="itm.12.db884a3c-c533-44b7-bb2d-47bec8ad4022">tw.local.DocID</ns16:from>
                            </ns16:assignment>
                        </ns16:dataInputAssociation>
                        <ns16:dataOutputAssociation>
                            <ns16:sourceRef>CONTENT_STREAM</ns16:sourceRef>
                            <ns16:assignment>
                                <ns16:to xmlns:xsi="http://www.w3.org/2001/XMLSchema-instance" xsi:type="ns16:tFormalExpression" evaluatesToTypeRef="itm.12.918ac73f-6d4a-415e-ad3d-72dfa1b01abf">tw.local.contentStream</ns16:to>
                            </ns16:assignment>
                        </ns16:dataOutputAssociation>
                    </ns3:contentTask>
                    <ns16:sequenceFlow sourceRef="e4726788-0b19-4fb9-8df9-6785e8e5679c" targetRef="61ded047-305e-4483-8f04-f73d032f91f8" name="To Convet Base64ToText" id="229a81cf-345b-45fc-81fe-0dae55419b41">
                        <ns16:extensionElements>
                            <ns2:sequenceFlowImplementation sboSyncEnabled="true" />
                            <ns13:linkVisualInfo>
                                <ns13:sourcePortLocation>rightCenter</ns13:sourcePortLocation>
                                <ns13:targetPortLocation>leftCenter</ns13:targetPortLocation>
                                <ns13:showLabel>false</ns13:showLabel>
                                <ns13:showCoachControlLabel>false</ns13:showCoachControlLabel>
                                <ns13:labelPosition>0.0</ns13:labelPosition>
                                <ns13:saveExecutionContext>true</ns13:saveExecutionContext>
                            </ns13:linkVisualInfo>
                        </ns16:extensionElements>
                    </ns16:sequenceFlow>
                    <ns16:dataObject itemSubjectRef="itm.12.918ac73f-6d4a-415e-ad3d-72dfa1b01abf" isCollection="false" name="contentStream" id="2056.bb10c902-b406-4fc1-8179-a5fc0e542496" />
                    <ns16:scriptTask scriptFormat="text/x-javascript" name="Convet Base64ToText" id="61ded047-305e-4483-8f04-f73d032f91f8">
                        <ns16:extensionElements>
                            <ns13:nodeVisualInfo x="447" y="57" width="95" height="70" />
                        </ns16:extensionElements>
                        <ns16:incoming>229a81cf-345b-45fc-81fe-0dae55419b41</ns16:incoming>
                        <ns16:outgoing>d871d028-47f2-4939-89b7-460c4b3ed12a</ns16:outgoing>
                        <ns16:script>if(tw.local.base64){
	tw.local.Text = tw.local.contentStream.content;
	}
else {
	var bytesValue = Packages.javax.xml.bind.DatatypeConverter.parseBase64Binary(tw.local.contentStream.content);
	var value = new Packages.java.lang.String(bytesValue , "UTF-8");
	tw.local.Text = value;
	
	
}</ns16:script>
                    </ns16:scriptTask>
                    <ns16:sequenceFlow sourceRef="61ded047-305e-4483-8f04-f73d032f91f8" targetRef="58c50868-4e94-4995-85e2-c5c7df30f8c8" name="To End" id="d871d028-47f2-4939-89b7-460c4b3ed12a">
                        <ns16:extensionElements>
                            <ns2:sequenceFlowImplementation sboSyncEnabled="true" />
                            <ns13:linkVisualInfo>
                                <ns13:sourcePortLocation>rightCenter</ns13:sourcePortLocation>
                                <ns13:targetPortLocation>leftCenter</ns13:targetPortLocation>
                                <ns13:showLabel>false</ns13:showLabel>
                                <ns13:showCoachControlLabel>false</ns13:showCoachControlLabel>
                                <ns13:labelPosition>0.0</ns13:labelPosition>
                                <ns13:saveExecutionContext>true</ns13:saveExecutionContext>
                            </ns13:linkVisualInfo>
                        </ns16:extensionElements>
                    </ns16:sequenceFlow>
                </ns16:process>
            </ns16:definitions>
        </bpmn2Model>
        <link name="To End">
            <lastModified isNull="true" />
            <lastModifiedBy isNull="true" />
            <tenantId isNull="true" />
            <processLinkId>2027.d871d028-47f2-4939-89b7-460c4b3ed12a</processLinkId>
            <processId>1.06ab16c4-4d4c-4c6f-81e4-4c064dc725e6</processId>
            <description isNull="true" />
            <fromProcessItemId>2025.61ded047-305e-4483-8f04-f73d032f91f8</fromProcessItemId>
            <endStateId>Out</endStateId>
            <toProcessItemId>2025.58c50868-4e94-4995-85e2-c5c7df30f8c8</toProcessItemId>
            <guid>guid:903c3386-169e-4ac1-a8e8-ecb4bb1fc1ca</guid>
            <versionId>1547143f-8100-4f70-b62d-3f6d3fff7b04</versionId>
            <layoutData>
                <controlPoints />
                <showEndState>false</showEndState>
                <showName>false</showName>
            </layoutData>
            <fromItemPort locationId="rightCenter" portType="1" />
            <toItemPort locationId="leftCenter" portType="2" />
            <fromProcessItemId>2025.61ded047-305e-4483-8f04-f73d032f91f8</fromProcessItemId>
            <toProcessItemId>2025.58c50868-4e94-4995-85e2-c5c7df30f8c8</toProcessItemId>
        </link>
        <link name="To Convet Base64ToText">
            <lastModified isNull="true" />
            <lastModifiedBy isNull="true" />
            <tenantId isNull="true" />
            <processLinkId>2027.229a81cf-345b-45fc-81fe-0dae55419b41</processLinkId>
            <processId>1.06ab16c4-4d4c-4c6f-81e4-4c064dc725e6</processId>
            <description isNull="true" />
            <fromProcessItemId>2025.e4726788-0b19-4fb9-8df9-6785e8e5679c</fromProcessItemId>
            <endStateId>Out</endStateId>
            <toProcessItemId>2025.61ded047-305e-4483-8f04-f73d032f91f8</toProcessItemId>
            <guid>guid:7afc7e0a-58e5-4a95-9a71-cf4ec487db66</guid>
            <versionId>86f62a42-cf24-4e99-ba79-a86b7e1db792</versionId>
            <layoutData>
                <controlPoints />
                <showEndState>false</showEndState>
                <showName>false</showName>
            </layoutData>
            <fromItemPort locationId="rightCenter" portType="1" />
            <toItemPort locationId="leftCenter" portType="2" />
            <fromProcessItemId>2025.e4726788-0b19-4fb9-8df9-6785e8e5679c</fromProcessItemId>
            <toProcessItemId>2025.61ded047-305e-4483-8f04-f73d032f91f8</toProcessItemId>
        </link>
    </process>
</teamworks>

