<?xml version="1.0" encoding="UTF-8"?>
<teamworks>
    <process id="1.0b619976-f051-49e0-95ba-44288a06eb1f" name="Generate Document Insurex">
        <lastModified>1715077707556</lastModified>
        <lastModifiedBy>cp4admin</lastModifiedBy>
        <tenantId isNull="true" />
        <processId>1.0b619976-f051-49e0-95ba-44288a06eb1f</processId>
        <image isNull="true" />
        <tabGroup isNull="true" />
        <startingProcessItemId>2025.3bdf93a9-89e0-4ac6-875a-b58ac1e8247e</startingProcessItemId>
        <isRootProcess>false</isRootProcess>
        <processType>12</processType>
        <isErrorHandlerEnabled>false</isErrorHandlerEnabled>
        <errorHandlerItemId isNull="true" />
        <isLoggingVariables>false</isLoggingVariables>
        <isTransactional>false</isTransactional>
        <processTimingLevel isNull="true" />
        <participantRef isNull="true" />
        <exposedType>0</exposedType>
        <isTrackingEnabled>true</isTrackingEnabled>
        <xmlData isNull="true" />
        <cachingType>false</cachingType>
        <itemLabel isNull="true" />
        <cacheLength>0</cacheLength>
        <mobileReady>false</mobileReady>
        <sboSyncEnabled>true</sboSyncEnabled>
        <externalId isNull="true" />
        <isSecured>true</isSecured>
        <isAjaxExposed>true</isAjaxExposed>
        <isInvokedAsynchronously>false</isInvokedAsynchronously>
        <isTransactionalFlow>false</isTransactionalFlow>
        <description isNull="true" />
        <guid>guid:cc90e269813961f2:-6d44b79:18f361f07e6:-6be6</guid>
        <versionId>5b3a27d8-21d1-4ede-975f-04d68e6eedd4</versionId>
        <dependencySummary>&lt;dependencySummary id="bpdid:cc90e269813961f2:-6d44b79:18f361f07e6:-6bd3" /&gt;</dependencySummary>
        <jsonData>{"rootElement":[{"flowElement":[{"parallelMultiple":false,"outgoing":["2027.b95452a0-2bad-4589-8c3f-edfd51e9062c"],"isInterrupting":false,"extensionElements":{"nodeVisualInfo":[{"color":"#F8F8F8","width":24,"x":25,"y":80,"declaredType":"TNodeVisualInfo","height":24}]},"name":"Start","declaredType":"startEvent","id":"ee22b7aa-6b1d-46ae-8177-e048d77aac3a"},{"incoming":["21ea0378-490b-4d1c-887b-9161d777668c"],"extensionElements":{"nodeVisualInfo":[{"color":"#F8F8F8","width":24,"x":650,"y":80,"declaredType":"TNodeVisualInfo","height":24}],"endStateId":["guid:cc90e269813961f2:-6d44b79:18f361f07e6:-6be4"],"saveExecutionContext":[true]},"name":"End","declaredType":"endEvent","id":"2b910ebb-b79b-4496-8f54-004656079abd"},{"targetRef":"3bdf93a9-89e0-4ac6-875a-b58ac1e8247e","extensionElements":{"linkVisualInfo":[{"sourcePortLocation":"rightCenter","showCoachControlLabel":false,"labelPosition":0.0,"targetPortLocation":"leftCenter","declaredType":"TLinkVisualInfo","saveExecutionContext":false,"showLabel":false}]},"name":"To Script task","declaredType":"sequenceFlow","id":"2027.b95452a0-2bad-4589-8c3f-edfd51e9062c","sourceRef":"ee22b7aa-6b1d-46ae-8177-e048d77aac3a"},{"startQuantity":1,"outgoing":["21ea0378-490b-4d1c-887b-9161d777668c"],"incoming":["c4e138e4-6fac-44d5-8b90-3aa1761d2fc4"],"extensionElements":{"nodeVisualInfo":[{"width":95,"x":341,"y":57,"declaredType":"TNodeVisualInfo","height":70}],"activityType":["CalledProcess"]},"name":"Linked service flow","dataInputAssociation":[{"targetRef":"2055.0ab45505-bff5-4cf6-95b6-37324977caac","assignment":[{"from":{"evaluatesToTypeRef":"itm.12.db884a3c-c533-44b7-bb2d-47bec8ad4022","declaredType":"TFormalExpression","content":["tw.local.FolderID"]}}]},{"targetRef":"2055.ef78b179-3553-45d1-8c67-a458fc0dcd40","assignment":[{"from":{"evaluatesToTypeRef":"itm.12.f4cba169-9305-44db-96d9-fe1ce7ce9c2e","declaredType":"TFormalExpression","content":["tw.local.documentRequest"]}}]}],"isForCompensation":false,"completionQuantity":1,"declaredType":"callActivity","id":"770f2cf5-9804-49f4-8b63-ad28e68f8a0b","dataOutputAssociation":[{"assignment":[{"to":{"evaluatesToTypeRef":"itm.12.db884a3c-c533-44b7-bb2d-47bec8ad4022","declaredType":"TFormalExpression","content":["tw.local.DocID"]}}],"sourceRef":["2055.436d2692-215f-432d-a177-bf2fd6f5e9b0"]}],"calledElement":"1.241e1329-7013-4ef7-80f4-bb9f3421c6c8"},{"targetRef":"2b910ebb-b79b-4496-8f54-004656079abd","extensionElements":{"sequenceFlowImplementation":[{"fireValidation":"Never","sboSyncEnabled":true,"declaredType":"com.ibm.bpmsdk.model.bpmn20.ibmext.TSequenceFlowImplementation"}],"endStateId":["guid:61c1878c9f675ffc:-2f4adf07:178cb606ca2:-6e3e"],"linkVisualInfo":[{"sourcePortLocation":"rightCenter","showCoachControlLabel":false,"labelPosition":0.0,"targetPortLocation":"leftCenter","declaredType":"TLinkVisualInfo","saveExecutionContext":true,"showLabel":false}]},"name":"To End","declaredType":"sequenceFlow","id":"21ea0378-490b-4d1c-887b-9161d777668c","sourceRef":"770f2cf5-9804-49f4-8b63-ad28e68f8a0b"},{"startQuantity":1,"outgoing":["c4e138e4-6fac-44d5-8b90-3aa1761d2fc4"],"incoming":["2027.b95452a0-2bad-4589-8c3f-edfd51e9062c"],"extensionElements":{"nodeVisualInfo":[{"width":95,"x":195,"y":57,"declaredType":"TNodeVisualInfo","height":70}]},"name":"Script task","isForCompensation":false,"completionQuantity":1,"declaredType":"scriptTask","id":"3bdf93a9-89e0-4ac6-875a-b58ac1e8247e","scriptFormat":"text\/x-javascript","script":{"content":["var i =0;\ntw.local.Values[i]=tw.local.CustomerName;\ni++;\ntw.local.Values[i]=tw.local.CarBrand;\ni++;\ntw.local.Values[i]=tw.local.PolicyNumber;\ni++;\ntw.local.Values[i]=tw.local.Amount\ni++;\ntw.local.Values[i]=tw.local.Description;\ntw.local.documentRequest.values = tw.local.Values;"]}},{"targetRef":"770f2cf5-9804-49f4-8b63-ad28e68f8a0b","extensionElements":{"linkVisualInfo":[{"sourcePortLocation":"rightCenter","showCoachControlLabel":false,"labelPosition":0.0,"targetPortLocation":"leftCenter","declaredType":"TLinkVisualInfo","saveExecutionContext":false,"showLabel":false}]},"name":"To Linked service flow","declaredType":"sequenceFlow","id":"c4e138e4-6fac-44d5-8b90-3aa1761d2fc4","sourceRef":"3bdf93a9-89e0-4ac6-875a-b58ac1e8247e"},{"extensionElements":{"defaultValue":[{"declaredType":"com.ibm.bpmsdk.model.bpmn20.ibmext.TDefaultValue","useDefault":true,"value":"var autoObject = new tw.object.listOf.toolkit.TWSYS.String();\nautoObject"}]},"itemSubjectRef":"itm.12.db884a3c-c533-44b7-bb2d-47bec8ad4022","name":"Values","isCollection":true,"declaredType":"dataObject","id":"2056.75fbe00d-32c9-4dbf-800d-972e91ac38e6"},{"extensionElements":{"defaultValue":[{"declaredType":"com.ibm.bpmsdk.model.bpmn20.ibmext.TDefaultValue","useDefault":true,"value":"var autoObject = new tw.object.toolkit.TMJ.MergeDocument();\nautoObject.templateName = \"Template_BASE.docx\";\nautoObject.docName = \"Expert Review.docx\";\nautoObject.pdf = false;\nautoObject.values = new tw.object.listOf.toolkit.TWSYS.String();\nautoObject.signature = false;\nautoObject.qrCode = \"AZERTYUIO\";\nautoObject"}]},"itemSubjectRef":"itm.12.f4cba169-9305-44db-96d9-fe1ce7ce9c2e","name":"documentRequest","isCollection":false,"declaredType":"dataObject","id":"2056.d1a37dbd-f02f-42ae-8d3d-a27f878faa54"}],"laneSet":[{"id":"a94b2041-5f73-402e-8606-f4602cb5ab6b","lane":[{"flowNodeRef":["ee22b7aa-6b1d-46ae-8177-e048d77aac3a","2b910ebb-b79b-4496-8f54-004656079abd","770f2cf5-9804-49f4-8b63-ad28e68f8a0b","3bdf93a9-89e0-4ac6-875a-b58ac1e8247e"],"extensionElements":{"nodeVisualInfo":[{"color":"#F8F8F8","width":3000,"x":0,"y":0,"declaredType":"TNodeVisualInfo","height":500}]},"name":"System","partitionElementRef":"24.6fd38d02-81cf-48ab-bd42-8ff4c0a1628b","declaredType":"lane","id":"0d42f5cf-dde8-4bf8-895e-c873d20761cd","otherAttributes":{"{http:\/\/www.ibm.com\/xmlns\/prod\/bpm\/bpmn\/ext\/process\/wle}isSystemLane":"true"}}]}],"isClosed":false,"extensionElements":{"isSecured":[true],"isAjaxExposed":[true],"isTransactionalFlow":[false],"sboSyncEnabled":[true],"isInvokedAsynchronously":[false]},"documentation":[{"textFormat":"text\/plain"}],"name":"Generate Document Insurex","declaredType":"process","id":"1.0b619976-f051-49e0-95ba-44288a06eb1f","processType":"None","otherAttributes":{"{http:\/\/www.ibm.com\/xmlns\/prod\/bpm\/bpmn\/ext\/process}executionMode":"microflow"},"ioSpecification":{"dataOutput":[{"itemSubjectRef":"itm.12.db884a3c-c533-44b7-bb2d-47bec8ad4022","name":"DocID","isCollection":false,"id":"2055.7e2ab4ff-5307-40f3-8e11-cda6f22e22be"}],"inputSet":[{"dataInputRefs":["2055.63d6970f-ef37-426a-8c55-4521f1062804","2055.daeb3718-dd74-4ebc-89be-fde52148777a","2055.c8225e4e-f9b2-467b-8559-9f89d29ca9bc","2055.df8ef7a8-d9e2-4588-8aa7-567928287396","2055.4f7e1009-cdb2-4abd-8d8c-dfbe7b2429d6","2055.19ce6a67-86e9-402e-8544-6a14be8f035a"]}],"outputSet":[{"dataOutputRefs":["2055.7e2ab4ff-5307-40f3-8e11-cda6f22e22be"]}],"dataInput":[{"extensionElements":{"defaultValue":[{"declaredType":"com.ibm.bpmsdk.model.bpmn20.ibmext.TDefaultValue","useDefault":true,"value":"\"MAlek\""}]},"itemSubjectRef":"itm.12.db884a3c-c533-44b7-bb2d-47bec8ad4022","name":"CustomerName","isCollection":false,"id":"2055.63d6970f-ef37-426a-8c55-4521f1062804"},{"extensionElements":{"defaultValue":[{"declaredType":"com.ibm.bpmsdk.model.bpmn20.ibmext.TDefaultValue","useDefault":true,"value":"\"123456\""}]},"itemSubjectRef":"itm.12.db884a3c-c533-44b7-bb2d-47bec8ad4022","name":"PolicyNumber","isCollection":false,"id":"2055.daeb3718-dd74-4ebc-89be-fde52148777a"},{"extensionElements":{"defaultValue":[{"declaredType":"com.ibm.bpmsdk.model.bpmn20.ibmext.TDefaultValue","useDefault":true,"value":"\"1234\""}]},"itemSubjectRef":"itm.12.db884a3c-c533-44b7-bb2d-47bec8ad4022","name":"Amount","isCollection":false,"id":"2055.c8225e4e-f9b2-467b-8559-9f89d29ca9bc"},{"extensionElements":{"defaultValue":[{"declaredType":"com.ibm.bpmsdk.model.bpmn20.ibmext.TDefaultValue","useDefault":true,"value":"\"1234567\""}]},"itemSubjectRef":"itm.12.db884a3c-c533-44b7-bb2d-47bec8ad4022","name":"Description","isCollection":false,"id":"2055.df8ef7a8-d9e2-4588-8aa7-567928287396"},{"extensionElements":{"defaultValue":[{"declaredType":"com.ibm.bpmsdk.model.bpmn20.ibmext.TDefaultValue","useDefault":true,"value":"\"MErcedes\""}]},"itemSubjectRef":"itm.12.db884a3c-c533-44b7-bb2d-47bec8ad4022","name":"CarBrand","isCollection":false,"id":"2055.4f7e1009-cdb2-4abd-8d8c-dfbe7b2429d6"},{"extensionElements":{"defaultValue":[{"declaredType":"com.ibm.bpmsdk.model.bpmn20.ibmext.TDefaultValue","useDefault":true,"value":"\"{8F5294D0-0000-C1F2-9C60-5CA7B5C51921}\""}]},"itemSubjectRef":"itm.12.db884a3c-c533-44b7-bb2d-47bec8ad4022","name":"FolderID","isCollection":false,"id":"2055.19ce6a67-86e9-402e-8544-6a14be8f035a"}]}}],"targetNamespace":"","typeLanguage":"http:\/\/www.w3.org\/2001\/XMLSchema","expressionLanguage":"http:\/\/www.ibm.com\/xmlns\/prod\/bpm\/expression-lang\/javascript"}</jsonData>
        <field1 isNull="true" />
        <field2 isNull="true" />
        <field3>0</field3>
        <field4 isNull="true" />
        <field5>false</field5>
        <clobField1 isNull="true" />
        <blobField1 isNull="true" />
        <processParameter name="CustomerName">
            <lastModified isNull="true" />
            <lastModifiedBy isNull="true" />
            <tenantId isNull="true" />
            <processParameterId>2055.63d6970f-ef37-426a-8c55-4521f1062804</processParameterId>
            <processId>1.0b619976-f051-49e0-95ba-44288a06eb1f</processId>
            <parameterType>1</parameterType>
            <isArrayOf>false</isArrayOf>
            <classId>f9bfad03-1cba-408d-921f-41cfbdd4600c/12.db884a3c-c533-44b7-bb2d-47bec8ad4022</classId>
            <seq>1</seq>
            <hasDefault>true</hasDefault>
            <defaultValue>"MAlek"</defaultValue>
            <isLocked>false</isLocked>
            <description isNull="true" />
            <guid>guid:4b7d385e-e69c-4eac-8a77-3610d3ababbf</guid>
            <versionId>963cc7c4-f74f-4d77-8f66-9ad57375649a</versionId>
        </processParameter>
        <processParameter name="PolicyNumber">
            <lastModified isNull="true" />
            <lastModifiedBy isNull="true" />
            <tenantId isNull="true" />
            <processParameterId>2055.daeb3718-dd74-4ebc-89be-fde52148777a</processParameterId>
            <processId>1.0b619976-f051-49e0-95ba-44288a06eb1f</processId>
            <parameterType>1</parameterType>
            <isArrayOf>false</isArrayOf>
            <classId>f9bfad03-1cba-408d-921f-41cfbdd4600c/12.db884a3c-c533-44b7-bb2d-47bec8ad4022</classId>
            <seq>2</seq>
            <hasDefault>true</hasDefault>
            <defaultValue>"123456"</defaultValue>
            <isLocked>false</isLocked>
            <description isNull="true" />
            <guid>guid:c2d75f14-7129-4c5a-8dcb-31cca118ded3</guid>
            <versionId>74053f39-f018-425f-aa44-7a0b8cecc9fc</versionId>
        </processParameter>
        <processParameter name="Amount">
            <lastModified isNull="true" />
            <lastModifiedBy isNull="true" />
            <tenantId isNull="true" />
            <processParameterId>2055.c8225e4e-f9b2-467b-8559-9f89d29ca9bc</processParameterId>
            <processId>1.0b619976-f051-49e0-95ba-44288a06eb1f</processId>
            <parameterType>1</parameterType>
            <isArrayOf>false</isArrayOf>
            <classId>f9bfad03-1cba-408d-921f-41cfbdd4600c/12.db884a3c-c533-44b7-bb2d-47bec8ad4022</classId>
            <seq>3</seq>
            <hasDefault>true</hasDefault>
            <defaultValue>"1234"</defaultValue>
            <isLocked>false</isLocked>
            <description isNull="true" />
            <guid>guid:0f884ae3-555d-4c08-b53d-e1e0b4e45a50</guid>
            <versionId>d940a636-f326-401a-aa78-9f995d97fbf8</versionId>
        </processParameter>
        <processParameter name="Description">
            <lastModified isNull="true" />
            <lastModifiedBy isNull="true" />
            <tenantId isNull="true" />
            <processParameterId>2055.df8ef7a8-d9e2-4588-8aa7-567928287396</processParameterId>
            <processId>1.0b619976-f051-49e0-95ba-44288a06eb1f</processId>
            <parameterType>1</parameterType>
            <isArrayOf>false</isArrayOf>
            <classId>f9bfad03-1cba-408d-921f-41cfbdd4600c/12.db884a3c-c533-44b7-bb2d-47bec8ad4022</classId>
            <seq>4</seq>
            <hasDefault>true</hasDefault>
            <defaultValue>"1234567"</defaultValue>
            <isLocked>false</isLocked>
            <description isNull="true" />
            <guid>guid:258ea74f-e3f6-439e-b906-3d62ac50b8f7</guid>
            <versionId>ec6a9757-8432-4311-a1e2-6841329823fd</versionId>
        </processParameter>
        <processParameter name="CarBrand">
            <lastModified isNull="true" />
            <lastModifiedBy isNull="true" />
            <tenantId isNull="true" />
            <processParameterId>2055.4f7e1009-cdb2-4abd-8d8c-dfbe7b2429d6</processParameterId>
            <processId>1.0b619976-f051-49e0-95ba-44288a06eb1f</processId>
            <parameterType>1</parameterType>
            <isArrayOf>false</isArrayOf>
            <classId>f9bfad03-1cba-408d-921f-41cfbdd4600c/12.db884a3c-c533-44b7-bb2d-47bec8ad4022</classId>
            <seq>5</seq>
            <hasDefault>true</hasDefault>
            <defaultValue>"MErcedes"</defaultValue>
            <isLocked>false</isLocked>
            <description isNull="true" />
            <guid>guid:0717f258-c274-4ea3-a1c9-c7b46e495dfc</guid>
            <versionId>7be95abf-5b5b-4d53-a9df-4e2a31af7a20</versionId>
        </processParameter>
        <processParameter name="FolderID">
            <lastModified isNull="true" />
            <lastModifiedBy isNull="true" />
            <tenantId isNull="true" />
            <processParameterId>2055.19ce6a67-86e9-402e-8544-6a14be8f035a</processParameterId>
            <processId>1.0b619976-f051-49e0-95ba-44288a06eb1f</processId>
            <parameterType>1</parameterType>
            <isArrayOf>false</isArrayOf>
            <classId>f9bfad03-1cba-408d-921f-41cfbdd4600c/12.db884a3c-c533-44b7-bb2d-47bec8ad4022</classId>
            <seq>6</seq>
            <hasDefault>true</hasDefault>
            <defaultValue>"{8F5294D0-0000-C1F2-9C60-5CA7B5C51921}"</defaultValue>
            <isLocked>false</isLocked>
            <description isNull="true" />
            <guid>guid:ab6a5d2f-1c39-4719-8806-d91df22dbee5</guid>
            <versionId>54b3ca17-8332-40fa-ac78-ae9df1dcd68c</versionId>
        </processParameter>
        <processParameter name="DocID">
            <lastModified isNull="true" />
            <lastModifiedBy isNull="true" />
            <tenantId isNull="true" />
            <processParameterId>2055.7e2ab4ff-5307-40f3-8e11-cda6f22e22be</processParameterId>
            <processId>1.0b619976-f051-49e0-95ba-44288a06eb1f</processId>
            <parameterType>2</parameterType>
            <isArrayOf>false</isArrayOf>
            <classId>f9bfad03-1cba-408d-921f-41cfbdd4600c/12.db884a3c-c533-44b7-bb2d-47bec8ad4022</classId>
            <seq>7</seq>
            <hasDefault>false</hasDefault>
            <defaultValue isNull="true" />
            <isLocked>false</isLocked>
            <description isNull="true" />
            <guid>guid:be772607-3375-4367-a690-2aa2a8a09b25</guid>
            <versionId>e9bead3c-7c12-4b6e-84c4-b002d42c5eb2</versionId>
        </processParameter>
        <processVariable name="Values">
            <lastModified isNull="true" />
            <lastModifiedBy isNull="true" />
            <tenantId isNull="true" />
            <processVariableId>2056.75fbe00d-32c9-4dbf-800d-972e91ac38e6</processVariableId>
            <description isNull="true" />
            <processId>1.0b619976-f051-49e0-95ba-44288a06eb1f</processId>
            <namespace>2</namespace>
            <seq>1</seq>
            <isArrayOf>true</isArrayOf>
            <isTransient>false</isTransient>
            <classId>f9bfad03-1cba-408d-921f-41cfbdd4600c/12.db884a3c-c533-44b7-bb2d-47bec8ad4022</classId>
            <hasDefault>true</hasDefault>
            <defaultValue>var autoObject = new tw.object.listOf.toolkit.TWSYS.String();
autoObject</defaultValue>
            <guid>guid:a376a55a-615e-46f9-96db-254865f34774</guid>
            <versionId>9db0e31a-ef96-41ec-8f05-5c86b0f9e6c4</versionId>
        </processVariable>
        <processVariable name="documentRequest">
            <lastModified isNull="true" />
            <lastModifiedBy isNull="true" />
            <tenantId isNull="true" />
            <processVariableId>2056.d1a37dbd-f02f-42ae-8d3d-a27f878faa54</processVariableId>
            <description isNull="true" />
            <processId>1.0b619976-f051-49e0-95ba-44288a06eb1f</processId>
            <namespace>2</namespace>
            <seq>2</seq>
            <isArrayOf>false</isArrayOf>
            <isTransient>false</isTransient>
            <classId>a5f8825a-6726-48a3-86dc-d78b09778a38/12.f4cba169-9305-44db-96d9-fe1ce7ce9c2e</classId>
            <hasDefault>true</hasDefault>
            <defaultValue>var autoObject = new tw.object.toolkit.TMJ.MergeDocument();
autoObject.templateName = "Template_BASE.docx";
autoObject.docName = "Expert Review.docx";
autoObject.pdf = false;
autoObject.values = new tw.object.listOf.toolkit.TWSYS.String();
autoObject.signature = false;
autoObject.qrCode = "AZERTYUIO";
autoObject</defaultValue>
            <guid>guid:78b594f5-e888-4d80-a07d-9c0dfb9462ee</guid>
            <versionId>65384845-fd48-4ce0-bbe5-0a237b8d3dd6</versionId>
        </processVariable>
        <item>
            <lastModified isNull="true" />
            <lastModifiedBy isNull="true" />
            <tenantId isNull="true" />
            <processItemId>2025.3bdf93a9-89e0-4ac6-875a-b58ac1e8247e</processItemId>
            <processId>1.0b619976-f051-49e0-95ba-44288a06eb1f</processId>
            <name>Script task</name>
            <tWComponentName>Script</tWComponentName>
            <tWComponentId>3011.806ba91f-4951-4e97-8b3e-94663289b1fd</tWComponentId>
            <isLogEnabled>false</isLogEnabled>
            <isTraceEnabled>false</isTraceEnabled>
            <traceCategory isNull="true" />
            <traceLevel isNull="true" />
            <traceMessage isNull="true" />
            <traceSymbolTable isNull="true" />
            <isExecutionContextTraced>false</isExecutionContextTraced>
            <saveExecutionContext>false</saveExecutionContext>
            <documentation isNull="true" />
            <isErrorHandlerEnabled>false</isErrorHandlerEnabled>
            <errorHandlerItemId isNull="true" />
            <guid>guid:cc90e269813961f2:-6d44b79:18f361f07e6:-6be0</guid>
            <versionId>7ff9a904-35fb-4358-8bbd-3e2526a05e27</versionId>
            <externalServiceRef isNull="true" />
            <externalServiceOp isNull="true" />
            <nodeColor isNull="true" />
            <layoutData x="195" y="57">
                <errorLink>
                    <controlPoints />
                    <showEndState>false</showEndState>
                    <showName>false</showName>
                </errorLink>
            </layoutData>
            <TWComponent>
                <lastModified isNull="true" />
                <lastModifiedBy isNull="true" />
                <tenantId isNull="true" />
                <scriptId>3011.806ba91f-4951-4e97-8b3e-94663289b1fd</scriptId>
                <scriptTypeId>2</scriptTypeId>
                <isActive>true</isActive>
                <script>var i =0;
tw.local.Values[i]=tw.local.CustomerName;
i++;
tw.local.Values[i]=tw.local.CarBrand;
i++;
tw.local.Values[i]=tw.local.PolicyNumber;
i++;
tw.local.Values[i]=tw.local.Amount
i++;
tw.local.Values[i]=tw.local.Description;
tw.local.documentRequest.values = tw.local.Values;</script>
                <isRule>false</isRule>
                <guid>guid:c42c38e7-acb8-4669-b213-8382e7f3b318</guid>
                <versionId>21c032cd-2cad-4ecc-89d6-9fadf350c934</versionId>
            </TWComponent>
        </item>
        <item>
            <lastModified isNull="true" />
            <lastModifiedBy isNull="true" />
            <tenantId isNull="true" />
            <processItemId>2025.2b910ebb-b79b-4496-8f54-004656079abd</processItemId>
            <processId>1.0b619976-f051-49e0-95ba-44288a06eb1f</processId>
            <name>End</name>
            <tWComponentName>ExitPoint</tWComponentName>
            <tWComponentId>3008.bb9b3506-fe6d-4734-8e53-48c2edf76230</tWComponentId>
            <isLogEnabled>false</isLogEnabled>
            <isTraceEnabled>false</isTraceEnabled>
            <traceCategory isNull="true" />
            <traceLevel isNull="true" />
            <traceMessage isNull="true" />
            <traceSymbolTable isNull="true" />
            <isExecutionContextTraced>false</isExecutionContextTraced>
            <saveExecutionContext>true</saveExecutionContext>
            <documentation isNull="true" />
            <isErrorHandlerEnabled>false</isErrorHandlerEnabled>
            <errorHandlerItemId isNull="true" />
            <guid>guid:cc90e269813961f2:-6d44b79:18f361f07e6:-6be4</guid>
            <versionId>b5ff5b0d-c631-47ed-beae-c26d4decdd11</versionId>
            <externalServiceRef isNull="true" />
            <externalServiceOp isNull="true" />
            <nodeColor isNull="true" />
            <layoutData x="650" y="80">
                <errorLink>
                    <controlPoints />
                    <showEndState>false</showEndState>
                    <showName>false</showName>
                </errorLink>
            </layoutData>
            <TWComponent>
                <lastModified isNull="true" />
                <lastModifiedBy isNull="true" />
                <tenantId isNull="true" />
                <exitPointId>3008.bb9b3506-fe6d-4734-8e53-48c2edf76230</exitPointId>
                <haltProcess>false</haltProcess>
                <guid>guid:7cb92b45-4937-4f69-ba4d-7b8e6213ab46</guid>
                <versionId>8f6f636f-29c6-4b32-ba9f-4cea545ca901</versionId>
            </TWComponent>
        </item>
        <item>
            <lastModified isNull="true" />
            <lastModifiedBy isNull="true" />
            <tenantId isNull="true" />
            <processItemId>2025.770f2cf5-9804-49f4-8b63-ad28e68f8a0b</processItemId>
            <processId>1.0b619976-f051-49e0-95ba-44288a06eb1f</processId>
            <name>Linked service flow</name>
            <tWComponentName>SubProcess</tWComponentName>
            <tWComponentId>3012.a6e46a76-2390-4d42-be58-c1a20d213a96</tWComponentId>
            <isLogEnabled>false</isLogEnabled>
            <isTraceEnabled>false</isTraceEnabled>
            <traceCategory isNull="true" />
            <traceLevel isNull="true" />
            <traceMessage isNull="true" />
            <traceSymbolTable isNull="true" />
            <isExecutionContextTraced>false</isExecutionContextTraced>
            <saveExecutionContext>false</saveExecutionContext>
            <documentation isNull="true" />
            <isErrorHandlerEnabled>false</isErrorHandlerEnabled>
            <errorHandlerItemId isNull="true" />
            <guid>guid:cc90e269813961f2:-6d44b79:18f361f07e6:-6be2</guid>
            <versionId>74e1deb3-2e42-4728-94c5-e5181c1aae78</versionId>
            <externalServiceRef isNull="true" />
            <externalServiceOp isNull="true" />
            <nodeColor isNull="true" />
            <layoutData x="341" y="57">
                <errorLink>
                    <controlPoints />
                    <showEndState>false</showEndState>
                    <showName>false</showName>
                </errorLink>
            </layoutData>
            <TWComponent>
                <lastModified isNull="true" />
                <lastModifiedBy isNull="true" />
                <tenantId isNull="true" />
                <subProcessId>3012.a6e46a76-2390-4d42-be58-c1a20d213a96</subProcessId>
                <attachedProcessRef>a5f8825a-6726-48a3-86dc-d78b09778a38/1.241e1329-7013-4ef7-80f4-bb9f3421c6c8</attachedProcessRef>
                <guid>guid:20dd6381-1b8c-4861-91ff-1c3316608e09</guid>
                <versionId>a2235100-fdb7-4e1c-8e44-24a889ac6239</versionId>
                <parameterMapping name="FolderID">
                    <lastModified isNull="true" />
                    <lastModifiedBy isNull="true" />
                    <tenantId isNull="true" />
                    <parameterMappingId>2054.ddfcb012-65a4-41ce-b0fb-405f67f3bb91</parameterMappingId>
                    <processParameterId>2055.0ab45505-bff5-4cf6-95b6-37324977caac</processParameterId>
                    <parameterMappingParentId>3012.a6e46a76-2390-4d42-be58-c1a20d213a96</parameterMappingParentId>
                    <useDefault>false</useDefault>
                    <value>tw.local.FolderID</value>
                    <classRef>61a80e43-f2d1-4ff3-a1bf-68046cb3d7af/12.db884a3c-c533-44b7-bb2d-47bec8ad4022</classRef>
                    <isList>false</isList>
                    <isInput>true</isInput>
                    <mappingMode isNull="true" />
                    <sourcePath isNull="true" />
                    <targetPath isNull="true" />
                    <guid>guid:ddfcb012-65a4-41ce-b0fb-405f67f3bb91</guid>
                    <versionId>712439f1-6c5a-4fc9-a17b-12dfe935e814</versionId>
                    <description isNull="true" />
                </parameterMapping>
                <parameterMapping name="pathFolder">
                    <lastModified isNull="true" />
                    <lastModifiedBy isNull="true" />
                    <tenantId isNull="true" />
                    <parameterMappingId>2054.334094a1-02af-4692-9409-252b353c5f4d</parameterMappingId>
                    <processParameterId>2055.afd12915-23e0-495b-8776-79b3db24201a</processParameterId>
                    <parameterMappingParentId>3012.a6e46a76-2390-4d42-be58-c1a20d213a96</parameterMappingParentId>
                    <useDefault>true</useDefault>
                    <value isNull="true" />
                    <classRef>61a80e43-f2d1-4ff3-a1bf-68046cb3d7af/12.db884a3c-c533-44b7-bb2d-47bec8ad4022</classRef>
                    <isList>false</isList>
                    <isInput>true</isInput>
                    <mappingMode isNull="true" />
                    <sourcePath isNull="true" />
                    <targetPath isNull="true" />
                    <guid>guid:334094a1-02af-4692-9409-252b353c5f4d</guid>
                    <versionId>3388874b-08bc-4785-8663-f676c5b3bc08</versionId>
                    <description isNull="true" />
                </parameterMapping>
                <parameterMapping name="documentRequest">
                    <lastModified isNull="true" />
                    <lastModifiedBy isNull="true" />
                    <tenantId isNull="true" />
                    <parameterMappingId>2054.73aa9ca2-4899-42a6-a16a-32f2c6c2eabf</parameterMappingId>
                    <processParameterId>2055.ef78b179-3553-45d1-8c67-a458fc0dcd40</processParameterId>
                    <parameterMappingParentId>3012.a6e46a76-2390-4d42-be58-c1a20d213a96</parameterMappingParentId>
                    <useDefault>false</useDefault>
                    <value>tw.local.documentRequest</value>
                    <classRef>/12.f4cba169-9305-44db-96d9-fe1ce7ce9c2e</classRef>
                    <isList>false</isList>
                    <isInput>true</isInput>
                    <mappingMode isNull="true" />
                    <sourcePath isNull="true" />
                    <targetPath isNull="true" />
                    <guid>guid:73aa9ca2-4899-42a6-a16a-32f2c6c2eabf</guid>
                    <versionId>da9e6255-06d3-4907-a6b2-a4a1d50d9ac3</versionId>
                    <description isNull="true" />
                </parameterMapping>
                <parameterMapping name="DocumentID">
                    <lastModified isNull="true" />
                    <lastModifiedBy isNull="true" />
                    <tenantId isNull="true" />
                    <parameterMappingId>2054.00f8bf89-9c35-4e8e-bdd7-bb68f9bbb06d</parameterMappingId>
                    <processParameterId>2055.436d2692-215f-432d-a177-bf2fd6f5e9b0</processParameterId>
                    <parameterMappingParentId>3012.a6e46a76-2390-4d42-be58-c1a20d213a96</parameterMappingParentId>
                    <useDefault>false</useDefault>
                    <value>tw.local.DocID</value>
                    <classRef>61a80e43-f2d1-4ff3-a1bf-68046cb3d7af/12.db884a3c-c533-44b7-bb2d-47bec8ad4022</classRef>
                    <isList>false</isList>
                    <isInput>false</isInput>
                    <mappingMode isNull="true" />
                    <sourcePath isNull="true" />
                    <targetPath isNull="true" />
                    <guid>guid:00f8bf89-9c35-4e8e-bdd7-bb68f9bbb06d</guid>
                    <versionId>4bb21ef8-2af4-4b4c-a82e-f21bc1f56859</versionId>
                    <description isNull="true" />
                </parameterMapping>
            </TWComponent>
        </item>
        <startingProcessItemId>2025.3bdf93a9-89e0-4ac6-875a-b58ac1e8247e</startingProcessItemId>
        <errorHandlerItemId isNull="true" />
        <layoutData noConversion="true">
            <errorLink>
                <controlPoints />
                <showEndState>false</showEndState>
                <showName>false</showName>
            </errorLink>
        </layoutData>
        <startPoint>
            <layoutData x="25" y="80">
                <errorLink>
                    <controlPoints />
                    <showEndState>false</showEndState>
                    <showName>false</showName>
                </errorLink>
            </layoutData>
        </startPoint>
        <startLink>
            <fromPort locationId="rightCenter" portType="1" />
            <toPort locationId="leftCenter" portType="2" />
            <layoutData>
                <controlPoints />
                <showEndState>false</showEndState>
                <showName>false</showName>
            </layoutData>
        </startLink>
        <bpmn2Model>
            <ns16:definitions xmlns:ns16="http://www.omg.org/spec/BPMN/20100524/MODEL" xmlns:ns2="http://www.ibm.com/xmlns/prod/bpm/bpmn/ext/process" xmlns:ns3="http://www.ibm.com/xmlns/prod/bpm/bpmn/ext/process/wle" xmlns:ns4="http://www.ibm.com/xmlns/prod/bpm/bpmn/ext/process/case" xmlns:ns5="http://www.ibm.com/bpm/Extensions" xmlns:ns6="http://www.ibm.com/xmlns/prod/bpm/uca" xmlns:ns7="http://www.ibm.com/xmlns/prod/bpm/bpmn/ext/team" xmlns:ns8="http://www.ibm.com/xmlns/prod/bpm/bpmn/ext/trackinggroup" xmlns:ns9="http://www.ibm.com/xmlns/bpmnx/20100524/v1/BusinessVocabulary" xmlns:ns10="http://www.omg.org/spec/DD/20100524/DI" xmlns:ns11="http://www.omg.org/spec/DD/20100524/DC" xmlns:ns12="http://www.omg.org/spec/BPMN/20100524/BPMNDI" xmlns:ns13="http://www.ibm.com/xmlns/prod/bpm/graph" xmlns:ns14="http://www.ibm.com/xmlns/prod/bpm/bpmn/ext/process/auth" xmlns:ns15="http://www.ibm.com/xmlns/prod/bpm/bpmn/ext/extservice" xmlns:ns17="http://www.ibm.com/bpm/processappsettings" xmlns:ns18="http://www.ibm.com/xmlns/links" xmlns:ns19="http://www.ibm.com/bpm/CoachDesignerNG" xmlns:ns20="http://www.ibm.com/xmlns/tagging" xmlns:ns21="http://www.ibm.com/bpm/uitheme" xmlns:ns22="http://www.ibm.com/bpm/coachview" targetNamespace="" expressionLanguage="http://www.ibm.com/xmlns/prod/bpm/expression-lang/javascript" typeLanguage="http://www.w3.org/2001/XMLSchema">
                
                
                <ns16:process name="Generate Document Insurex" id="1.0b619976-f051-49e0-95ba-44288a06eb1f" ns2:executionMode="microflow">
                    
                    
                    <ns16:documentation textFormat="text/plain" />
                    
                    
                    <ns16:extensionElements>
                        
                        
                        <ns2:isSecured>true</ns2:isSecured>
                        
                        
                        <ns2:isAjaxExposed>true</ns2:isAjaxExposed>
                        
                        
                        <ns2:isTransactionalFlow>false</ns2:isTransactionalFlow>
                        
                        
                        <ns2:sboSyncEnabled>true</ns2:sboSyncEnabled>
                        
                        
                        <ns2:isInvokedAsynchronously>false</ns2:isInvokedAsynchronously>
                        
                    
                    </ns16:extensionElements>
                    
                    
                    <ns16:ioSpecification>
                        
                        
                        <ns16:dataInput name="CustomerName" itemSubjectRef="itm.12.db884a3c-c533-44b7-bb2d-47bec8ad4022" isCollection="false" id="2055.63d6970f-ef37-426a-8c55-4521f1062804">
                            
                            
                            <ns16:extensionElements>
                                
                                
                                <ns2:defaultValue useDefault="true">"MAlek"</ns2:defaultValue>
                                
                            
                            </ns16:extensionElements>
                            
                        
                        </ns16:dataInput>
                        
                        
                        <ns16:dataInput name="PolicyNumber" itemSubjectRef="itm.12.db884a3c-c533-44b7-bb2d-47bec8ad4022" isCollection="false" id="2055.daeb3718-dd74-4ebc-89be-fde52148777a">
                            
                            
                            <ns16:extensionElements>
                                
                                
                                <ns2:defaultValue useDefault="true">"123456"</ns2:defaultValue>
                                
                            
                            </ns16:extensionElements>
                            
                        
                        </ns16:dataInput>
                        
                        
                        <ns16:dataInput name="Amount" itemSubjectRef="itm.12.db884a3c-c533-44b7-bb2d-47bec8ad4022" isCollection="false" id="2055.c8225e4e-f9b2-467b-8559-9f89d29ca9bc">
                            
                            
                            <ns16:extensionElements>
                                
                                
                                <ns2:defaultValue useDefault="true">"1234"</ns2:defaultValue>
                                
                            
                            </ns16:extensionElements>
                            
                        
                        </ns16:dataInput>
                        
                        
                        <ns16:dataInput name="Description" itemSubjectRef="itm.12.db884a3c-c533-44b7-bb2d-47bec8ad4022" isCollection="false" id="2055.df8ef7a8-d9e2-4588-8aa7-567928287396">
                            
                            
                            <ns16:extensionElements>
                                
                                
                                <ns2:defaultValue useDefault="true">"1234567"</ns2:defaultValue>
                                
                            
                            </ns16:extensionElements>
                            
                        
                        </ns16:dataInput>
                        
                        
                        <ns16:dataInput name="CarBrand" itemSubjectRef="itm.12.db884a3c-c533-44b7-bb2d-47bec8ad4022" isCollection="false" id="2055.4f7e1009-cdb2-4abd-8d8c-dfbe7b2429d6">
                            
                            
                            <ns16:extensionElements>
                                
                                
                                <ns2:defaultValue useDefault="true">"MErcedes"</ns2:defaultValue>
                                
                            
                            </ns16:extensionElements>
                            
                        
                        </ns16:dataInput>
                        
                        
                        <ns16:dataInput name="FolderID" itemSubjectRef="itm.12.db884a3c-c533-44b7-bb2d-47bec8ad4022" isCollection="false" id="2055.19ce6a67-86e9-402e-8544-6a14be8f035a">
                            
                            
                            <ns16:extensionElements>
                                
                                
                                <ns2:defaultValue useDefault="true">"{8F5294D0-0000-C1F2-9C60-5CA7B5C51921}"</ns2:defaultValue>
                                
                            
                            </ns16:extensionElements>
                            
                        
                        </ns16:dataInput>
                        
                        
                        <ns16:dataOutput name="DocID" itemSubjectRef="itm.12.db884a3c-c533-44b7-bb2d-47bec8ad4022" isCollection="false" id="2055.7e2ab4ff-5307-40f3-8e11-cda6f22e22be" />
                        
                        
                        <ns16:inputSet>
                            
                            
                            <ns16:dataInputRefs>2055.63d6970f-ef37-426a-8c55-4521f1062804</ns16:dataInputRefs>
                            
                            
                            <ns16:dataInputRefs>2055.daeb3718-dd74-4ebc-89be-fde52148777a</ns16:dataInputRefs>
                            
                            
                            <ns16:dataInputRefs>2055.c8225e4e-f9b2-467b-8559-9f89d29ca9bc</ns16:dataInputRefs>
                            
                            
                            <ns16:dataInputRefs>2055.df8ef7a8-d9e2-4588-8aa7-567928287396</ns16:dataInputRefs>
                            
                            
                            <ns16:dataInputRefs>2055.4f7e1009-cdb2-4abd-8d8c-dfbe7b2429d6</ns16:dataInputRefs>
                            
                            
                            <ns16:dataInputRefs>2055.19ce6a67-86e9-402e-8544-6a14be8f035a</ns16:dataInputRefs>
                            
                        
                        </ns16:inputSet>
                        
                        
                        <ns16:outputSet>
                            
                            
                            <ns16:dataOutputRefs>2055.7e2ab4ff-5307-40f3-8e11-cda6f22e22be</ns16:dataOutputRefs>
                            
                        
                        </ns16:outputSet>
                        
                    
                    </ns16:ioSpecification>
                    
                    
                    <ns16:laneSet id="a94b2041-5f73-402e-8606-f4602cb5ab6b">
                        
                        
                        <ns16:lane name="System" partitionElementRef="24.6fd38d02-81cf-48ab-bd42-8ff4c0a1628b" id="0d42f5cf-dde8-4bf8-895e-c873d20761cd" ns3:isSystemLane="true">
                            
                            
                            <ns16:extensionElements>
                                
                                
                                <ns13:nodeVisualInfo x="0" y="0" width="3000" height="500" color="#F8F8F8" />
                                
                            
                            </ns16:extensionElements>
                            
                            
                            <ns16:flowNodeRef>ee22b7aa-6b1d-46ae-8177-e048d77aac3a</ns16:flowNodeRef>
                            
                            
                            <ns16:flowNodeRef>2b910ebb-b79b-4496-8f54-004656079abd</ns16:flowNodeRef>
                            
                            
                            <ns16:flowNodeRef>770f2cf5-9804-49f4-8b63-ad28e68f8a0b</ns16:flowNodeRef>
                            
                            
                            <ns16:flowNodeRef>3bdf93a9-89e0-4ac6-875a-b58ac1e8247e</ns16:flowNodeRef>
                            
                        
                        </ns16:lane>
                        
                    
                    </ns16:laneSet>
                    
                    
                    <ns16:startEvent isInterrupting="false" parallelMultiple="false" name="Start" id="ee22b7aa-6b1d-46ae-8177-e048d77aac3a">
                        
                        
                        <ns16:extensionElements>
                            
                            
                            <ns13:nodeVisualInfo x="25" y="80" width="24" height="24" color="#F8F8F8" />
                            
                        
                        </ns16:extensionElements>
                        
                        
                        <ns16:outgoing>2027.b95452a0-2bad-4589-8c3f-edfd51e9062c</ns16:outgoing>
                        
                    
                    </ns16:startEvent>
                    
                    
                    <ns16:endEvent name="End" id="2b910ebb-b79b-4496-8f54-004656079abd">
                        
                        
                        <ns16:extensionElements>
                            
                            
                            <ns13:nodeVisualInfo x="650" y="80" width="24" height="24" color="#F8F8F8" />
                            
                            
                            <ns3:saveExecutionContext>true</ns3:saveExecutionContext>
                            
                            
                            <ns2:endStateId>guid:cc90e269813961f2:-6d44b79:18f361f07e6:-6be4</ns2:endStateId>
                            
                        
                        </ns16:extensionElements>
                        
                        
                        <ns16:incoming>21ea0378-490b-4d1c-887b-9161d777668c</ns16:incoming>
                        
                    
                    </ns16:endEvent>
                    
                    
                    <ns16:sequenceFlow sourceRef="ee22b7aa-6b1d-46ae-8177-e048d77aac3a" targetRef="3bdf93a9-89e0-4ac6-875a-b58ac1e8247e" name="To Script task" id="2027.b95452a0-2bad-4589-8c3f-edfd51e9062c">
                        
                        
                        <ns16:extensionElements>
                            
                            
                            <ns13:linkVisualInfo>
                                
                                
                                <ns13:sourcePortLocation>rightCenter</ns13:sourcePortLocation>
                                
                                
                                <ns13:targetPortLocation>leftCenter</ns13:targetPortLocation>
                                
                                
                                <ns13:showLabel>false</ns13:showLabel>
                                
                                
                                <ns13:showCoachControlLabel>false</ns13:showCoachControlLabel>
                                
                                
                                <ns13:labelPosition>0.0</ns13:labelPosition>
                                
                                
                                <ns13:saveExecutionContext>false</ns13:saveExecutionContext>
                                
                            
                            </ns13:linkVisualInfo>
                            
                        
                        </ns16:extensionElements>
                        
                    
                    </ns16:sequenceFlow>
                    
                    
                    <ns16:callActivity calledElement="1.241e1329-7013-4ef7-80f4-bb9f3421c6c8" name="Linked service flow" id="770f2cf5-9804-49f4-8b63-ad28e68f8a0b">
                        
                        
                        <ns16:extensionElements>
                            
                            
                            <ns13:nodeVisualInfo x="341" y="57" width="95" height="70" />
                            
                            
                            <ns3:activityType>CalledProcess</ns3:activityType>
                            
                        
                        </ns16:extensionElements>
                        
                        
                        <ns16:incoming>c4e138e4-6fac-44d5-8b90-3aa1761d2fc4</ns16:incoming>
                        
                        
                        <ns16:outgoing>21ea0378-490b-4d1c-887b-9161d777668c</ns16:outgoing>
                        
                        
                        <ns16:dataInputAssociation>
                            
                            
                            <ns16:targetRef>2055.0ab45505-bff5-4cf6-95b6-37324977caac</ns16:targetRef>
                            
                            
                            <ns16:assignment>
                                
                                
                                <ns16:from xmlns:xsi="http://www.w3.org/2001/XMLSchema-instance" xsi:type="ns16:tFormalExpression" evaluatesToTypeRef="itm.12.db884a3c-c533-44b7-bb2d-47bec8ad4022">tw.local.FolderID</ns16:from>
                                
                            
                            </ns16:assignment>
                            
                        
                        </ns16:dataInputAssociation>
                        
                        
                        <ns16:dataInputAssociation>
                            
                            
                            <ns16:targetRef>2055.ef78b179-3553-45d1-8c67-a458fc0dcd40</ns16:targetRef>
                            
                            
                            <ns16:assignment>
                                
                                
                                <ns16:from xmlns:xsi="http://www.w3.org/2001/XMLSchema-instance" xsi:type="ns16:tFormalExpression" evaluatesToTypeRef="itm.12.f4cba169-9305-44db-96d9-fe1ce7ce9c2e">tw.local.documentRequest</ns16:from>
                                
                            
                            </ns16:assignment>
                            
                        
                        </ns16:dataInputAssociation>
                        
                        
                        <ns16:dataOutputAssociation>
                            
                            
                            <ns16:sourceRef>2055.436d2692-215f-432d-a177-bf2fd6f5e9b0</ns16:sourceRef>
                            
                            
                            <ns16:assignment>
                                
                                
                                <ns16:to xmlns:xsi="http://www.w3.org/2001/XMLSchema-instance" xsi:type="ns16:tFormalExpression" evaluatesToTypeRef="itm.12.db884a3c-c533-44b7-bb2d-47bec8ad4022">tw.local.DocID</ns16:to>
                                
                            
                            </ns16:assignment>
                            
                        
                        </ns16:dataOutputAssociation>
                        
                    
                    </ns16:callActivity>
                    
                    
                    <ns16:sequenceFlow sourceRef="770f2cf5-9804-49f4-8b63-ad28e68f8a0b" targetRef="2b910ebb-b79b-4496-8f54-004656079abd" name="To End" id="21ea0378-490b-4d1c-887b-9161d777668c">
                        
                        
                        <ns16:extensionElements>
                            
                            
                            <ns2:sequenceFlowImplementation sboSyncEnabled="true" />
                            
                            
                            <ns13:linkVisualInfo>
                                
                                
                                <ns13:sourcePortLocation>rightCenter</ns13:sourcePortLocation>
                                
                                
                                <ns13:targetPortLocation>leftCenter</ns13:targetPortLocation>
                                
                                
                                <ns13:showLabel>false</ns13:showLabel>
                                
                                
                                <ns13:showCoachControlLabel>false</ns13:showCoachControlLabel>
                                
                                
                                <ns13:labelPosition>0.0</ns13:labelPosition>
                                
                                
                                <ns13:saveExecutionContext>true</ns13:saveExecutionContext>
                                
                            
                            </ns13:linkVisualInfo>
                            
                            
                            <ns2:endStateId>guid:61c1878c9f675ffc:-2f4adf07:178cb606ca2:-6e3e</ns2:endStateId>
                            
                        
                        </ns16:extensionElements>
                        
                    
                    </ns16:sequenceFlow>
                    
                    
                    <ns16:scriptTask scriptFormat="text/x-javascript" name="Script task" id="3bdf93a9-89e0-4ac6-875a-b58ac1e8247e">
                        
                        
                        <ns16:extensionElements>
                            
                            
                            <ns13:nodeVisualInfo x="195" y="57" width="95" height="70" />
                            
                        
                        </ns16:extensionElements>
                        
                        
                        <ns16:incoming>2027.b95452a0-2bad-4589-8c3f-edfd51e9062c</ns16:incoming>
                        
                        
                        <ns16:outgoing>c4e138e4-6fac-44d5-8b90-3aa1761d2fc4</ns16:outgoing>
                        
                        
                        <ns16:script>var i =0;
tw.local.Values[i]=tw.local.CustomerName;
i++;
tw.local.Values[i]=tw.local.CarBrand;
i++;
tw.local.Values[i]=tw.local.PolicyNumber;
i++;
tw.local.Values[i]=tw.local.Amount
i++;
tw.local.Values[i]=tw.local.Description;
tw.local.documentRequest.values = tw.local.Values;</ns16:script>
                        
                    
                    </ns16:scriptTask>
                    
                    
                    <ns16:sequenceFlow sourceRef="3bdf93a9-89e0-4ac6-875a-b58ac1e8247e" targetRef="770f2cf5-9804-49f4-8b63-ad28e68f8a0b" name="To Linked service flow" id="c4e138e4-6fac-44d5-8b90-3aa1761d2fc4">
                        
                        
                        <ns16:extensionElements>
                            
                            
                            <ns13:linkVisualInfo>
                                
                                
                                <ns13:sourcePortLocation>rightCenter</ns13:sourcePortLocation>
                                
                                
                                <ns13:targetPortLocation>leftCenter</ns13:targetPortLocation>
                                
                                
                                <ns13:showLabel>false</ns13:showLabel>
                                
                                
                                <ns13:showCoachControlLabel>false</ns13:showCoachControlLabel>
                                
                                
                                <ns13:labelPosition>0.0</ns13:labelPosition>
                                
                                
                                <ns13:saveExecutionContext>false</ns13:saveExecutionContext>
                                
                            
                            </ns13:linkVisualInfo>
                            
                        
                        </ns16:extensionElements>
                        
                    
                    </ns16:sequenceFlow>
                    
                    
                    <ns16:dataObject itemSubjectRef="itm.12.db884a3c-c533-44b7-bb2d-47bec8ad4022" isCollection="true" name="Values" id="2056.75fbe00d-32c9-4dbf-800d-972e91ac38e6">
                        
                        
                        <ns16:extensionElements>
                            
                            
                            <ns2:defaultValue useDefault="true">var autoObject = new tw.object.listOf.toolkit.TWSYS.String();
autoObject</ns2:defaultValue>
                            
                        
                        </ns16:extensionElements>
                        
                    
                    </ns16:dataObject>
                    
                    
                    <ns16:dataObject itemSubjectRef="itm.12.f4cba169-9305-44db-96d9-fe1ce7ce9c2e" isCollection="false" name="documentRequest" id="2056.d1a37dbd-f02f-42ae-8d3d-a27f878faa54">
                        
                        
                        <ns16:extensionElements>
                            
                            
                            <ns2:defaultValue useDefault="true">var autoObject = new tw.object.toolkit.TMJ.MergeDocument();
autoObject.templateName = "Template_BASE.docx";
autoObject.docName = "Expert Review.docx";
autoObject.pdf = false;
autoObject.values = new tw.object.listOf.toolkit.TWSYS.String();
autoObject.signature = false;
autoObject.qrCode = "AZERTYUIO";
autoObject</ns2:defaultValue>
                            
                        
                        </ns16:extensionElements>
                        
                    
                    </ns16:dataObject>
                    
                
                </ns16:process>
                
            
            </ns16:definitions>
        </bpmn2Model>
        <link name="To End">
            <lastModified isNull="true" />
            <lastModifiedBy isNull="true" />
            <tenantId isNull="true" />
            <processLinkId>2027.21ea0378-490b-4d1c-887b-9161d777668c</processLinkId>
            <processId>1.0b619976-f051-49e0-95ba-44288a06eb1f</processId>
            <description isNull="true" />
            <fromProcessItemId>2025.770f2cf5-9804-49f4-8b63-ad28e68f8a0b</fromProcessItemId>
            <endStateId>guid:61c1878c9f675ffc:-2f4adf07:178cb606ca2:-6e3e</endStateId>
            <toProcessItemId>2025.2b910ebb-b79b-4496-8f54-004656079abd</toProcessItemId>
            <guid>guid:6e3f44b6-b414-4007-80d6-f55475439968</guid>
            <versionId>6946b730-a8fc-4b90-aefc-ea56afe11b31</versionId>
            <layoutData>
                <controlPoints />
                <showEndState>false</showEndState>
                <showName>false</showName>
            </layoutData>
            <fromItemPort locationId="rightCenter" portType="1" />
            <toItemPort locationId="leftCenter" portType="2" />
            <fromProcessItemId>2025.770f2cf5-9804-49f4-8b63-ad28e68f8a0b</fromProcessItemId>
            <toProcessItemId>2025.2b910ebb-b79b-4496-8f54-004656079abd</toProcessItemId>
        </link>
        <link name="To Linked service flow">
            <lastModified isNull="true" />
            <lastModifiedBy isNull="true" />
            <tenantId isNull="true" />
            <processLinkId>2027.c4e138e4-6fac-44d5-8b90-3aa1761d2fc4</processLinkId>
            <processId>1.0b619976-f051-49e0-95ba-44288a06eb1f</processId>
            <description isNull="true" />
            <fromProcessItemId>2025.3bdf93a9-89e0-4ac6-875a-b58ac1e8247e</fromProcessItemId>
            <endStateId>Out</endStateId>
            <toProcessItemId>2025.770f2cf5-9804-49f4-8b63-ad28e68f8a0b</toProcessItemId>
            <guid>guid:da9648b6-22c0-4a15-9034-725c9d5fe900</guid>
            <versionId>020215c6-131c-42f0-8496-880280c997f7</versionId>
            <layoutData>
                <controlPoints />
                <showEndState>false</showEndState>
                <showName>false</showName>
            </layoutData>
            <fromItemPort locationId="rightCenter" portType="1" />
            <toItemPort locationId="leftCenter" portType="2" />
            <fromProcessItemId>2025.3bdf93a9-89e0-4ac6-875a-b58ac1e8247e</fromProcessItemId>
            <toProcessItemId>2025.770f2cf5-9804-49f4-8b63-ad28e68f8a0b</toProcessItemId>
        </link>
    </process>
</teamworks>

