<?xml version="1.0" encoding="UTF-8"?>
<teamworks>
    <process id="1.0c5aa512-a402-4d97-bfa6-c6176e60a774" name="TranscriptDocument">
        <lastModified>1716367831383</lastModified>
        <lastModifiedBy>cp4admin</lastModifiedBy>
        <tenantId isNull="true" />
        <processId>1.0c5aa512-a402-4d97-bfa6-c6176e60a774</processId>
        <image isNull="true" />
        <tabGroup isNull="true" />
        <startingProcessItemId>2025.a8b83eb3-69bd-4b5f-8b88-edb50ab604f1</startingProcessItemId>
        <isRootProcess>false</isRootProcess>
        <processType>12</processType>
        <isErrorHandlerEnabled>false</isErrorHandlerEnabled>
        <errorHandlerItemId isNull="true" />
        <isLoggingVariables>false</isLoggingVariables>
        <isTransactional>false</isTransactional>
        <processTimingLevel isNull="true" />
        <participantRef isNull="true" />
        <exposedType>0</exposedType>
        <isTrackingEnabled>true</isTrackingEnabled>
        <xmlData isNull="true" />
        <cachingType>false</cachingType>
        <itemLabel isNull="true" />
        <cacheLength>0</cacheLength>
        <mobileReady>false</mobileReady>
        <sboSyncEnabled>true</sboSyncEnabled>
        <externalId isNull="true" />
        <isSecured>false</isSecured>
        <isAjaxExposed>true</isAjaxExposed>
        <isInvokedAsynchronously>false</isInvokedAsynchronously>
        <isTransactionalFlow>false</isTransactionalFlow>
        <description isNull="true" />
        <guid>guid:4de8e7d5da8de40b:66c9899e:18f8878ebd9:-793a</guid>
        <versionId>72c0b79e-b736-4324-8678-f0e957a7b907</versionId>
        <dependencySummary>&lt;dependencySummary id="bpdid:4de8e7d5da8de40b:66c9899e:18f8878ebd9:-78ed" /&gt;</dependencySummary>
        <jsonData>{"rootElement":[{"flowElement":[{"parallelMultiple":false,"outgoing":["2027.dad437ba-7c21-41ca-822b-84a945cdb397"],"isInterrupting":false,"extensionElements":{"nodeVisualInfo":[{"color":"#F8F8F8","width":24,"x":70,"y":68,"declaredType":"TNodeVisualInfo","height":24}]},"name":"Start","declaredType":"startEvent","id":"0b564555-31a3-4b13-8f9c-4aca52a5de79"},{"incoming":["5e1c0870-f611-40f2-8f82-fa2f34c60cfa"],"extensionElements":{"nodeVisualInfo":[{"color":"#F8F8F8","width":24,"x":687,"y":68,"declaredType":"TNodeVisualInfo","height":24}],"endStateId":["guid:4de8e7d5da8de40b:66c9899e:18f8878ebd9:-7938"],"saveExecutionContext":[true]},"name":"End","declaredType":"endEvent","id":"2ead5647-576d-4c56-8437-0c7b4386fca1"},{"targetRef":"a8b83eb3-69bd-4b5f-8b88-edb50ab604f1","extensionElements":{"linkVisualInfo":[{"sourcePortLocation":"rightCenter","showCoachControlLabel":false,"labelPosition":0.0,"targetPortLocation":"leftCenter","declaredType":"TLinkVisualInfo","saveExecutionContext":false,"showLabel":false}]},"name":"To Get Path","declaredType":"sequenceFlow","id":"2027.dad437ba-7c21-41ca-822b-84a945cdb397","sourceRef":"0b564555-31a3-4b13-8f9c-4aca52a5de79"},{"outgoing":["9ff147d4-1e3d-49d7-8283-d7e64f2ba647"],"incoming":["69f8b4f1-53bd-4661-876a-dea9a49de564"],"matchAllSearchCriteria":true,"extensionElements":{"nodeVisualInfo":[{"width":95,"x":347,"y":45,"declaredType":"TNodeVisualInfo","height":70}],"activityType":["ContentTask"]},"operationRef":"FOLDER_OP_GET_DOCS_IN_FOLDER","implementation":"##WebService","serverName":"IBM_TargetObjectStore","declaredType":"com.ibm.bpmsdk.model.bpmn20.ibmwleext.TContentTask","startQuantity":1,"name":"List Doc","dataInputAssociation":[{"targetRef":"FOLDER_ID","assignment":[{"from":{"evaluatesToTypeRef":"12.3212d5b3-f692-41b3-a893-343dc5c3df01","declaredType":"TFormalExpression","content":["tw.local.folder.objectId"]}}]}],"isForCompensation":false,"useMappedVariable":true,"completionQuantity":1,"id":"4121c9fe-f628-42dd-8bef-b639e3f3857c","dataOutputAssociation":[{"assignment":[{"to":{"evaluatesToTypeRef":"itm.12.490f939c-3c6d-4ef7-9707-33b5b618877a","declaredType":"TFormalExpression","content":["tw.local.documents"]}}],"sourceRef":["DOCUMENTS"]}],"orderOverride":false},{"targetRef":"bb031635-1519-4f4a-8759-4089d12ccad7","extensionElements":{"sequenceFlowImplementation":[{"fireValidation":"Never","sboSyncEnabled":true,"declaredType":"com.ibm.bpmsdk.model.bpmn20.ibmext.TSequenceFlowImplementation"}],"linkVisualInfo":[{"sourcePortLocation":"rightCenter","showCoachControlLabel":false,"labelPosition":0.0,"targetPortLocation":"leftCenter","declaredType":"TLinkVisualInfo","saveExecutionContext":true,"showLabel":false}]},"name":"To Prep","declaredType":"sequenceFlow","id":"9ff147d4-1e3d-49d7-8283-d7e64f2ba647","sourceRef":"4121c9fe-f628-42dd-8bef-b639e3f3857c"},{"outgoing":["69f8b4f1-53bd-4661-876a-dea9a49de564"],"incoming":["2027.dad437ba-7c21-41ca-822b-84a945cdb397"],"matchAllSearchCriteria":true,"extensionElements":{"nodeVisualInfo":[{"width":95,"x":177,"y":45,"declaredType":"TNodeVisualInfo","height":70}],"activityType":["ContentTask"]},"operationRef":"FOLDER_OP_GET_FOLDER_BY_PATH","implementation":"##WebService","serverName":"IBM_TargetObjectStore","declaredType":"com.ibm.bpmsdk.model.bpmn20.ibmwleext.TContentTask","startQuantity":1,"name":"Get Path","dataInputAssociation":[{"targetRef":"PATH","assignment":[{"from":{"evaluatesToTypeRef":"itm.12.db884a3c-c533-44b7-bb2d-47bec8ad4022","declaredType":"TFormalExpression","content":["tw.local.path"]}}]}],"isForCompensation":false,"useMappedVariable":true,"completionQuantity":1,"id":"a8b83eb3-69bd-4b5f-8b88-edb50ab604f1","dataOutputAssociation":[{"assignment":[{"to":{"evaluatesToTypeRef":"itm.12.240930df-e9da-40a6-a4e8-4b41b42bb183","declaredType":"TFormalExpression","content":["tw.local.folder"]}}],"sourceRef":["FOLDER"]}],"orderOverride":false},{"targetRef":"4121c9fe-f628-42dd-8bef-b639e3f3857c","extensionElements":{"linkVisualInfo":[{"sourcePortLocation":"rightCenter","showCoachControlLabel":false,"labelPosition":0.0,"targetPortLocation":"leftCenter","declaredType":"TLinkVisualInfo","saveExecutionContext":false,"showLabel":false}]},"name":"To List Doc","declaredType":"sequenceFlow","id":"69f8b4f1-53bd-4661-876a-dea9a49de564","sourceRef":"a8b83eb3-69bd-4b5f-8b88-edb50ab604f1"},{"itemSubjectRef":"itm.12.240930df-e9da-40a6-a4e8-4b41b42bb183","name":"folder","isCollection":false,"declaredType":"dataObject","id":"2056.95ca9d46-7b49-4e7e-86fd-9ef00592c1d0"},{"itemSubjectRef":"itm.12.490f939c-3c6d-4ef7-9707-33b5b618877a","name":"documents","isCollection":true,"declaredType":"dataObject","id":"2056.6b076225-607c-426f-8779-f1f84120d5ac"},{"startQuantity":1,"outgoing":["5e1c0870-f611-40f2-8f82-fa2f34c60cfa"],"incoming":["9ff147d4-1e3d-49d7-8283-d7e64f2ba647"],"extensionElements":{"nodeVisualInfo":[{"width":95,"x":517,"y":45,"declaredType":"TNodeVisualInfo","height":70}]},"name":"Prep","isForCompensation":false,"completionQuantity":1,"declaredType":"scriptTask","id":"bb031635-1519-4f4a-8759-4089d12ccad7","scriptFormat":"text\/x-javascript","script":{"content":["tw.local.docs = new tw.object.listOf.Doc();\nfor (var i=0; i&lt;tw.local.documents.length; i++) {\n\ttw.local.docs[i] = new tw.object.Doc();\n\ttw.local.docs[i].ID= tw.local.documents[i].objectId;\n\ttw.local.docs[i].Title= tw.local.documents[i].name;\n\ttw.local.docs[i].ReceptionDate= tw.local.documents[i].creationDate;\t\n\t}"]}},{"targetRef":"2ead5647-576d-4c56-8437-0c7b4386fca1","extensionElements":{"sequenceFlowImplementation":[{"fireValidation":"Never","sboSyncEnabled":true,"declaredType":"com.ibm.bpmsdk.model.bpmn20.ibmext.TSequenceFlowImplementation"}],"linkVisualInfo":[{"sourcePortLocation":"rightCenter","showCoachControlLabel":false,"labelPosition":0.0,"targetPortLocation":"leftCenter","declaredType":"TLinkVisualInfo","saveExecutionContext":true,"showLabel":false}]},"name":"To End","declaredType":"sequenceFlow","id":"5e1c0870-f611-40f2-8f82-fa2f34c60cfa","sourceRef":"bb031635-1519-4f4a-8759-4089d12ccad7"},{"extensionElements":{"defaultValue":[{"declaredType":"com.ibm.bpmsdk.model.bpmn20.ibmext.TDefaultValue","useDefault":true,"value":"\"\/Claims\/Transcripts\""}]},"itemSubjectRef":"itm.12.db884a3c-c533-44b7-bb2d-47bec8ad4022","name":"path","isCollection":false,"declaredType":"dataObject","id":"2056.c8d6435c-a9b7-4041-8d03-70f85821c3d9"}],"laneSet":[{"id":"b61ff765-f884-4491-84c1-61948dd131e3","lane":[{"flowNodeRef":["0b564555-31a3-4b13-8f9c-4aca52a5de79","2ead5647-576d-4c56-8437-0c7b4386fca1","4121c9fe-f628-42dd-8bef-b639e3f3857c","a8b83eb3-69bd-4b5f-8b88-edb50ab604f1","bb031635-1519-4f4a-8759-4089d12ccad7"],"extensionElements":{"nodeVisualInfo":[{"color":"#F8F8F8","width":3000,"x":0,"y":0,"declaredType":"TNodeVisualInfo","height":170}]},"name":"System","partitionElementRef":"24.6fd38d02-81cf-48ab-bd42-8ff4c0a1628b","declaredType":"lane","id":"1a5f9a26-b246-464b-82ab-a975b30c4e27","otherAttributes":{"{http:\/\/www.ibm.com\/xmlns\/prod\/bpm\/bpmn\/ext\/process\/wle}isSystemLane":"true"}}]}],"isClosed":false,"extensionElements":{"isSecured":[false],"isAjaxExposed":[true],"isTransactionalFlow":[false],"sboSyncEnabled":[true],"isInvokedAsynchronously":[false]},"documentation":[{"textFormat":"text\/plain"}],"name":"TranscriptDocument","declaredType":"process","id":"1.0c5aa512-a402-4d97-bfa6-c6176e60a774","processType":"None","otherAttributes":{"{http:\/\/www.ibm.com\/xmlns\/prod\/bpm\/bpmn\/ext\/process}executionMode":"microflow"},"ioSpecification":{"dataOutput":[{"itemSubjectRef":"itm.12.96bbebff-2620-4303-b3d3-5f56b89693c9","name":"docs","isCollection":true,"id":"2055.d7791d8a-59c7-4aa8-86fa-c510e8bb716f"}],"inputSet":[{"dataInputRefs":["2055.1a77801d-ed15-41fd-83bf-91a90abaa788"]}],"outputSet":[{"dataOutputRefs":["2055.d7791d8a-59c7-4aa8-86fa-c510e8bb716f"]}]}}],"targetNamespace":"","typeLanguage":"http:\/\/www.w3.org\/2001\/XMLSchema","expressionLanguage":"http:\/\/www.ibm.com\/xmlns\/prod\/bpm\/expression-lang\/javascript"}</jsonData>
        <field1 isNull="true" />
        <field2 isNull="true" />
        <field3>0</field3>
        <field4 isNull="true" />
        <field5>false</field5>
        <clobField1 isNull="true" />
        <blobField1 isNull="true" />
        <processParameter name="docs">
            <lastModified isNull="true" />
            <lastModifiedBy isNull="true" />
            <tenantId isNull="true" />
            <processParameterId>2055.d7791d8a-59c7-4aa8-86fa-c510e8bb716f</processParameterId>
            <processId>1.0c5aa512-a402-4d97-bfa6-c6176e60a774</processId>
            <parameterType>2</parameterType>
            <isArrayOf>true</isArrayOf>
            <classId>/12.96bbebff-2620-4303-b3d3-5f56b89693c9</classId>
            <seq>1</seq>
            <hasDefault>false</hasDefault>
            <defaultValue isNull="true" />
            <isLocked>false</isLocked>
            <description isNull="true" />
            <guid>guid:8765a30e-692d-4a01-82f8-1abb2e21d1a6</guid>
            <versionId>01b0e0fa-0d0d-4e18-b80c-affbf62f804e</versionId>
        </processParameter>
        <processParameter name="ECMError">
            <lastModified isNull="true" />
            <lastModifiedBy isNull="true" />
            <tenantId isNull="true" />
            <processParameterId>2055.00c8afd6-b71e-4b72-a800-0b376601a683</processParameterId>
            <processId>1.0c5aa512-a402-4d97-bfa6-c6176e60a774</processId>
            <parameterType>3</parameterType>
            <isArrayOf>false</isArrayOf>
            <classId>eb06c578-2751-4f88-8d83-11ae81f27089/12.bfb48b9b-8247-49fb-8f78-82b738b817a6</classId>
            <seq>14</seq>
            <hasDefault>false</hasDefault>
            <defaultValue>ECMError</defaultValue>
            <isLocked>false</isLocked>
            <description isNull="true" />
            <guid>guid:00c8afd6-b71e-4b72-a800-0b376601a683</guid>
            <versionId>b3149c60-7e8d-4778-baae-a12c4b8f4006</versionId>
        </processParameter>
        <processParameter name="ECMError">
            <lastModified isNull="true" />
            <lastModifiedBy isNull="true" />
            <tenantId isNull="true" />
            <processParameterId>2055.c5917be3-3f30-4de7-9754-789b68faabeb</processParameterId>
            <processId>1.0c5aa512-a402-4d97-bfa6-c6176e60a774</processId>
            <parameterType>3</parameterType>
            <isArrayOf>false</isArrayOf>
            <classId>eb06c578-2751-4f88-8d83-11ae81f27089/12.bfb48b9b-8247-49fb-8f78-82b738b817a6</classId>
            <seq>15</seq>
            <hasDefault>false</hasDefault>
            <defaultValue>ECMError</defaultValue>
            <isLocked>false</isLocked>
            <description isNull="true" />
            <guid>guid:c5917be3-3f30-4de7-9754-789b68faabeb</guid>
            <versionId>7f51f6f9-aa8e-4406-b58c-35034f0432e4</versionId>
        </processParameter>
        <processParameter name="ECMError">
            <lastModified isNull="true" />
            <lastModifiedBy isNull="true" />
            <tenantId isNull="true" />
            <processParameterId>2055.67d3cb1a-5e87-4822-8adc-2282eb62f8bb</processParameterId>
            <processId>1.0c5aa512-a402-4d97-bfa6-c6176e60a774</processId>
            <parameterType>3</parameterType>
            <isArrayOf>false</isArrayOf>
            <classId>eb06c578-2751-4f88-8d83-11ae81f27089/12.bfb48b9b-8247-49fb-8f78-82b738b817a6</classId>
            <seq>16</seq>
            <hasDefault>false</hasDefault>
            <defaultValue>ECMError</defaultValue>
            <isLocked>false</isLocked>
            <description isNull="true" />
            <guid>guid:67d3cb1a-5e87-4822-8adc-2282eb62f8bb</guid>
            <versionId>7878c511-beea-46fe-b2ad-6ac1efc9dcf1</versionId>
        </processParameter>
        <processVariable name="folder">
            <lastModified isNull="true" />
            <lastModifiedBy isNull="true" />
            <tenantId isNull="true" />
            <processVariableId>2056.95ca9d46-7b49-4e7e-86fd-9ef00592c1d0</processVariableId>
            <description isNull="true" />
            <processId>1.0c5aa512-a402-4d97-bfa6-c6176e60a774</processId>
            <namespace>2</namespace>
            <seq>1</seq>
            <isArrayOf>false</isArrayOf>
            <isTransient>false</isTransient>
            <classId>eb06c578-2751-4f88-8d83-11ae81f27089/12.240930df-e9da-40a6-a4e8-4b41b42bb183</classId>
            <hasDefault>false</hasDefault>
            <defaultValue isNull="true" />
            <guid>guid:c481d917-075a-42ec-b98b-e0d438d136a5</guid>
            <versionId>e0cbaa4c-f89d-4541-8064-bec1d777b518</versionId>
        </processVariable>
        <processVariable name="documents">
            <lastModified isNull="true" />
            <lastModifiedBy isNull="true" />
            <tenantId isNull="true" />
            <processVariableId>2056.6b076225-607c-426f-8779-f1f84120d5ac</processVariableId>
            <description isNull="true" />
            <processId>1.0c5aa512-a402-4d97-bfa6-c6176e60a774</processId>
            <namespace>2</namespace>
            <seq>2</seq>
            <isArrayOf>true</isArrayOf>
            <isTransient>false</isTransient>
            <classId>eb06c578-2751-4f88-8d83-11ae81f27089/12.490f939c-3c6d-4ef7-9707-33b5b618877a</classId>
            <hasDefault>false</hasDefault>
            <defaultValue isNull="true" />
            <guid>guid:feb55419-1c7a-457a-84e2-f4f9f787e097</guid>
            <versionId>b1411087-a92a-4f62-9f70-d49747748fd6</versionId>
        </processVariable>
        <processVariable name="path">
            <lastModified isNull="true" />
            <lastModifiedBy isNull="true" />
            <tenantId isNull="true" />
            <processVariableId>2056.c8d6435c-a9b7-4041-8d03-70f85821c3d9</processVariableId>
            <description isNull="true" />
            <processId>1.0c5aa512-a402-4d97-bfa6-c6176e60a774</processId>
            <namespace>2</namespace>
            <seq>3</seq>
            <isArrayOf>false</isArrayOf>
            <isTransient>false</isTransient>
            <classId>f9bfad03-1cba-408d-921f-41cfbdd4600c/12.db884a3c-c533-44b7-bb2d-47bec8ad4022</classId>
            <hasDefault>true</hasDefault>
            <defaultValue>"/Claims/Transcripts"</defaultValue>
            <guid>guid:ff60b14b-eb30-433c-b6e8-4bf4f7584a24</guid>
            <versionId>bd88075f-6302-4d38-9c12-cd5b601c671e</versionId>
        </processVariable>
        <item>
            <lastModified isNull="true" />
            <lastModifiedBy isNull="true" />
            <tenantId isNull="true" />
            <processItemId>2025.bb031635-1519-4f4a-8759-4089d12ccad7</processItemId>
            <processId>1.0c5aa512-a402-4d97-bfa6-c6176e60a774</processId>
            <name>Prep</name>
            <tWComponentName>Script</tWComponentName>
            <tWComponentId>3011.109c7a17-3abb-4d37-98e5-7935bf0d8bb8</tWComponentId>
            <isLogEnabled>false</isLogEnabled>
            <isTraceEnabled>false</isTraceEnabled>
            <traceCategory isNull="true" />
            <traceLevel isNull="true" />
            <traceMessage isNull="true" />
            <traceSymbolTable isNull="true" />
            <isExecutionContextTraced>false</isExecutionContextTraced>
            <saveExecutionContext>false</saveExecutionContext>
            <documentation isNull="true" />
            <isErrorHandlerEnabled>false</isErrorHandlerEnabled>
            <errorHandlerItemId isNull="true" />
            <guid>guid:4de8e7d5da8de40b:66c9899e:18f8878ebd9:-7932</guid>
            <versionId>85695a0e-d6ee-4c51-afad-935b15c893bd</versionId>
            <externalServiceRef isNull="true" />
            <externalServiceOp isNull="true" />
            <nodeColor isNull="true" />
            <layoutData x="517" y="45">
                <errorLink>
                    <controlPoints />
                    <showEndState>false</showEndState>
                    <showName>false</showName>
                </errorLink>
            </layoutData>
            <TWComponent>
                <lastModified isNull="true" />
                <lastModifiedBy isNull="true" />
                <tenantId isNull="true" />
                <scriptId>3011.109c7a17-3abb-4d37-98e5-7935bf0d8bb8</scriptId>
                <scriptTypeId>2</scriptTypeId>
                <isActive>true</isActive>
                <script>tw.local.docs = new tw.object.listOf.Doc();
for (var i=0; i&lt;tw.local.documents.length; i++) {
	tw.local.docs[i] = new tw.object.Doc();
	tw.local.docs[i].ID= tw.local.documents[i].objectId;
	tw.local.docs[i].Title= tw.local.documents[i].name;
	tw.local.docs[i].ReceptionDate= tw.local.documents[i].creationDate;	
	}</script>
                <isRule>false</isRule>
                <guid>guid:0575d9f7-2681-4b3a-9e77-18f24aae834b</guid>
                <versionId>84940856-1af2-40bc-bed6-3aaeb1fc235e</versionId>
            </TWComponent>
        </item>
        <item>
            <lastModified isNull="true" />
            <lastModifiedBy isNull="true" />
            <tenantId isNull="true" />
            <processItemId>2025.a8b83eb3-69bd-4b5f-8b88-edb50ab604f1</processItemId>
            <processId>1.0c5aa512-a402-4d97-bfa6-c6176e60a774</processId>
            <name>Get Path</name>
            <tWComponentName>ECMConnector</tWComponentName>
            <tWComponentId>3030.a5c956d0-b42e-4d94-8448-91cd90c8174c</tWComponentId>
            <isLogEnabled>false</isLogEnabled>
            <isTraceEnabled>false</isTraceEnabled>
            <traceCategory isNull="true" />
            <traceLevel isNull="true" />
            <traceMessage isNull="true" />
            <traceSymbolTable isNull="true" />
            <isExecutionContextTraced>false</isExecutionContextTraced>
            <saveExecutionContext>false</saveExecutionContext>
            <documentation isNull="true" />
            <isErrorHandlerEnabled>false</isErrorHandlerEnabled>
            <errorHandlerItemId isNull="true" />
            <guid>guid:4de8e7d5da8de40b:66c9899e:18f8878ebd9:-7935</guid>
            <versionId>115ba299-b97a-4719-bc1f-06aa9d2f9956</versionId>
            <externalServiceRef isNull="true" />
            <externalServiceOp isNull="true" />
            <nodeColor isNull="true" />
            <layoutData x="177" y="45">
                <errorLink>
                    <controlPoints />
                    <showEndState>false</showEndState>
                    <showName>false</showName>
                </errorLink>
            </layoutData>
            <TWComponent>
                <lastModified isNull="true" />
                <lastModifiedBy isNull="true" />
                <tenantId isNull="true" />
                <ecmConnectorId>3030.a5c956d0-b42e-4d94-8448-91cd90c8174c</ecmConnectorId>
                <definition>&lt;config type="com.lombardisoftware.client.persistence.ECMConnectorConfiguration"&gt;
  &lt;inputParameters&gt;
    &lt;parameter&gt;
      &lt;name&gt;path&lt;/name&gt;
      &lt;type&gt;String&lt;/type&gt;
      &lt;description&gt;&lt;/description&gt;
      &lt;defaultValue&gt;&lt;/defaultValue&gt;
      &lt;argumentVariable&gt;tw.local.path&lt;/argumentVariable&gt;
      &lt;isArray&gt;&lt;/isArray&gt;
      &lt;isList&gt;false&lt;/isList&gt;
    &lt;/parameter&gt;
    &lt;parameter&gt;
      &lt;name&gt;serverName&lt;/name&gt;
      &lt;type&gt;String&lt;/type&gt;
      &lt;description&gt;&lt;/description&gt;
      &lt;defaultValue&gt;&lt;/defaultValue&gt;
      &lt;argumentVariable&gt;&lt;/argumentVariable&gt;
      &lt;isArray&gt;&lt;/isArray&gt;
      &lt;isList&gt;false&lt;/isList&gt;
    &lt;/parameter&gt;
  &lt;/inputParameters&gt;
  &lt;outputParameters&gt;
    &lt;parameter&gt;
      &lt;name&gt;folder&lt;/name&gt;
      &lt;type&gt;ECMFolder&lt;/type&gt;
      &lt;description&gt;&lt;/description&gt;
      &lt;defaultValue&gt;&lt;/defaultValue&gt;
      &lt;argumentVariable&gt;tw.local.folder&lt;/argumentVariable&gt;
      &lt;isArray&gt;&lt;/isArray&gt;
      &lt;isList&gt;false&lt;/isList&gt;
    &lt;/parameter&gt;
  &lt;/outputParameters&gt;
  &lt;matchAllSearchCriteria&gt;true&lt;/matchAllSearchCriteria&gt;
  &lt;searchParameters /&gt;
  &lt;selectParameters /&gt;
  &lt;orderOverride&gt;false&lt;/orderOverride&gt;
  &lt;orderOverrideValue&gt;&lt;/orderOverrideValue&gt;
  &lt;operationType&gt;FOLDER_OP_GET_FOLDER_BY_PATH&lt;/operationType&gt;
  &lt;server&gt;IBM_TargetObjectStore&lt;/server&gt;
  &lt;objectTypeSelection&gt;DOCUMENT&lt;/objectTypeSelection&gt;
  &lt;useMappedVariable&gt;true&lt;/useMappedVariable&gt;
  &lt;faultParameterId&gt;2055.c5917be3-3f30-4de7-9754-789b68faabeb&lt;/faultParameterId&gt;
&lt;/config&gt;</definition>
                <guid>guid:35f90e00-502f-460d-9535-57bbbaf5d5ac</guid>
                <versionId>babc68de-3086-4d81-b3e7-1ad3db655c6f</versionId>
            </TWComponent>
        </item>
        <item>
            <lastModified isNull="true" />
            <lastModifiedBy isNull="true" />
            <tenantId isNull="true" />
            <processItemId>2025.4121c9fe-f628-42dd-8bef-b639e3f3857c</processItemId>
            <processId>1.0c5aa512-a402-4d97-bfa6-c6176e60a774</processId>
            <name>List Doc</name>
            <tWComponentName>ECMConnector</tWComponentName>
            <tWComponentId>3030.94aaa3ee-8d15-40a2-9260-017826d60b4f</tWComponentId>
            <isLogEnabled>false</isLogEnabled>
            <isTraceEnabled>false</isTraceEnabled>
            <traceCategory isNull="true" />
            <traceLevel isNull="true" />
            <traceMessage isNull="true" />
            <traceSymbolTable isNull="true" />
            <isExecutionContextTraced>false</isExecutionContextTraced>
            <saveExecutionContext>false</saveExecutionContext>
            <documentation isNull="true" />
            <isErrorHandlerEnabled>false</isErrorHandlerEnabled>
            <errorHandlerItemId isNull="true" />
            <guid>guid:4de8e7d5da8de40b:66c9899e:18f8878ebd9:-7936</guid>
            <versionId>bd83ebce-27b4-494b-9f01-e4774c007b40</versionId>
            <externalServiceRef isNull="true" />
            <externalServiceOp isNull="true" />
            <nodeColor isNull="true" />
            <layoutData x="347" y="45">
                <errorLink>
                    <controlPoints />
                    <showEndState>false</showEndState>
                    <showName>false</showName>
                </errorLink>
            </layoutData>
            <TWComponent>
                <lastModified isNull="true" />
                <lastModifiedBy isNull="true" />
                <tenantId isNull="true" />
                <ecmConnectorId>3030.94aaa3ee-8d15-40a2-9260-017826d60b4f</ecmConnectorId>
                <definition>&lt;config type="com.lombardisoftware.client.persistence.ECMConnectorConfiguration"&gt;
  &lt;inputParameters&gt;
    &lt;parameter&gt;
      &lt;name&gt;folderId&lt;/name&gt;
      &lt;type&gt;ECMID&lt;/type&gt;
      &lt;description&gt;&lt;/description&gt;
      &lt;defaultValue&gt;&lt;/defaultValue&gt;
      &lt;argumentVariable&gt;tw.local.folder.objectId&lt;/argumentVariable&gt;
      &lt;isArray&gt;&lt;/isArray&gt;
      &lt;isList&gt;false&lt;/isList&gt;
    &lt;/parameter&gt;
    &lt;parameter&gt;
      &lt;name&gt;serverName&lt;/name&gt;
      &lt;type&gt;String&lt;/type&gt;
      &lt;description&gt;&lt;/description&gt;
      &lt;defaultValue&gt;&lt;/defaultValue&gt;
      &lt;argumentVariable&gt;&lt;/argumentVariable&gt;
      &lt;isArray&gt;&lt;/isArray&gt;
      &lt;isList&gt;false&lt;/isList&gt;
    &lt;/parameter&gt;
  &lt;/inputParameters&gt;
  &lt;outputParameters&gt;
    &lt;parameter&gt;
      &lt;name&gt;documents&lt;/name&gt;
      &lt;type&gt;ECMDocument&lt;/type&gt;
      &lt;description&gt;&lt;/description&gt;
      &lt;defaultValue&gt;&lt;/defaultValue&gt;
      &lt;argumentVariable&gt;tw.local.documents&lt;/argumentVariable&gt;
      &lt;isArray&gt;&lt;/isArray&gt;
      &lt;isList&gt;true&lt;/isList&gt;
    &lt;/parameter&gt;
  &lt;/outputParameters&gt;
  &lt;matchAllSearchCriteria&gt;true&lt;/matchAllSearchCriteria&gt;
  &lt;searchParameters /&gt;
  &lt;selectParameters /&gt;
  &lt;orderOverride&gt;false&lt;/orderOverride&gt;
  &lt;orderOverrideValue&gt;&lt;/orderOverrideValue&gt;
  &lt;operationType&gt;FOLDER_OP_GET_DOCS_IN_FOLDER&lt;/operationType&gt;
  &lt;server&gt;IBM_TargetObjectStore&lt;/server&gt;
  &lt;objectTypeSelection&gt;DOCUMENT&lt;/objectTypeSelection&gt;
  &lt;useMappedVariable&gt;true&lt;/useMappedVariable&gt;
  &lt;faultParameterId&gt;2055.67d3cb1a-5e87-4822-8adc-2282eb62f8bb&lt;/faultParameterId&gt;
&lt;/config&gt;</definition>
                <guid>guid:82845eae-b042-42b8-a839-3c64b399ef4d</guid>
                <versionId>45847de1-f0ca-403a-b7d2-52a6c310e3aa</versionId>
            </TWComponent>
        </item>
        <item>
            <lastModified isNull="true" />
            <lastModifiedBy isNull="true" />
            <tenantId isNull="true" />
            <processItemId>2025.2ead5647-576d-4c56-8437-0c7b4386fca1</processItemId>
            <processId>1.0c5aa512-a402-4d97-bfa6-c6176e60a774</processId>
            <name>End</name>
            <tWComponentName>ExitPoint</tWComponentName>
            <tWComponentId>3008.7764dd88-a25b-4e17-80c0-bd381be7ff6b</tWComponentId>
            <isLogEnabled>false</isLogEnabled>
            <isTraceEnabled>false</isTraceEnabled>
            <traceCategory isNull="true" />
            <traceLevel isNull="true" />
            <traceMessage isNull="true" />
            <traceSymbolTable isNull="true" />
            <isExecutionContextTraced>false</isExecutionContextTraced>
            <saveExecutionContext>true</saveExecutionContext>
            <documentation isNull="true" />
            <isErrorHandlerEnabled>false</isErrorHandlerEnabled>
            <errorHandlerItemId isNull="true" />
            <guid>guid:4de8e7d5da8de40b:66c9899e:18f8878ebd9:-7938</guid>
            <versionId>5c80d3ed-5592-4055-827d-540c5c48c718</versionId>
            <externalServiceRef isNull="true" />
            <externalServiceOp isNull="true" />
            <nodeColor isNull="true" />
            <layoutData x="687" y="68">
                <errorLink>
                    <controlPoints />
                    <showEndState>false</showEndState>
                    <showName>false</showName>
                </errorLink>
            </layoutData>
            <TWComponent>
                <lastModified isNull="true" />
                <lastModifiedBy isNull="true" />
                <tenantId isNull="true" />
                <exitPointId>3008.7764dd88-a25b-4e17-80c0-bd381be7ff6b</exitPointId>
                <haltProcess>false</haltProcess>
                <guid>guid:13aa5359-a912-4543-bfff-bdded5aca71d</guid>
                <versionId>f576e83e-adaa-4026-9463-16de6a0fa39d</versionId>
            </TWComponent>
        </item>
        <startingProcessItemId>2025.a8b83eb3-69bd-4b5f-8b88-edb50ab604f1</startingProcessItemId>
        <errorHandlerItemId isNull="true" />
        <layoutData noConversion="true">
            <errorLink>
                <controlPoints />
                <showEndState>false</showEndState>
                <showName>false</showName>
            </errorLink>
        </layoutData>
        <startPoint>
            <layoutData x="70" y="68">
                <errorLink>
                    <controlPoints />
                    <showEndState>false</showEndState>
                    <showName>false</showName>
                </errorLink>
            </layoutData>
        </startPoint>
        <startLink>
            <fromPort locationId="rightCenter" portType="1" />
            <toPort locationId="leftCenter" portType="2" />
            <layoutData>
                <controlPoints />
                <showEndState>false</showEndState>
                <showName>false</showName>
            </layoutData>
        </startLink>
        <bpmn2Model>
            <ns16:definitions xmlns:ns16="http://www.omg.org/spec/BPMN/20100524/MODEL" xmlns:ns2="http://www.ibm.com/xmlns/prod/bpm/bpmn/ext/process" xmlns:ns3="http://www.ibm.com/xmlns/prod/bpm/bpmn/ext/process/wle" xmlns:ns4="http://www.ibm.com/xmlns/prod/bpm/bpmn/ext/process/case" xmlns:ns5="http://www.ibm.com/bpm/Extensions" xmlns:ns6="http://www.ibm.com/xmlns/prod/bpm/uca" xmlns:ns7="http://www.ibm.com/xmlns/prod/bpm/bpmn/ext/team" xmlns:ns8="http://www.ibm.com/xmlns/prod/bpm/bpmn/ext/trackinggroup" xmlns:ns9="http://www.ibm.com/xmlns/bpmnx/20100524/v1/BusinessVocabulary" xmlns:ns10="http://www.omg.org/spec/DD/20100524/DI" xmlns:ns11="http://www.omg.org/spec/DD/20100524/DC" xmlns:ns12="http://www.omg.org/spec/BPMN/20100524/BPMNDI" xmlns:ns13="http://www.ibm.com/xmlns/prod/bpm/graph" xmlns:ns14="http://www.ibm.com/xmlns/prod/bpm/bpmn/ext/process/auth" xmlns:ns15="http://www.ibm.com/xmlns/prod/bpm/bpmn/ext/extservice" xmlns:ns17="http://www.ibm.com/bpm/processappsettings" xmlns:ns18="http://www.ibm.com/xmlns/links" xmlns:ns19="http://www.ibm.com/bpm/CoachDesignerNG" xmlns:ns20="http://www.ibm.com/xmlns/tagging" xmlns:ns21="http://www.ibm.com/bpm/uitheme" xmlns:ns22="http://www.ibm.com/bpm/coachview" targetNamespace="" expressionLanguage="http://www.ibm.com/xmlns/prod/bpm/expression-lang/javascript" typeLanguage="http://www.w3.org/2001/XMLSchema">
                
                
                <ns16:process name="TranscriptDocument" id="1.0c5aa512-a402-4d97-bfa6-c6176e60a774" ns2:executionMode="microflow">
                    
                    
                    <ns16:documentation textFormat="text/plain" />
                    
                    
                    <ns16:extensionElements>
                        
                        
                        <ns2:isTransactionalFlow>false</ns2:isTransactionalFlow>
                        
                        
                        <ns2:sboSyncEnabled>true</ns2:sboSyncEnabled>
                        
                        
                        <ns2:isInvokedAsynchronously>false</ns2:isInvokedAsynchronously>
                        
                        
                        <ns2:isSecured>false</ns2:isSecured>
                        
                        
                        <ns2:isAjaxExposed>true</ns2:isAjaxExposed>
                        
                    
                    </ns16:extensionElements>
                    
                    
                    <ns16:ioSpecification>
                        
                        
                        <ns16:dataOutput name="docs" itemSubjectRef="itm.12.96bbebff-2620-4303-b3d3-5f56b89693c9" isCollection="true" id="2055.d7791d8a-59c7-4aa8-86fa-c510e8bb716f" />
                        
                        
                        <ns16:inputSet>
                            
                            
                            <ns16:dataInputRefs>2055.1a77801d-ed15-41fd-83bf-91a90abaa788</ns16:dataInputRefs>
                            
                        
                        </ns16:inputSet>
                        
                        
                        <ns16:outputSet>
                            
                            
                            <ns16:dataOutputRefs>2055.d7791d8a-59c7-4aa8-86fa-c510e8bb716f</ns16:dataOutputRefs>
                            
                        
                        </ns16:outputSet>
                        
                    
                    </ns16:ioSpecification>
                    
                    
                    <ns16:laneSet id="b61ff765-f884-4491-84c1-61948dd131e3">
                        
                        
                        <ns16:lane name="System" partitionElementRef="24.6fd38d02-81cf-48ab-bd42-8ff4c0a1628b" id="1a5f9a26-b246-464b-82ab-a975b30c4e27" ns3:isSystemLane="true">
                            
                            
                            <ns16:extensionElements>
                                
                                
                                <ns13:nodeVisualInfo x="0" y="0" width="3000" height="170" color="#F8F8F8" />
                                
                            
                            </ns16:extensionElements>
                            
                            
                            <ns16:flowNodeRef>0b564555-31a3-4b13-8f9c-4aca52a5de79</ns16:flowNodeRef>
                            
                            
                            <ns16:flowNodeRef>2ead5647-576d-4c56-8437-0c7b4386fca1</ns16:flowNodeRef>
                            
                            
                            <ns16:flowNodeRef>4121c9fe-f628-42dd-8bef-b639e3f3857c</ns16:flowNodeRef>
                            
                            
                            <ns16:flowNodeRef>a8b83eb3-69bd-4b5f-8b88-edb50ab604f1</ns16:flowNodeRef>
                            
                            
                            <ns16:flowNodeRef>bb031635-1519-4f4a-8759-4089d12ccad7</ns16:flowNodeRef>
                            
                        
                        </ns16:lane>
                        
                    
                    </ns16:laneSet>
                    
                    
                    <ns16:startEvent isInterrupting="false" parallelMultiple="false" name="Start" id="0b564555-31a3-4b13-8f9c-4aca52a5de79">
                        
                        
                        <ns16:extensionElements>
                            
                            
                            <ns13:nodeVisualInfo x="70" y="68" width="24" height="24" color="#F8F8F8" />
                            
                        
                        </ns16:extensionElements>
                        
                        
                        <ns16:outgoing>2027.dad437ba-7c21-41ca-822b-84a945cdb397</ns16:outgoing>
                        
                    
                    </ns16:startEvent>
                    
                    
                    <ns16:endEvent name="End" id="2ead5647-576d-4c56-8437-0c7b4386fca1">
                        
                        
                        <ns16:extensionElements>
                            
                            
                            <ns13:nodeVisualInfo x="687" y="68" width="24" height="24" color="#F8F8F8" />
                            
                            
                            <ns3:saveExecutionContext>true</ns3:saveExecutionContext>
                            
                            
                            <ns2:endStateId>guid:4de8e7d5da8de40b:66c9899e:18f8878ebd9:-7938</ns2:endStateId>
                            
                        
                        </ns16:extensionElements>
                        
                        
                        <ns16:incoming>5e1c0870-f611-40f2-8f82-fa2f34c60cfa</ns16:incoming>
                        
                    
                    </ns16:endEvent>
                    
                    
                    <ns16:sequenceFlow sourceRef="0b564555-31a3-4b13-8f9c-4aca52a5de79" targetRef="a8b83eb3-69bd-4b5f-8b88-edb50ab604f1" name="To Get Path" id="2027.dad437ba-7c21-41ca-822b-84a945cdb397">
                        
                        
                        <ns16:extensionElements>
                            
                            
                            <ns13:linkVisualInfo>
                                
                                
                                <ns13:sourcePortLocation>rightCenter</ns13:sourcePortLocation>
                                
                                
                                <ns13:targetPortLocation>leftCenter</ns13:targetPortLocation>
                                
                                
                                <ns13:showLabel>false</ns13:showLabel>
                                
                                
                                <ns13:showCoachControlLabel>false</ns13:showCoachControlLabel>
                                
                                
                                <ns13:labelPosition>0.0</ns13:labelPosition>
                                
                                
                                <ns13:saveExecutionContext>false</ns13:saveExecutionContext>
                                
                            
                            </ns13:linkVisualInfo>
                            
                        
                        </ns16:extensionElements>
                        
                    
                    </ns16:sequenceFlow>
                    
                    
                    <ns3:contentTask serverName="IBM_TargetObjectStore" implementation="##WebService" operationRef="FOLDER_OP_GET_DOCS_IN_FOLDER" isForCompensation="false" startQuantity="1" completionQuantity="1" name="List Doc" id="4121c9fe-f628-42dd-8bef-b639e3f3857c">
                        
                        
                        <ns16:extensionElements>
                            
                            
                            <ns13:nodeVisualInfo x="347" y="45" width="95" height="70" />
                            
                            
                            <ns3:activityType>ContentTask</ns3:activityType>
                            
                        
                        </ns16:extensionElements>
                        
                        
                        <ns16:incoming>69f8b4f1-53bd-4661-876a-dea9a49de564</ns16:incoming>
                        
                        
                        <ns16:outgoing>9ff147d4-1e3d-49d7-8283-d7e64f2ba647</ns16:outgoing>
                        
                        
                        <ns16:dataInputAssociation>
                            
                            
                            <ns16:targetRef>FOLDER_ID</ns16:targetRef>
                            
                            
                            <ns16:assignment>
                                
                                
                                <ns16:from xmlns:xsi="http://www.w3.org/2001/XMLSchema-instance" xsi:type="ns16:tFormalExpression" evaluatesToTypeRef="12.3212d5b3-f692-41b3-a893-343dc5c3df01">tw.local.folder.objectId</ns16:from>
                                
                            
                            </ns16:assignment>
                            
                        
                        </ns16:dataInputAssociation>
                        
                        
                        <ns16:dataOutputAssociation>
                            
                            
                            <ns16:sourceRef>DOCUMENTS</ns16:sourceRef>
                            
                            
                            <ns16:assignment>
                                
                                
                                <ns16:to xmlns:xsi="http://www.w3.org/2001/XMLSchema-instance" xsi:type="ns16:tFormalExpression" evaluatesToTypeRef="itm.12.490f939c-3c6d-4ef7-9707-33b5b618877a">tw.local.documents</ns16:to>
                                
                            
                            </ns16:assignment>
                            
                        
                        </ns16:dataOutputAssociation>
                        
                    
                    </ns3:contentTask>
                    
                    
                    <ns16:sequenceFlow sourceRef="4121c9fe-f628-42dd-8bef-b639e3f3857c" targetRef="bb031635-1519-4f4a-8759-4089d12ccad7" name="To Prep" id="9ff147d4-1e3d-49d7-8283-d7e64f2ba647">
                        
                        
                        <ns16:extensionElements>
                            
                            
                            <ns2:sequenceFlowImplementation sboSyncEnabled="true" />
                            
                            
                            <ns13:linkVisualInfo>
                                
                                
                                <ns13:sourcePortLocation>rightCenter</ns13:sourcePortLocation>
                                
                                
                                <ns13:targetPortLocation>leftCenter</ns13:targetPortLocation>
                                
                                
                                <ns13:showLabel>false</ns13:showLabel>
                                
                                
                                <ns13:showCoachControlLabel>false</ns13:showCoachControlLabel>
                                
                                
                                <ns13:labelPosition>0.0</ns13:labelPosition>
                                
                                
                                <ns13:saveExecutionContext>true</ns13:saveExecutionContext>
                                
                            
                            </ns13:linkVisualInfo>
                            
                        
                        </ns16:extensionElements>
                        
                    
                    </ns16:sequenceFlow>
                    
                    
                    <ns3:contentTask serverName="IBM_TargetObjectStore" operationRef="FOLDER_OP_GET_FOLDER_BY_PATH" name="Get Path" id="a8b83eb3-69bd-4b5f-8b88-edb50ab604f1">
                        
                        
                        <ns16:extensionElements>
                            
                            
                            <ns13:nodeVisualInfo x="177" y="45" width="95" height="70" />
                            
                            
                            <ns3:activityType>ContentTask</ns3:activityType>
                            
                        
                        </ns16:extensionElements>
                        
                        
                        <ns16:incoming>2027.dad437ba-7c21-41ca-822b-84a945cdb397</ns16:incoming>
                        
                        
                        <ns16:outgoing>69f8b4f1-53bd-4661-876a-dea9a49de564</ns16:outgoing>
                        
                        
                        <ns16:dataInputAssociation>
                            
                            
                            <ns16:targetRef>PATH</ns16:targetRef>
                            
                            
                            <ns16:assignment>
                                
                                
                                <ns16:from xmlns:xsi="http://www.w3.org/2001/XMLSchema-instance" xsi:type="ns16:tFormalExpression" evaluatesToTypeRef="itm.12.db884a3c-c533-44b7-bb2d-47bec8ad4022">tw.local.path</ns16:from>
                                
                            
                            </ns16:assignment>
                            
                        
                        </ns16:dataInputAssociation>
                        
                        
                        <ns16:dataOutputAssociation>
                            
                            
                            <ns16:sourceRef>FOLDER</ns16:sourceRef>
                            
                            
                            <ns16:assignment>
                                
                                
                                <ns16:to xmlns:xsi="http://www.w3.org/2001/XMLSchema-instance" xsi:type="ns16:tFormalExpression" evaluatesToTypeRef="itm.12.240930df-e9da-40a6-a4e8-4b41b42bb183">tw.local.folder</ns16:to>
                                
                            
                            </ns16:assignment>
                            
                        
                        </ns16:dataOutputAssociation>
                        
                    
                    </ns3:contentTask>
                    
                    
                    <ns16:sequenceFlow sourceRef="a8b83eb3-69bd-4b5f-8b88-edb50ab604f1" targetRef="4121c9fe-f628-42dd-8bef-b639e3f3857c" name="To List Doc" id="69f8b4f1-53bd-4661-876a-dea9a49de564">
                        
                        
                        <ns16:extensionElements>
                            
                            
                            <ns13:linkVisualInfo>
                                
                                
                                <ns13:sourcePortLocation>rightCenter</ns13:sourcePortLocation>
                                
                                
                                <ns13:targetPortLocation>leftCenter</ns13:targetPortLocation>
                                
                                
                                <ns13:showLabel>false</ns13:showLabel>
                                
                                
                                <ns13:showCoachControlLabel>false</ns13:showCoachControlLabel>
                                
                                
                                <ns13:labelPosition>0.0</ns13:labelPosition>
                                
                                
                                <ns13:saveExecutionContext>false</ns13:saveExecutionContext>
                                
                            
                            </ns13:linkVisualInfo>
                            
                        
                        </ns16:extensionElements>
                        
                    
                    </ns16:sequenceFlow>
                    
                    
                    <ns16:dataObject itemSubjectRef="itm.12.240930df-e9da-40a6-a4e8-4b41b42bb183" isCollection="false" name="folder" id="2056.95ca9d46-7b49-4e7e-86fd-9ef00592c1d0" />
                    
                    
                    <ns16:dataObject itemSubjectRef="itm.12.490f939c-3c6d-4ef7-9707-33b5b618877a" isCollection="true" name="documents" id="2056.6b076225-607c-426f-8779-f1f84120d5ac" />
                    
                    
                    <ns16:scriptTask scriptFormat="text/x-javascript" name="Prep" id="bb031635-1519-4f4a-8759-4089d12ccad7">
                        
                        
                        <ns16:extensionElements>
                            
                            
                            <ns13:nodeVisualInfo x="517" y="45" width="95" height="70" />
                            
                        
                        </ns16:extensionElements>
                        
                        
                        <ns16:incoming>9ff147d4-1e3d-49d7-8283-d7e64f2ba647</ns16:incoming>
                        
                        
                        <ns16:outgoing>5e1c0870-f611-40f2-8f82-fa2f34c60cfa</ns16:outgoing>
                        
                        
                        <ns16:script>tw.local.docs = new tw.object.listOf.Doc();
for (var i=0; i&lt;tw.local.documents.length; i++) {
	tw.local.docs[i] = new tw.object.Doc();
	tw.local.docs[i].ID= tw.local.documents[i].objectId;
	tw.local.docs[i].Title= tw.local.documents[i].name;
	tw.local.docs[i].ReceptionDate= tw.local.documents[i].creationDate;	
	}</ns16:script>
                        
                    
                    </ns16:scriptTask>
                    
                    
                    <ns16:sequenceFlow sourceRef="bb031635-1519-4f4a-8759-4089d12ccad7" targetRef="2ead5647-576d-4c56-8437-0c7b4386fca1" name="To End" id="5e1c0870-f611-40f2-8f82-fa2f34c60cfa">
                        
                        
                        <ns16:extensionElements>
                            
                            
                            <ns2:sequenceFlowImplementation sboSyncEnabled="true" />
                            
                            
                            <ns13:linkVisualInfo>
                                
                                
                                <ns13:sourcePortLocation>rightCenter</ns13:sourcePortLocation>
                                
                                
                                <ns13:targetPortLocation>leftCenter</ns13:targetPortLocation>
                                
                                
                                <ns13:showLabel>false</ns13:showLabel>
                                
                                
                                <ns13:showCoachControlLabel>false</ns13:showCoachControlLabel>
                                
                                
                                <ns13:labelPosition>0.0</ns13:labelPosition>
                                
                                
                                <ns13:saveExecutionContext>true</ns13:saveExecutionContext>
                                
                            
                            </ns13:linkVisualInfo>
                            
                        
                        </ns16:extensionElements>
                        
                    
                    </ns16:sequenceFlow>
                    
                    
                    <ns16:dataObject itemSubjectRef="itm.12.db884a3c-c533-44b7-bb2d-47bec8ad4022" isCollection="false" name="path" id="2056.c8d6435c-a9b7-4041-8d03-70f85821c3d9">
                        
                        
                        <ns16:extensionElements>
                            
                            
                            <ns2:defaultValue useDefault="true">"/Claims/Transcripts"</ns2:defaultValue>
                            
                        
                        </ns16:extensionElements>
                        
                    
                    </ns16:dataObject>
                    
                
                </ns16:process>
                
            
            </ns16:definitions>
        </bpmn2Model>
        <link name="To List Doc">
            <lastModified isNull="true" />
            <lastModifiedBy isNull="true" />
            <tenantId isNull="true" />
            <processLinkId>2027.69f8b4f1-53bd-4661-876a-dea9a49de564</processLinkId>
            <processId>1.0c5aa512-a402-4d97-bfa6-c6176e60a774</processId>
            <description isNull="true" />
            <fromProcessItemId>2025.a8b83eb3-69bd-4b5f-8b88-edb50ab604f1</fromProcessItemId>
            <endStateId>Out</endStateId>
            <toProcessItemId>2025.4121c9fe-f628-42dd-8bef-b639e3f3857c</toProcessItemId>
            <guid>guid:35265790-5790-4e10-8761-368fa49a5768</guid>
            <versionId>5fe64d73-105c-4a9b-91f7-3a2eca691674</versionId>
            <layoutData>
                <controlPoints />
                <showEndState>false</showEndState>
                <showName>false</showName>
            </layoutData>
            <fromItemPort locationId="rightCenter" portType="1" />
            <toItemPort locationId="leftCenter" portType="2" />
            <fromProcessItemId>2025.a8b83eb3-69bd-4b5f-8b88-edb50ab604f1</fromProcessItemId>
            <toProcessItemId>2025.4121c9fe-f628-42dd-8bef-b639e3f3857c</toProcessItemId>
        </link>
        <link name="To End">
            <lastModified isNull="true" />
            <lastModifiedBy isNull="true" />
            <tenantId isNull="true" />
            <processLinkId>2027.5e1c0870-f611-40f2-8f82-fa2f34c60cfa</processLinkId>
            <processId>1.0c5aa512-a402-4d97-bfa6-c6176e60a774</processId>
            <description isNull="true" />
            <fromProcessItemId>2025.bb031635-1519-4f4a-8759-4089d12ccad7</fromProcessItemId>
            <endStateId>Out</endStateId>
            <toProcessItemId>2025.2ead5647-576d-4c56-8437-0c7b4386fca1</toProcessItemId>
            <guid>guid:432b1f25-0a82-457d-8727-ae65b938f3ba</guid>
            <versionId>461441ff-0abb-428e-8a63-80ad53bd3d0d</versionId>
            <layoutData>
                <controlPoints />
                <showEndState>false</showEndState>
                <showName>false</showName>
            </layoutData>
            <fromItemPort locationId="rightCenter" portType="1" />
            <toItemPort locationId="leftCenter" portType="2" />
            <fromProcessItemId>2025.bb031635-1519-4f4a-8759-4089d12ccad7</fromProcessItemId>
            <toProcessItemId>2025.2ead5647-576d-4c56-8437-0c7b4386fca1</toProcessItemId>
        </link>
        <link name="To Prep">
            <lastModified isNull="true" />
            <lastModifiedBy isNull="true" />
            <tenantId isNull="true" />
            <processLinkId>2027.9ff147d4-1e3d-49d7-8283-d7e64f2ba647</processLinkId>
            <processId>1.0c5aa512-a402-4d97-bfa6-c6176e60a774</processId>
            <description isNull="true" />
            <fromProcessItemId>2025.4121c9fe-f628-42dd-8bef-b639e3f3857c</fromProcessItemId>
            <endStateId>Out</endStateId>
            <toProcessItemId>2025.bb031635-1519-4f4a-8759-4089d12ccad7</toProcessItemId>
            <guid>guid:b6049a51-ca1a-477f-a720-b740287119bc</guid>
            <versionId>6ec9d1a4-7de1-4615-a870-85dcb6051501</versionId>
            <layoutData>
                <controlPoints />
                <showEndState>false</showEndState>
                <showName>false</showName>
            </layoutData>
            <fromItemPort locationId="rightCenter" portType="1" />
            <toItemPort locationId="leftCenter" portType="2" />
            <fromProcessItemId>2025.4121c9fe-f628-42dd-8bef-b639e3f3857c</fromProcessItemId>
            <toProcessItemId>2025.bb031635-1519-4f4a-8759-4089d12ccad7</toProcessItemId>
        </link>
    </process>
</teamworks>

