<?xml version="1.0" encoding="UTF-8"?>
<teamworks>
    <process id="1.16e80dc1-b6d0-4325-bf94-d8538fd6bc9f" name="BaseAICall">
        <lastModified>1715978049365</lastModified>
        <lastModifiedBy>cp4admin</lastModifiedBy>
        <tenantId isNull="true" />
        <processId>1.16e80dc1-b6d0-4325-bf94-d8538fd6bc9f</processId>
        <image isNull="true" />
        <tabGroup isNull="true" />
        <startingProcessItemId>2025.a0cd5e94-614d-4550-91de-e10ad615f339</startingProcessItemId>
        <isRootProcess>false</isRootProcess>
        <processType>12</processType>
        <isErrorHandlerEnabled>false</isErrorHandlerEnabled>
        <errorHandlerItemId isNull="true" />
        <isLoggingVariables>false</isLoggingVariables>
        <isTransactional>false</isTransactional>
        <processTimingLevel isNull="true" />
        <participantRef isNull="true" />
        <exposedType>0</exposedType>
        <isTrackingEnabled>true</isTrackingEnabled>
        <xmlData isNull="true" />
        <cachingType>false</cachingType>
        <itemLabel isNull="true" />
        <cacheLength>0</cacheLength>
        <mobileReady>false</mobileReady>
        <sboSyncEnabled>true</sboSyncEnabled>
        <externalId isNull="true" />
        <isSecured>false</isSecured>
        <isAjaxExposed>true</isAjaxExposed>
        <isInvokedAsynchronously>false</isInvokedAsynchronously>
        <isTransactionalFlow>false</isTransactionalFlow>
        <description isNull="true" />
        <guid>bd69764e-03ec-400b-b759-c53a5fbe94e4</guid>
        <versionId>2c076b0f-e4ec-4242-b7a5-261b41bd1451</versionId>
        <dependencySummary>&lt;dependencySummary id="bpdid:dbf9acf9c88654db:-50650b7:18f55283b66:-6d17" /&gt;</dependencySummary>
        <jsonData>{"rootElement":[{"flowElement":[{"parallelMultiple":false,"outgoing":["2027.0f4e7a09-4a3e-4c75-9cb5-a404a3d4b015"],"isInterrupting":false,"extensionElements":{"nodeVisualInfo":[{"color":"#F8F8F8","width":24,"x":25,"y":80,"declaredType":"TNodeVisualInfo","height":24}]},"name":"Start","declaredType":"startEvent","id":"f2ea6230-9ba8-4f0d-b3e0-6eff5bc15cce"},{"incoming":["63f131dd-c182-477d-b809-ff0e327ac9d5"],"extensionElements":{"nodeVisualInfo":[{"color":"#F8F8F8","width":24,"x":850,"y":85,"declaredType":"TNodeVisualInfo","height":24}],"endStateId":["guid:dbf9acf9c88654db:-50650b7:18f55283b66:-7019"],"saveExecutionContext":[true]},"name":"End","declaredType":"endEvent","id":"118713cf-bef0-4142-a568-b5397fb85b7b"},{"targetRef":"a0cd5e94-614d-4550-91de-e10ad615f339","extensionElements":{"linkVisualInfo":[{"sourcePortLocation":"rightCenter","showCoachControlLabel":false,"labelPosition":0.0,"targetPortLocation":"leftCenter","declaredType":"TLinkVisualInfo","saveExecutionContext":false,"showLabel":false}]},"name":"To Get Token","declaredType":"sequenceFlow","id":"2027.0f4e7a09-4a3e-4c75-9cb5-a404a3d4b015","sourceRef":"f2ea6230-9ba8-4f0d-b3e0-6eff5bc15cce"},{"startQuantity":1,"outgoing":["66bb6f04-6498-440c-9981-8c07e23035ea"],"incoming":["2027.0f4e7a09-4a3e-4c75-9cb5-a404a3d4b015"],"extensionElements":{"nodeVisualInfo":[{"width":95,"x":168,"y":60,"declaredType":"TNodeVisualInfo","height":70}],"activityType":["CalledProcess"]},"name":"Get Token","dataInputAssociation":[{"targetRef":"2055.f7f6cf9e-f2c4-43a1-80b6-3b2b4a90c651","assignment":[{"from":{"evaluatesToTypeRef":"itm.12.ebdcaf0a-7aa2-4842-8ff0-175021bb179b","declaredType":"TFormalExpression","content":["tw.local.iam_properties"]}}]}],"isForCompensation":false,"completionQuantity":1,"declaredType":"callActivity","id":"a0cd5e94-614d-4550-91de-e10ad615f339","dataOutputAssociation":[{"assignment":[{"to":{"evaluatesToTypeRef":"itm.12.f21b8a24-5fc2-4e9d-815d-2c194639264c","declaredType":"TFormalExpression","content":["tw.local.token"]}}],"sourceRef":["2055.a1b77c99-85ec-4952-8fda-9557ea5061c0"]}],"calledElement":"1.dc691a1a-a5c2-4b39-ad54-78834ea31e55"},{"targetRef":"75f8505d-1bcb-4244-8ebe-f2d803bd0731","extensionElements":{"sequenceFlowImplementation":[{"fireValidation":"Never","sboSyncEnabled":true,"declaredType":"com.ibm.bpmsdk.model.bpmn20.ibmext.TSequenceFlowImplementation"}],"endStateId":["guid:4e818afbefcb4c70:5be2d762:189e56a5879:-7170"],"linkVisualInfo":[{"sourcePortLocation":"rightCenter","showCoachControlLabel":false,"labelPosition":0.0,"targetPortLocation":"leftCenter","declaredType":"TLinkVisualInfo","saveExecutionContext":true,"showLabel":false}]},"name":"To Call WatsonX","declaredType":"sequenceFlow","id":"66bb6f04-6498-440c-9981-8c07e23035ea","sourceRef":"a0cd5e94-614d-4550-91de-e10ad615f339"},{"extensionElements":{"defaultValue":[{"declaredType":"com.ibm.bpmsdk.model.bpmn20.ibmext.TDefaultValue","useDefault":false,"value":"var autoObject = new tw.object.toolkit.WA.token_200Type();\nautoObject.access_token = \"\";\nautoObject.refresh_token = \"\";\nautoObject.token_type = \"\";\nautoObject.expires_in = 0;\nautoObject.expiration = 0;\nautoObject"}]},"itemSubjectRef":"itm.12.f21b8a24-5fc2-4e9d-815d-2c194639264c","name":"token","isCollection":false,"declaredType":"dataObject","id":"2056.0583c697-e719-4fdb-a029-a65da7bdece3"},{"extensionElements":{"defaultValue":[{"declaredType":"com.ibm.bpmsdk.model.bpmn20.ibmext.TDefaultValue","useDefault":true,"value":"var autoObject = new tw.object.toolkit.WA.iam_properties();\nautoObject.grant_type = \"urn:ibm:params:oauth:grant-type:apikey\";\nautoObject.apikey = \"cg77GWui3UsOXNC6leMVb7wxYdej_prTUJqMTq6I_mG1\";\nautoObject"}]},"itemSubjectRef":"itm.12.ebdcaf0a-7aa2-4842-8ff0-175021bb179b","name":"iam_properties","isCollection":false,"declaredType":"dataObject","id":"2056.6adfb79d-e244-4707-8c04-62478646e3d2"},{"extensionElements":{"defaultValue":[{"declaredType":"com.ibm.bpmsdk.model.bpmn20.ibmext.TDefaultValue","useDefault":true,"value":"var autoObject = new tw.object.toolkit.WA.watsonx_properties();\nautoObject.version = \"2023-05-29\";\nautoObject.input_prompt = \"What is the weather today?\";\nautoObject.model_id = \"ibm\/granite-13b-instruct-v2\";\nautoObject.project_id = \"60bcdf77-bc49-4ab0-ae99-f9bbbc081eaa\";\nautoObject.max_new_tokens =1000;\nautoObject.min_new_tokens = 0;\nautoObject.stop_sequences = new tw.object.listOf.toolkit.TWSYS.String();\nautoObject.temperature = 0.6;\nautoObject.decoding_method = \"greedy\";\nautoObject.repetition_penalty = 1;\nautoObject.random_seed = 5;\nautoObject.stream = false;\nautoObject.time_limit = 30000;\nautoObject.top_k = 50;\nautoObject.top_p = 0.9;\nautoObject.truncate_input_tokens = 0;\nautoObject.beam_width = 0;\nautoObject"}]},"itemSubjectRef":"itm.12.95779850-ad03-402e-8c5c-d7a1569610dd","name":"watsonx_properties","isCollection":false,"declaredType":"dataObject","id":"2056.fa307e14-8292-4635-9459-e1d18082e68e"},{"itemSubjectRef":"itm.12.db884a3c-c533-44b7-bb2d-47bec8ad4022","name":"content","isCollection":false,"declaredType":"dataObject","id":"2056.bdf7a360-dcba-4334-b7da-9b6b26c51e03"},{"startQuantity":1,"outgoing":["89d75f76-d338-4b8d-92bd-262f9b26dd36"],"incoming":["66bb6f04-6498-440c-9981-8c07e23035ea"],"extensionElements":{"nodeVisualInfo":[{"width":95,"x":399,"y":61,"declaredType":"TNodeVisualInfo","height":70}]},"name":"Call WatsonX","isForCompensation":false,"completionQuantity":1,"declaredType":"scriptTask","id":"75f8505d-1bcb-4244-8ebe-f2d803bd0731","scriptFormat":"text\/x-javascript","script":{"content":["var promptInput = tw.local.Context +\" \\n\\n INPUT: \\n\\n \"+ tw.local.Input +\" \\n\\n Output:\\n\\n\";\nvar request = new BPMRESTRequest();\nrequest.externalServiceName = \"Simplified watsonx.ai generation API\";\nrequest.operationName=\"generation\";\nrequest.httpMethod = \"post\";\nvar headers = {\"Content-Type\": \"application\/json\", \n               \"Accept\": \"*\/*\",\n               \"Authorization\" : \"Bearer \" + tw.local.token.access_token};\nrequest.httpHeaders = headers;\n\nrequest.parameters = {\n  \"version\" : tw.local.watsonx_properties.version,\n  \"body\" : {\n    \"input\":promptInput,\n    \"model_id\": tw.local.Model,\n    \"project_id\": tw.local.watsonx_properties.project_id,\n    \"parameters\":{\n        \"decoding_method\": tw.local.watsonx_properties.decoding_method,\n        \"temperature\": tw.local.watsonx_properties.temperature,\n        \"repetition_penalty\": tw.local.watsonx_properties.repetition_penalty,\n        \"random_seed\": tw.local.watsonx_properties.random_seed,\n        \"max_new_tokens\": tw.local.MaxToken,\n        \"min_new_tokens\": tw.local.watsonx_properties.min_new_tokens,\n        \"stop_sequences\": tw.local.watsonx_properties.stop_sequences,\n        \"stream\": tw.local.watsonx_properties.stream,\n        \"time_limit\": tw.local.watsonx_properties.time_limit,\n        \"top_k\": tw.local.watsonx_properties.top_k,\n        \"top_p\": tw.local.watsonx_properties.top_p,\n        \"truncate_input_tokens\": tw.local.watsonx_properties.truncate_input_tokens,\n        \"beam_width\": tw.local.watsonx_properties.beam_width\n        }\n\t}\n  };\n\nvar response = tw.system.invokeREST(request);\n\/\/ Evaluate the response and process as necessary\nvar httpStatusCode = response.httpStatusCode;\nvar httpStatusMessage = response.httpStatusMessage;\nvar httpHeaders = response.httpHeaders;\nvar content = response.content;\n\ntw.local.content = content;"]}},{"targetRef":"d88fe18c-9e7e-4f28-883c-30fca267397e","extensionElements":{"linkVisualInfo":[{"sourcePortLocation":"rightCenter","showCoachControlLabel":false,"labelPosition":0.0,"targetPortLocation":"leftCenter","declaredType":"TLinkVisualInfo","saveExecutionContext":false,"showLabel":false}]},"name":"To Extract","declaredType":"sequenceFlow","id":"89d75f76-d338-4b8d-92bd-262f9b26dd36","sourceRef":"75f8505d-1bcb-4244-8ebe-f2d803bd0731"},{"startQuantity":1,"outgoing":["63f131dd-c182-477d-b809-ff0e327ac9d5"],"incoming":["89d75f76-d338-4b8d-92bd-262f9b26dd36"],"extensionElements":{"nodeVisualInfo":[{"width":95,"x":632,"y":61,"declaredType":"TNodeVisualInfo","height":70}]},"name":"Extract","isForCompensation":false,"completionQuantity":1,"declaredType":"scriptTask","id":"d88fe18c-9e7e-4f28-883c-30fca267397e","scriptFormat":"text\/x-javascript","script":{"content":["var output = JSON.parse(tw.local.content);\ntw.local.Output = output.results[0].generated_text;"]}},{"targetRef":"118713cf-bef0-4142-a568-b5397fb85b7b","extensionElements":{"sequenceFlowImplementation":[{"fireValidation":"Never","sboSyncEnabled":true,"declaredType":"com.ibm.bpmsdk.model.bpmn20.ibmext.TSequenceFlowImplementation"}],"linkVisualInfo":[{"sourcePortLocation":"rightCenter","showCoachControlLabel":false,"labelPosition":0.0,"targetPortLocation":"leftCenter","declaredType":"TLinkVisualInfo","saveExecutionContext":true,"showLabel":false}]},"name":"To End","declaredType":"sequenceFlow","id":"63f131dd-c182-477d-b809-ff0e327ac9d5","sourceRef":"d88fe18c-9e7e-4f28-883c-30fca267397e"}],"laneSet":[{"id":"4745d61a-5986-4d0d-9892-b32e245d800a","lane":[{"flowNodeRef":["f2ea6230-9ba8-4f0d-b3e0-6eff5bc15cce","118713cf-bef0-4142-a568-b5397fb85b7b","a0cd5e94-614d-4550-91de-e10ad615f339","75f8505d-1bcb-4244-8ebe-f2d803bd0731","d88fe18c-9e7e-4f28-883c-30fca267397e"],"extensionElements":{"nodeVisualInfo":[{"color":"#F8F8F8","width":3000,"x":0,"y":0,"declaredType":"TNodeVisualInfo","height":500}]},"name":"System","partitionElementRef":"24.6fd38d02-81cf-48ab-bd42-8ff4c0a1628b","declaredType":"lane","id":"5a189e1c-e125-4228-97d4-396ae62c8e8c","otherAttributes":{"{http:\/\/www.ibm.com\/xmlns\/prod\/bpm\/bpmn\/ext\/process\/wle}isSystemLane":"true"}}]}],"isClosed":false,"extensionElements":{"isSecured":[false],"isAjaxExposed":[true],"isTransactionalFlow":[false],"sboSyncEnabled":[true],"isInvokedAsynchronously":[false]},"documentation":[{"textFormat":"text\/plain"}],"name":"BaseAICall","declaredType":"process","id":"1.16e80dc1-b6d0-4325-bf94-d8538fd6bc9f","processType":"None","otherAttributes":{"{http:\/\/www.ibm.com\/xmlns\/prod\/bpm\/bpmn\/ext\/process}executionMode":"microflow"},"ioSpecification":{"dataOutput":[{"itemSubjectRef":"itm.12.db884a3c-c533-44b7-bb2d-47bec8ad4022","name":"Output","isCollection":false,"id":"2055.8e06f4cc-2fe8-4258-bc7f-595f5a44ed26"}],"inputSet":[{"dataInputRefs":["2055.cb09dcda-caaf-4457-a293-488269834495","2055.8d3d32ec-f8b0-4eac-8ee3-9af6df092252","2055.f0c1fda1-56d8-4fa7-8cee-80d5e85a9ee4","2055.213c280e-c076-465f-869f-688fd316096b"]}],"outputSet":[{"dataOutputRefs":["2055.8e06f4cc-2fe8-4258-bc7f-595f5a44ed26"]}],"dataInput":[{"extensionElements":{"defaultValue":[{"declaredType":"com.ibm.bpmsdk.model.bpmn20.ibmext.TDefaultValue","useDefault":true,"value":"\"Insurance Agent: Thank you for calling XYZ Insurance. My name is Joe. How may I assist you today?\\n\\nCustomer: Hi, my name is Mary Johnson, and I need to file a claim. My 1998 Nissan Maxima was stolen and damaged on November 20th, 2023, in Houston.\\n\\nInsurance Agent: Sorry to hear that your vehicle was stolen and damaged, Mary. Can you provide your policy number?\\n\\nCustomer: It's 456789012.\\n\\nInsurance Agent: Thank you. Sorry to hear that you've gone through this ordeal. Let me gather some information. So, the incident occurred on November 20th at 10 PM in Houston?\\n\\nCustomer: Yes.\\n\\nInsurance Agent: There were no other vehicles involved, and one witness was present at the scene? And you reported the incident to the authorities and have a police report available?\\n\\nCustomer: That's correct.\\n\\nInsurance Agent: Great. Can you tell me about any damage to your vehicle?\\n\\nCustomer: When I found my vehicle, it had some scratches and dents on the exterior.\\n\\nInsurance Agent: Okay. I see. Based on the information you've provided, it seems like this is a trivial damage claim. However, since your vehicle was stolen, I'll ensure that we initiate the claims process for you. A claims representative will follow up with you shortly to provide further guidance. Is there anything else you'd like to add or ask at this time?\\n\\nCustomer: No, that covers it. Thank you for your help.\";"}]},"itemSubjectRef":"itm.12.db884a3c-c533-44b7-bb2d-47bec8ad4022","name":"Input","isCollection":false,"id":"2055.cb09dcda-caaf-4457-a293-488269834495"},{"extensionElements":{"defaultValue":[{"declaredType":"com.ibm.bpmsdk.model.bpmn20.ibmext.TDefaultValue","useDefault":true,"value":"\"ibm\/granite-13b-instruct-v2\""}]},"itemSubjectRef":"itm.12.db884a3c-c533-44b7-bb2d-47bec8ad4022","name":"Model","isCollection":false,"id":"2055.8d3d32ec-f8b0-4eac-8ee3-9af6df092252"},{"extensionElements":{"defaultValue":[{"declaredType":"com.ibm.bpmsdk.model.bpmn20.ibmext.TDefaultValue","useDefault":true,"value":"\"Based on the chat below :\\nAs XYZ Agent, can you provide a summary in JSON format? \\n\\nInput: \\n\\nInsurance Agent: Thank you for calling XYZ Insurance. My name is Sarah. How may I assist you today?\\n\\nCustomer: Hi Sarah, my name is Alex Johnson. I need to file a claim for an incident I was involved in with my Nissan Maxima on October 24th, 2023, in New York.\\n\\nInsurance Agent: I'\\''m sorry to hear that, Alex. I hope everyone involved is okay. Let me gather some initial information to start your claim. Can you please provide your policy number?\\n\\nCustomer: Sure, it'\\''s 123456789.\\n\\nInsurance Agent: Thank you, Alex. Now, can you provide more details about the incident?\\n\\nCustomer: Certainly. The incident occurred on October 24th, 2023, around 11 AM. I was driving my 1998 Nissan Maxima in New York when a multi-vehicle collision happened. There were two vehicles involved in total, and it was a front collision. Unfortunately, there were injuries, one person involved, and two witnesses at the scene.\\n\\nInsurance Agent: I'\\''m sorry to hear about the injuries. I hope everyone is okay now. Did you contact the authorities, and was a police report filed?\\n\\nCustomer: Yes, I called the police, and they arrived at the scene. A police report was filed, and I have a copy available.\\n\\nInsurance Agent: That'\\''s helpful, Alex. Do you know if there was any property damage?\\n\\nCustomer: Fortunately, there was no property damage.\\n\\nInsurance Agent: I'\\''m glad to hear that. Just to confirm, there were no other vehicles involved in the incident besides yours and one more, correct?\\n\\nCustomer: That'\\''s correct. It was a two-vehicle collision.\\n\\nInsurance Agent: Thank you for providing those details, Alex. I'\\''m sorry for the trouble you'\\''ve experienced. I will initiate the claim process for you. Please expect a claim representative to reach out to you within the next 24 hours to guide you through the next steps. Is there anything else you'\\''d like to add or ask at this time?\\n\\nCustomer: No, I think that covers it. I appreciate your assistance, Sarah.\\n\\n\\nInsurance Agent: You'\\''re welcome, Alex. If you have any more questions or need further assistance, feel free to reach out. Take care, and I hope everything gets resolved smoothly for you.\\n\\nCustomer: Thank you, Sarah. Goodbye.\\n\\nOutput:\\n\\n{ \\\"summary\\\" : \\\"Alex Johnson called XYZ Insurance to file a claim for a collision involving his Nissan Maxima on October 24th, 2023, in New York. The incident, a front collision, involved two vehicles and resulted in injuries to one person. Alex confirmed that he contacted the authorities, filed a police report, and stated there was no property damage. XYZ Insurance assured Alex that a claim representative would contact him within 24 hours to guide him through the next steps.\\\"}\\n \""}]},"itemSubjectRef":"itm.12.db884a3c-c533-44b7-bb2d-47bec8ad4022","name":"Context","isCollection":false,"id":"2055.f0c1fda1-56d8-4fa7-8cee-80d5e85a9ee4"},{"extensionElements":{"defaultValue":[{"declaredType":"com.ibm.bpmsdk.model.bpmn20.ibmext.TDefaultValue","useDefault":true,"value":"1000"}]},"itemSubjectRef":"itm.12.3fa0d7a0-828a-4d60-99cc-db5ed143fc2d","name":"MaxToken","isCollection":false,"id":"2055.213c280e-c076-465f-869f-688fd316096b"}]}}],"targetNamespace":"","typeLanguage":"http:\/\/www.w3.org\/2001\/XMLSchema","expressionLanguage":"http:\/\/www.ibm.com\/xmlns\/prod\/bpm\/expression-lang\/javascript"}</jsonData>
        <field1 isNull="true" />
        <field2 isNull="true" />
        <field3>0</field3>
        <field4 isNull="true" />
        <field5>false</field5>
        <clobField1 isNull="true" />
        <blobField1 isNull="true" />
        <processParameter name="Input">
            <lastModified isNull="true" />
            <lastModifiedBy isNull="true" />
            <tenantId isNull="true" />
            <processParameterId>2055.cb09dcda-caaf-4457-a293-488269834495</processParameterId>
            <processId>1.16e80dc1-b6d0-4325-bf94-d8538fd6bc9f</processId>
            <parameterType>1</parameterType>
            <isArrayOf>false</isArrayOf>
            <classId>f9bfad03-1cba-408d-921f-41cfbdd4600c/12.db884a3c-c533-44b7-bb2d-47bec8ad4022</classId>
            <seq>1</seq>
            <hasDefault>true</hasDefault>
            <defaultValue>"Insurance Agent: Thank you for calling XYZ Insurance. My name is Joe. How may I assist you today?\n\nCustomer: Hi, my name is Mary Johnson, and I need to file a claim. My 1998 Nissan Maxima was stolen and damaged on November 20th, 2023, in Houston.\n\nInsurance Agent: Sorry to hear that your vehicle was stolen and damaged, Mary. Can you provide your policy number?\n\nCustomer: It's 456789012.\n\nInsurance Agent: Thank you. Sorry to hear that you've gone through this ordeal. Let me gather some information. So, the incident occurred on November 20th at 10 PM in Houston?\n\nCustomer: Yes.\n\nInsurance Agent: There were no other vehicles involved, and one witness was present at the scene? And you reported the incident to the authorities and have a police report available?\n\nCustomer: That's correct.\n\nInsurance Agent: Great. Can you tell me about any damage to your vehicle?\n\nCustomer: When I found my vehicle, it had some scratches and dents on the exterior.\n\nInsurance Agent: Okay. I see. Based on the information you've provided, it seems like this is a trivial damage claim. However, since your vehicle was stolen, I'll ensure that we initiate the claims process for you. A claims representative will follow up with you shortly to provide further guidance. Is there anything else you'd like to add or ask at this time?\n\nCustomer: No, that covers it. Thank you for your help.";</defaultValue>
            <isLocked>false</isLocked>
            <description isNull="true" />
            <guid>25dbc430-8a27-41e3-9277-6217f57fe76a</guid>
            <versionId>d68f8729-71fa-466d-bf39-1d3eb28abc86</versionId>
        </processParameter>
        <processParameter name="Model">
            <lastModified isNull="true" />
            <lastModifiedBy isNull="true" />
            <tenantId isNull="true" />
            <processParameterId>2055.8d3d32ec-f8b0-4eac-8ee3-9af6df092252</processParameterId>
            <processId>1.16e80dc1-b6d0-4325-bf94-d8538fd6bc9f</processId>
            <parameterType>1</parameterType>
            <isArrayOf>false</isArrayOf>
            <classId>f9bfad03-1cba-408d-921f-41cfbdd4600c/12.db884a3c-c533-44b7-bb2d-47bec8ad4022</classId>
            <seq>2</seq>
            <hasDefault>true</hasDefault>
            <defaultValue>"ibm/granite-13b-instruct-v2"</defaultValue>
            <isLocked>false</isLocked>
            <description isNull="true" />
            <guid>guid:1090d70d-d01f-4e9c-97ff-00ab2e76c506</guid>
            <versionId>94720068-a291-4dbf-904c-a8f38d8bf957</versionId>
        </processParameter>
        <processParameter name="Context">
            <lastModified isNull="true" />
            <lastModifiedBy isNull="true" />
            <tenantId isNull="true" />
            <processParameterId>2055.f0c1fda1-56d8-4fa7-8cee-80d5e85a9ee4</processParameterId>
            <processId>1.16e80dc1-b6d0-4325-bf94-d8538fd6bc9f</processId>
            <parameterType>1</parameterType>
            <isArrayOf>false</isArrayOf>
            <classId>f9bfad03-1cba-408d-921f-41cfbdd4600c/12.db884a3c-c533-44b7-bb2d-47bec8ad4022</classId>
            <seq>3</seq>
            <hasDefault>true</hasDefault>
            <defaultValue>"Based on the chat below :\nAs XYZ Agent, can you provide a summary in JSON format? \n\nInput: \n\nInsurance Agent: Thank you for calling XYZ Insurance. My name is Sarah. How may I assist you today?\n\nCustomer: Hi Sarah, my name is Alex Johnson. I need to file a claim for an incident I was involved in with my Nissan Maxima on October 24th, 2023, in New York.\n\nInsurance Agent: I'\''m sorry to hear that, Alex. I hope everyone involved is okay. Let me gather some initial information to start your claim. Can you please provide your policy number?\n\nCustomer: Sure, it'\''s 123456789.\n\nInsurance Agent: Thank you, Alex. Now, can you provide more details about the incident?\n\nCustomer: Certainly. The incident occurred on October 24th, 2023, around 11 AM. I was driving my 1998 Nissan Maxima in New York when a multi-vehicle collision happened. There were two vehicles involved in total, and it was a front collision. Unfortunately, there were injuries, one person involved, and two witnesses at the scene.\n\nInsurance Agent: I'\''m sorry to hear about the injuries. I hope everyone is okay now. Did you contact the authorities, and was a police report filed?\n\nCustomer: Yes, I called the police, and they arrived at the scene. A police report was filed, and I have a copy available.\n\nInsurance Agent: That'\''s helpful, Alex. Do you know if there was any property damage?\n\nCustomer: Fortunately, there was no property damage.\n\nInsurance Agent: I'\''m glad to hear that. Just to confirm, there were no other vehicles involved in the incident besides yours and one more, correct?\n\nCustomer: That'\''s correct. It was a two-vehicle collision.\n\nInsurance Agent: Thank you for providing those details, Alex. I'\''m sorry for the trouble you'\''ve experienced. I will initiate the claim process for you. Please expect a claim representative to reach out to you within the next 24 hours to guide you through the next steps. Is there anything else you'\''d like to add or ask at this time?\n\nCustomer: No, I think that covers it. I appreciate your assistance, Sarah.\n\n\nInsurance Agent: You'\''re welcome, Alex. If you have any more questions or need further assistance, feel free to reach out. Take care, and I hope everything gets resolved smoothly for you.\n\nCustomer: Thank you, Sarah. Goodbye.\n\nOutput:\n\n{ \"summary\" : \"Alex Johnson called XYZ Insurance to file a claim for a collision involving his Nissan Maxima on October 24th, 2023, in New York. The incident, a front collision, involved two vehicles and resulted in injuries to one person. Alex confirmed that he contacted the authorities, filed a police report, and stated there was no property damage. XYZ Insurance assured Alex that a claim representative would contact him within 24 hours to guide him through the next steps.\"}\n "</defaultValue>
            <isLocked>false</isLocked>
            <description isNull="true" />
            <guid>guid:53267f6b-bcc3-4ca2-8cce-37d299676423</guid>
            <versionId>de0611f1-810f-4827-999b-3837a8e7f6d3</versionId>
        </processParameter>
        <processParameter name="MaxToken">
            <lastModified isNull="true" />
            <lastModifiedBy isNull="true" />
            <tenantId isNull="true" />
            <processParameterId>2055.213c280e-c076-465f-869f-688fd316096b</processParameterId>
            <processId>1.16e80dc1-b6d0-4325-bf94-d8538fd6bc9f</processId>
            <parameterType>1</parameterType>
            <isArrayOf>false</isArrayOf>
            <classId>f9bfad03-1cba-408d-921f-41cfbdd4600c/12.3fa0d7a0-828a-4d60-99cc-db5ed143fc2d</classId>
            <seq>4</seq>
            <hasDefault>true</hasDefault>
            <defaultValue>1000</defaultValue>
            <isLocked>false</isLocked>
            <description isNull="true" />
            <guid>guid:7f437a3a-c15e-490f-bb56-0c7b638fa318</guid>
            <versionId>21853b1a-b7f8-4dc9-9cee-670bc6d7e785</versionId>
        </processParameter>
        <processParameter name="Output">
            <lastModified isNull="true" />
            <lastModifiedBy isNull="true" />
            <tenantId isNull="true" />
            <processParameterId>2055.8e06f4cc-2fe8-4258-bc7f-595f5a44ed26</processParameterId>
            <processId>1.16e80dc1-b6d0-4325-bf94-d8538fd6bc9f</processId>
            <parameterType>2</parameterType>
            <isArrayOf>false</isArrayOf>
            <classId>f9bfad03-1cba-408d-921f-41cfbdd4600c/12.db884a3c-c533-44b7-bb2d-47bec8ad4022</classId>
            <seq>5</seq>
            <hasDefault>false</hasDefault>
            <defaultValue isNull="true" />
            <isLocked>false</isLocked>
            <description isNull="true" />
            <guid>eba88ebb-8ffb-4109-b134-611313062e0d</guid>
            <versionId>e3789eb1-b627-4f7f-90bb-fed5b32ef66a</versionId>
        </processParameter>
        <processVariable name="token">
            <lastModified isNull="true" />
            <lastModifiedBy isNull="true" />
            <tenantId isNull="true" />
            <processVariableId>2056.0583c697-e719-4fdb-a029-a65da7bdece3</processVariableId>
            <description isNull="true" />
            <processId>1.16e80dc1-b6d0-4325-bf94-d8538fd6bc9f</processId>
            <namespace>2</namespace>
            <seq>1</seq>
            <isArrayOf>false</isArrayOf>
            <isTransient>false</isTransient>
            <classId>5550c9d6-1e18-4811-885d-5c6847245ab1/12.f21b8a24-5fc2-4e9d-815d-2c194639264c</classId>
            <hasDefault>false</hasDefault>
            <defaultValue isNull="true" />
            <guid>67f98efb-f40c-4e21-84a1-d55212d02f23</guid>
            <versionId>bf0d48dd-82fd-4a90-bfb7-9ceafd49e11c</versionId>
        </processVariable>
        <processVariable name="iam_properties">
            <lastModified isNull="true" />
            <lastModifiedBy isNull="true" />
            <tenantId isNull="true" />
            <processVariableId>2056.6adfb79d-e244-4707-8c04-62478646e3d2</processVariableId>
            <description isNull="true" />
            <processId>1.16e80dc1-b6d0-4325-bf94-d8538fd6bc9f</processId>
            <namespace>2</namespace>
            <seq>2</seq>
            <isArrayOf>false</isArrayOf>
            <isTransient>false</isTransient>
            <classId>5550c9d6-1e18-4811-885d-5c6847245ab1/12.ebdcaf0a-7aa2-4842-8ff0-175021bb179b</classId>
            <hasDefault>true</hasDefault>
            <defaultValue>var autoObject = new tw.object.toolkit.WA.iam_properties();
autoObject.grant_type = "urn:ibm:params:oauth:grant-type:apikey";
autoObject.apikey = "cg77GWui3UsOXNC6leMVb7wxYdej_prTUJqMTq6I_mG1";
autoObject</defaultValue>
            <guid>cfb32c27-b437-42f3-8582-faa4c54d0aa7</guid>
            <versionId>e9968890-f023-45b3-8dcb-dfd31be4edba</versionId>
        </processVariable>
        <processVariable name="watsonx_properties">
            <lastModified isNull="true" />
            <lastModifiedBy isNull="true" />
            <tenantId isNull="true" />
            <processVariableId>2056.fa307e14-8292-4635-9459-e1d18082e68e</processVariableId>
            <description isNull="true" />
            <processId>1.16e80dc1-b6d0-4325-bf94-d8538fd6bc9f</processId>
            <namespace>2</namespace>
            <seq>3</seq>
            <isArrayOf>false</isArrayOf>
            <isTransient>false</isTransient>
            <classId>5550c9d6-1e18-4811-885d-5c6847245ab1/12.95779850-ad03-402e-8c5c-d7a1569610dd</classId>
            <hasDefault>true</hasDefault>
            <defaultValue>var autoObject = new tw.object.toolkit.WA.watsonx_properties();
autoObject.version = "2023-05-29";
autoObject.input_prompt = "What is the weather today?";
autoObject.model_id = "ibm/granite-13b-instruct-v2";
autoObject.project_id = "60bcdf77-bc49-4ab0-ae99-f9bbbc081eaa";
autoObject.max_new_tokens =1000;
autoObject.min_new_tokens = 0;
autoObject.stop_sequences = new tw.object.listOf.toolkit.TWSYS.String();
autoObject.temperature = 0.6;
autoObject.decoding_method = "greedy";
autoObject.repetition_penalty = 1;
autoObject.random_seed = 5;
autoObject.stream = false;
autoObject.time_limit = 30000;
autoObject.top_k = 50;
autoObject.top_p = 0.9;
autoObject.truncate_input_tokens = 0;
autoObject.beam_width = 0;
autoObject</defaultValue>
            <guid>87dc1af8-d7a4-4233-8776-0243e630f715</guid>
            <versionId>aeb0d98d-2301-4586-96c5-6c888f33cf52</versionId>
        </processVariable>
        <processVariable name="content">
            <lastModified isNull="true" />
            <lastModifiedBy isNull="true" />
            <tenantId isNull="true" />
            <processVariableId>2056.bdf7a360-dcba-4334-b7da-9b6b26c51e03</processVariableId>
            <description isNull="true" />
            <processId>1.16e80dc1-b6d0-4325-bf94-d8538fd6bc9f</processId>
            <namespace>2</namespace>
            <seq>4</seq>
            <isArrayOf>false</isArrayOf>
            <isTransient>false</isTransient>
            <classId>f9bfad03-1cba-408d-921f-41cfbdd4600c/12.db884a3c-c533-44b7-bb2d-47bec8ad4022</classId>
            <hasDefault>false</hasDefault>
            <defaultValue isNull="true" />
            <guid>f11c61f1-cd80-4e47-986b-fbc0f17c1eae</guid>
            <versionId>9a1da95b-e553-4e13-b2a1-df2c1ed6b1ed</versionId>
        </processVariable>
        <item>
            <lastModified isNull="true" />
            <lastModifiedBy isNull="true" />
            <tenantId isNull="true" />
            <processItemId>2025.75f8505d-1bcb-4244-8ebe-f2d803bd0731</processItemId>
            <processId>1.16e80dc1-b6d0-4325-bf94-d8538fd6bc9f</processId>
            <name>Call WatsonX</name>
            <tWComponentName>Script</tWComponentName>
            <tWComponentId>3011.4d686d42-fa6b-4250-9f5a-f2e837e56b3d</tWComponentId>
            <isLogEnabled>false</isLogEnabled>
            <isTraceEnabled>false</isTraceEnabled>
            <traceCategory isNull="true" />
            <traceLevel isNull="true" />
            <traceMessage isNull="true" />
            <traceSymbolTable isNull="true" />
            <isExecutionContextTraced>false</isExecutionContextTraced>
            <saveExecutionContext>false</saveExecutionContext>
            <documentation isNull="true" />
            <isErrorHandlerEnabled>false</isErrorHandlerEnabled>
            <errorHandlerItemId isNull="true" />
            <guid>guid:dbf9acf9c88654db:-50650b7:18f55283b66:-701a</guid>
            <versionId>8166e71b-0ae7-4c09-a206-5f92ea0a6c03</versionId>
            <externalServiceRef isNull="true" />
            <externalServiceOp isNull="true" />
            <nodeColor isNull="true" />
            <layoutData x="399" y="61">
                <errorLink>
                    <controlPoints />
                    <showEndState>false</showEndState>
                    <showName>false</showName>
                </errorLink>
            </layoutData>
            <TWComponent>
                <lastModified isNull="true" />
                <lastModifiedBy isNull="true" />
                <tenantId isNull="true" />
                <scriptId>3011.4d686d42-fa6b-4250-9f5a-f2e837e56b3d</scriptId>
                <scriptTypeId>2</scriptTypeId>
                <isActive>true</isActive>
                <script>var promptInput = tw.local.Context +" \n\n "+ tw.local.Input +" \n\n Output:\n\n";
var request = new BPMRESTRequest();
request.externalServiceName = "Simplified watsonx.ai generation API";
request.operationName="generation";
request.httpMethod = "post";
var headers = {"Content-Type": "application/json", 
               "Accept": "*/*",
               "Authorization" : "Bearer " + tw.local.token.access_token};
request.httpHeaders = headers;

request.parameters = {
  "version" : tw.local.watsonx_properties.version,
  "body" : {
    "input":promptInput,
    "model_id": tw.local.Model,
    "project_id": tw.local.watsonx_properties.project_id,
    "parameters":{
        "decoding_method": tw.local.watsonx_properties.decoding_method,
        "temperature": tw.local.watsonx_properties.temperature,
        "repetition_penalty": tw.local.watsonx_properties.repetition_penalty,
        "random_seed": tw.local.watsonx_properties.random_seed,
        "max_new_tokens": tw.local.MaxToken,
        "min_new_tokens": tw.local.watsonx_properties.min_new_tokens,
        "stop_sequences": tw.local.watsonx_properties.stop_sequences,
        "stream": tw.local.watsonx_properties.stream,
        "time_limit": tw.local.watsonx_properties.time_limit,
        "top_k": tw.local.watsonx_properties.top_k,
        "top_p": tw.local.watsonx_properties.top_p,
        "truncate_input_tokens": tw.local.watsonx_properties.truncate_input_tokens,
        "beam_width": tw.local.watsonx_properties.beam_width
        }
	}
  };

var response = tw.system.invokeREST(request);
// Evaluate the response and process as necessary
var httpStatusCode = response.httpStatusCode;
var httpStatusMessage = response.httpStatusMessage;
var httpHeaders = response.httpHeaders;
var content = response.content;

tw.local.content = content;</script>
                <isRule>false</isRule>
                <guid>5c885870-65bc-4a2f-80cb-db38cd721be7</guid>
                <versionId>43c80d0a-e704-4754-9ae4-90f503a2651c</versionId>
            </TWComponent>
        </item>
        <item>
            <lastModified isNull="true" />
            <lastModifiedBy isNull="true" />
            <tenantId isNull="true" />
            <processItemId>2025.d88fe18c-9e7e-4f28-883c-30fca267397e</processItemId>
            <processId>1.16e80dc1-b6d0-4325-bf94-d8538fd6bc9f</processId>
            <name>Extract</name>
            <tWComponentName>Script</tWComponentName>
            <tWComponentId>3011.5037e779-a531-423f-9dd2-b095bc638b1f</tWComponentId>
            <isLogEnabled>false</isLogEnabled>
            <isTraceEnabled>false</isTraceEnabled>
            <traceCategory isNull="true" />
            <traceLevel isNull="true" />
            <traceMessage isNull="true" />
            <traceSymbolTable isNull="true" />
            <isExecutionContextTraced>false</isExecutionContextTraced>
            <saveExecutionContext>false</saveExecutionContext>
            <documentation isNull="true" />
            <isErrorHandlerEnabled>false</isErrorHandlerEnabled>
            <errorHandlerItemId isNull="true" />
            <guid>guid:dbf9acf9c88654db:-50650b7:18f55283b66:-701c</guid>
            <versionId>90f88249-339e-4070-9983-745ad3b3c07e</versionId>
            <externalServiceRef isNull="true" />
            <externalServiceOp isNull="true" />
            <nodeColor isNull="true" />
            <layoutData x="632" y="61">
                <errorLink>
                    <controlPoints />
                    <showEndState>false</showEndState>
                    <showName>false</showName>
                </errorLink>
            </layoutData>
            <TWComponent>
                <lastModified isNull="true" />
                <lastModifiedBy isNull="true" />
                <tenantId isNull="true" />
                <scriptId>3011.5037e779-a531-423f-9dd2-b095bc638b1f</scriptId>
                <scriptTypeId>2</scriptTypeId>
                <isActive>true</isActive>
                <script>var output = JSON.parse(tw.local.content);
tw.local.Output = output.results[0].generated_text;</script>
                <isRule>false</isRule>
                <guid>8025c1d9-362b-47ab-93b1-c93147ed3757</guid>
                <versionId>9f7b8a29-67b9-4c7f-b8ce-daea78a7a3e3</versionId>
            </TWComponent>
        </item>
        <item>
            <lastModified isNull="true" />
            <lastModifiedBy isNull="true" />
            <tenantId isNull="true" />
            <processItemId>2025.a0cd5e94-614d-4550-91de-e10ad615f339</processItemId>
            <processId>1.16e80dc1-b6d0-4325-bf94-d8538fd6bc9f</processId>
            <name>Get Token</name>
            <tWComponentName>SubProcess</tWComponentName>
            <tWComponentId>3012.cbcf0ac2-e386-49ae-8391-343651c5989b</tWComponentId>
            <isLogEnabled>false</isLogEnabled>
            <isTraceEnabled>false</isTraceEnabled>
            <traceCategory isNull="true" />
            <traceLevel isNull="true" />
            <traceMessage isNull="true" />
            <traceSymbolTable isNull="true" />
            <isExecutionContextTraced>false</isExecutionContextTraced>
            <saveExecutionContext>false</saveExecutionContext>
            <documentation isNull="true" />
            <isErrorHandlerEnabled>false</isErrorHandlerEnabled>
            <errorHandlerItemId isNull="true" />
            <guid>guid:dbf9acf9c88654db:-50650b7:18f55283b66:-701d</guid>
            <versionId>e136be29-ce9e-4891-8100-3d733a7673ad</versionId>
            <externalServiceRef>5550c9d6-1e18-4811-885d-5c6847245ab1/1.4d87bbe9-d94d-4f68-9957-a380b0f4ee14</externalServiceRef>
            <externalServiceOp>_8f894bf2-460a-43f8-b344-5f298af04c75</externalServiceOp>
            <nodeColor isNull="true" />
            <layoutData x="168" y="60">
                <errorLink>
                    <controlPoints />
                    <showEndState>false</showEndState>
                    <showName>false</showName>
                </errorLink>
            </layoutData>
            <TWComponent>
                <lastModified isNull="true" />
                <lastModifiedBy isNull="true" />
                <tenantId isNull="true" />
                <subProcessId>3012.cbcf0ac2-e386-49ae-8391-343651c5989b</subProcessId>
                <attachedProcessRef>5550c9d6-1e18-4811-885d-5c6847245ab1/1.dc691a1a-a5c2-4b39-ad54-78834ea31e55</attachedProcessRef>
                <guid>14012b8a-f216-4d44-bf5d-2d5ae8900f11</guid>
                <versionId>253131ec-3e8b-4723-bf36-b306facf01eb</versionId>
                <parameterMapping name="token">
                    <lastModified isNull="true" />
                    <lastModifiedBy isNull="true" />
                    <tenantId isNull="true" />
                    <parameterMappingId>2054.6260ee96-7aff-42ae-af46-00cc124651ec</parameterMappingId>
                    <processParameterId>2055.a1b77c99-85ec-4952-8fda-9557ea5061c0</processParameterId>
                    <parameterMappingParentId>3012.cbcf0ac2-e386-49ae-8391-343651c5989b</parameterMappingParentId>
                    <useDefault>false</useDefault>
                    <value>tw.local.token</value>
                    <classRef>/12.f21b8a24-5fc2-4e9d-815d-2c194639264c</classRef>
                    <isList>false</isList>
                    <isInput>false</isInput>
                    <mappingMode isNull="true" />
                    <sourcePath isNull="true" />
                    <targetPath isNull="true" />
                    <guid>85cd9f1a-c625-4aee-ab16-f6dcd7310544</guid>
                    <versionId>e70530b0-5f63-4ad6-8bb5-1a40f4b35456</versionId>
                    <description isNull="true" />
                </parameterMapping>
                <parameterMapping name="iam_properties">
                    <lastModified isNull="true" />
                    <lastModifiedBy isNull="true" />
                    <tenantId isNull="true" />
                    <parameterMappingId>2054.018b04f1-9187-4911-b9a0-e0efeb9b1317</parameterMappingId>
                    <processParameterId>2055.f7f6cf9e-f2c4-43a1-80b6-3b2b4a90c651</processParameterId>
                    <parameterMappingParentId>3012.cbcf0ac2-e386-49ae-8391-343651c5989b</parameterMappingParentId>
                    <useDefault>false</useDefault>
                    <value>tw.local.iam_properties</value>
                    <classRef>/12.ebdcaf0a-7aa2-4842-8ff0-175021bb179b</classRef>
                    <isList>false</isList>
                    <isInput>true</isInput>
                    <mappingMode isNull="true" />
                    <sourcePath isNull="true" />
                    <targetPath isNull="true" />
                    <guid>1605ad3d-79c2-4b1e-8add-65e9de1b8af2</guid>
                    <versionId>e8cd50ee-4a2b-488a-b086-d8342d307a8c</versionId>
                    <description isNull="true" />
                </parameterMapping>
            </TWComponent>
        </item>
        <item>
            <lastModified isNull="true" />
            <lastModifiedBy isNull="true" />
            <tenantId isNull="true" />
            <processItemId>2025.118713cf-bef0-4142-a568-b5397fb85b7b</processItemId>
            <processId>1.16e80dc1-b6d0-4325-bf94-d8538fd6bc9f</processId>
            <name>End</name>
            <tWComponentName>ExitPoint</tWComponentName>
            <tWComponentId>3008.74c38118-fbf1-477f-84bc-60b286f7b13e</tWComponentId>
            <isLogEnabled>false</isLogEnabled>
            <isTraceEnabled>false</isTraceEnabled>
            <traceCategory isNull="true" />
            <traceLevel isNull="true" />
            <traceMessage isNull="true" />
            <traceSymbolTable isNull="true" />
            <isExecutionContextTraced>false</isExecutionContextTraced>
            <saveExecutionContext>true</saveExecutionContext>
            <documentation isNull="true" />
            <isErrorHandlerEnabled>false</isErrorHandlerEnabled>
            <errorHandlerItemId isNull="true" />
            <guid>guid:dbf9acf9c88654db:-50650b7:18f55283b66:-7019</guid>
            <versionId>ec228bb1-140b-4c76-b388-7607793bab3b</versionId>
            <externalServiceRef isNull="true" />
            <externalServiceOp isNull="true" />
            <nodeColor isNull="true" />
            <layoutData x="850" y="85">
                <errorLink>
                    <controlPoints />
                    <showEndState>false</showEndState>
                    <showName>false</showName>
                </errorLink>
            </layoutData>
            <TWComponent>
                <lastModified isNull="true" />
                <lastModifiedBy isNull="true" />
                <tenantId isNull="true" />
                <exitPointId>3008.74c38118-fbf1-477f-84bc-60b286f7b13e</exitPointId>
                <haltProcess>false</haltProcess>
                <guid>3f2d0667-5a42-4708-ba25-fce4ee764da4</guid>
                <versionId>078ec453-ce48-4c90-97f7-c81099a2d60c</versionId>
            </TWComponent>
        </item>
        <startingProcessItemId>2025.a0cd5e94-614d-4550-91de-e10ad615f339</startingProcessItemId>
        <errorHandlerItemId isNull="true" />
        <layoutData noConversion="true">
            <errorLink>
                <controlPoints />
                <showEndState>false</showEndState>
                <showName>false</showName>
            </errorLink>
        </layoutData>
        <startPoint>
            <layoutData x="25" y="80">
                <errorLink>
                    <controlPoints />
                    <showEndState>false</showEndState>
                    <showName>false</showName>
                </errorLink>
            </layoutData>
        </startPoint>
        <startLink>
            <fromPort locationId="rightCenter" portType="1" />
            <toPort locationId="leftCenter" portType="2" />
            <layoutData>
                <controlPoints />
                <showEndState>false</showEndState>
                <showName>false</showName>
            </layoutData>
        </startLink>
        <bpmn2Model>
            <ns16:definitions xmlns:ns16="http://www.omg.org/spec/BPMN/20100524/MODEL" xmlns:ns2="http://www.ibm.com/xmlns/prod/bpm/bpmn/ext/process" xmlns:ns3="http://www.ibm.com/xmlns/prod/bpm/bpmn/ext/process/wle" xmlns:ns4="http://www.ibm.com/xmlns/prod/bpm/bpmn/ext/process/case" xmlns:ns5="http://www.ibm.com/bpm/Extensions" xmlns:ns6="http://www.ibm.com/xmlns/prod/bpm/uca" xmlns:ns7="http://www.ibm.com/xmlns/prod/bpm/bpmn/ext/team" xmlns:ns8="http://www.ibm.com/xmlns/prod/bpm/bpmn/ext/trackinggroup" xmlns:ns9="http://www.ibm.com/xmlns/bpmnx/20100524/v1/BusinessVocabulary" xmlns:ns10="http://www.omg.org/spec/DD/20100524/DI" xmlns:ns11="http://www.omg.org/spec/DD/20100524/DC" xmlns:ns12="http://www.omg.org/spec/BPMN/20100524/BPMNDI" xmlns:ns13="http://www.ibm.com/xmlns/prod/bpm/graph" xmlns:ns14="http://www.ibm.com/xmlns/prod/bpm/bpmn/ext/process/auth" xmlns:ns15="http://www.ibm.com/xmlns/prod/bpm/bpmn/ext/extservice" xmlns:ns17="http://www.ibm.com/bpm/processappsettings" xmlns:ns18="http://www.ibm.com/xmlns/links" xmlns:ns19="http://www.ibm.com/bpm/CoachDesignerNG" xmlns:ns20="http://www.ibm.com/xmlns/tagging" xmlns:ns21="http://www.ibm.com/bpm/uitheme" xmlns:ns22="http://www.ibm.com/bpm/coachview" targetNamespace="" expressionLanguage="http://www.ibm.com/xmlns/prod/bpm/expression-lang/javascript" typeLanguage="http://www.w3.org/2001/XMLSchema">
                
                
                <ns16:process name="BaseAICall" id="1.16e80dc1-b6d0-4325-bf94-d8538fd6bc9f" ns2:executionMode="microflow">
                    
                    
                    <ns16:documentation textFormat="text/plain" />
                    
                    
                    <ns16:extensionElements>
                        
                        
                        <ns2:isTransactionalFlow>false</ns2:isTransactionalFlow>
                        
                        
                        <ns2:sboSyncEnabled>true</ns2:sboSyncEnabled>
                        
                        
                        <ns2:isInvokedAsynchronously>false</ns2:isInvokedAsynchronously>
                        
                        
                        <ns2:isSecured>false</ns2:isSecured>
                        
                        
                        <ns2:isAjaxExposed>true</ns2:isAjaxExposed>
                        
                    
                    </ns16:extensionElements>
                    
                    
                    <ns16:ioSpecification>
                        
                        
                        <ns16:dataInput name="Input" itemSubjectRef="itm.12.db884a3c-c533-44b7-bb2d-47bec8ad4022" isCollection="false" id="2055.cb09dcda-caaf-4457-a293-488269834495">
                            
                            
                            <ns16:extensionElements>
                                
                                
                                <ns2:defaultValue useDefault="true">"Insurance Agent: Thank you for calling XYZ Insurance. My name is Joe. How may I assist you today?\n\nCustomer: Hi, my name is Mary Johnson, and I need to file a claim. My 1998 Nissan Maxima was stolen and damaged on November 20th, 2023, in Houston.\n\nInsurance Agent: Sorry to hear that your vehicle was stolen and damaged, Mary. Can you provide your policy number?\n\nCustomer: It's 456789012.\n\nInsurance Agent: Thank you. Sorry to hear that you've gone through this ordeal. Let me gather some information. So, the incident occurred on November 20th at 10 PM in Houston?\n\nCustomer: Yes.\n\nInsurance Agent: There were no other vehicles involved, and one witness was present at the scene? And you reported the incident to the authorities and have a police report available?\n\nCustomer: That's correct.\n\nInsurance Agent: Great. Can you tell me about any damage to your vehicle?\n\nCustomer: When I found my vehicle, it had some scratches and dents on the exterior.\n\nInsurance Agent: Okay. I see. Based on the information you've provided, it seems like this is a trivial damage claim. However, since your vehicle was stolen, I'll ensure that we initiate the claims process for you. A claims representative will follow up with you shortly to provide further guidance. Is there anything else you'd like to add or ask at this time?\n\nCustomer: No, that covers it. Thank you for your help.";</ns2:defaultValue>
                                
                            
                            </ns16:extensionElements>
                            
                        
                        </ns16:dataInput>
                        
                        
                        <ns16:dataInput name="Model" itemSubjectRef="itm.12.db884a3c-c533-44b7-bb2d-47bec8ad4022" isCollection="false" id="2055.8d3d32ec-f8b0-4eac-8ee3-9af6df092252">
                            
                            
                            <ns16:extensionElements>
                                
                                
                                <ns2:defaultValue useDefault="true">"ibm/granite-13b-instruct-v2"</ns2:defaultValue>
                                
                            
                            </ns16:extensionElements>
                            
                        
                        </ns16:dataInput>
                        
                        
                        <ns16:dataInput name="Context" itemSubjectRef="itm.12.db884a3c-c533-44b7-bb2d-47bec8ad4022" isCollection="false" id="2055.f0c1fda1-56d8-4fa7-8cee-80d5e85a9ee4">
                            
                            
                            <ns16:extensionElements>
                                
                                
                                <ns2:defaultValue useDefault="true">"Based on the chat below :\nAs XYZ Agent, can you provide a summary in JSON format? \n\nInput: \n\nInsurance Agent: Thank you for calling XYZ Insurance. My name is Sarah. How may I assist you today?\n\nCustomer: Hi Sarah, my name is Alex Johnson. I need to file a claim for an incident I was involved in with my Nissan Maxima on October 24th, 2023, in New York.\n\nInsurance Agent: I'\''m sorry to hear that, Alex. I hope everyone involved is okay. Let me gather some initial information to start your claim. Can you please provide your policy number?\n\nCustomer: Sure, it'\''s 123456789.\n\nInsurance Agent: Thank you, Alex. Now, can you provide more details about the incident?\n\nCustomer: Certainly. The incident occurred on October 24th, 2023, around 11 AM. I was driving my 1998 Nissan Maxima in New York when a multi-vehicle collision happened. There were two vehicles involved in total, and it was a front collision. Unfortunately, there were injuries, one person involved, and two witnesses at the scene.\n\nInsurance Agent: I'\''m sorry to hear about the injuries. I hope everyone is okay now. Did you contact the authorities, and was a police report filed?\n\nCustomer: Yes, I called the police, and they arrived at the scene. A police report was filed, and I have a copy available.\n\nInsurance Agent: That'\''s helpful, Alex. Do you know if there was any property damage?\n\nCustomer: Fortunately, there was no property damage.\n\nInsurance Agent: I'\''m glad to hear that. Just to confirm, there were no other vehicles involved in the incident besides yours and one more, correct?\n\nCustomer: That'\''s correct. It was a two-vehicle collision.\n\nInsurance Agent: Thank you for providing those details, Alex. I'\''m sorry for the trouble you'\''ve experienced. I will initiate the claim process for you. Please expect a claim representative to reach out to you within the next 24 hours to guide you through the next steps. Is there anything else you'\''d like to add or ask at this time?\n\nCustomer: No, I think that covers it. I appreciate your assistance, Sarah.\n\n\nInsurance Agent: You'\''re welcome, Alex. If you have any more questions or need further assistance, feel free to reach out. Take care, and I hope everything gets resolved smoothly for you.\n\nCustomer: Thank you, Sarah. Goodbye.\n\nOutput:\n\n{ \"summary\" : \"Alex Johnson called XYZ Insurance to file a claim for a collision involving his Nissan Maxima on October 24th, 2023, in New York. The incident, a front collision, involved two vehicles and resulted in injuries to one person. Alex confirmed that he contacted the authorities, filed a police report, and stated there was no property damage. XYZ Insurance assured Alex that a claim representative would contact him within 24 hours to guide him through the next steps.\"}\n "</ns2:defaultValue>
                                
                            
                            </ns16:extensionElements>
                            
                        
                        </ns16:dataInput>
                        
                        
                        <ns16:dataInput name="MaxToken" itemSubjectRef="itm.12.3fa0d7a0-828a-4d60-99cc-db5ed143fc2d" isCollection="false" id="2055.213c280e-c076-465f-869f-688fd316096b">
                            
                            
                            <ns16:extensionElements>
                                
                                
                                <ns2:defaultValue useDefault="true">1000</ns2:defaultValue>
                                
                            
                            </ns16:extensionElements>
                            
                        
                        </ns16:dataInput>
                        
                        
                        <ns16:dataOutput name="Output" itemSubjectRef="itm.12.db884a3c-c533-44b7-bb2d-47bec8ad4022" isCollection="false" id="2055.8e06f4cc-2fe8-4258-bc7f-595f5a44ed26" />
                        
                        
                        <ns16:inputSet>
                            
                            
                            <ns16:dataInputRefs>2055.cb09dcda-caaf-4457-a293-488269834495</ns16:dataInputRefs>
                            
                            
                            <ns16:dataInputRefs>2055.8d3d32ec-f8b0-4eac-8ee3-9af6df092252</ns16:dataInputRefs>
                            
                            
                            <ns16:dataInputRefs>2055.f0c1fda1-56d8-4fa7-8cee-80d5e85a9ee4</ns16:dataInputRefs>
                            
                            
                            <ns16:dataInputRefs>2055.213c280e-c076-465f-869f-688fd316096b</ns16:dataInputRefs>
                            
                        
                        </ns16:inputSet>
                        
                        
                        <ns16:outputSet>
                            
                            
                            <ns16:dataOutputRefs>2055.8e06f4cc-2fe8-4258-bc7f-595f5a44ed26</ns16:dataOutputRefs>
                            
                        
                        </ns16:outputSet>
                        
                    
                    </ns16:ioSpecification>
                    
                    
                    <ns16:laneSet id="4745d61a-5986-4d0d-9892-b32e245d800a">
                        
                        
                        <ns16:lane name="System" partitionElementRef="24.6fd38d02-81cf-48ab-bd42-8ff4c0a1628b" id="5a189e1c-e125-4228-97d4-396ae62c8e8c" ns3:isSystemLane="true">
                            
                            
                            <ns16:extensionElements>
                                
                                
                                <ns13:nodeVisualInfo x="0" y="0" width="3000" height="500" color="#F8F8F8" />
                                
                            
                            </ns16:extensionElements>
                            
                            
                            <ns16:flowNodeRef>f2ea6230-9ba8-4f0d-b3e0-6eff5bc15cce</ns16:flowNodeRef>
                            
                            
                            <ns16:flowNodeRef>118713cf-bef0-4142-a568-b5397fb85b7b</ns16:flowNodeRef>
                            
                            
                            <ns16:flowNodeRef>a0cd5e94-614d-4550-91de-e10ad615f339</ns16:flowNodeRef>
                            
                            
                            <ns16:flowNodeRef>75f8505d-1bcb-4244-8ebe-f2d803bd0731</ns16:flowNodeRef>
                            
                            
                            <ns16:flowNodeRef>d88fe18c-9e7e-4f28-883c-30fca267397e</ns16:flowNodeRef>
                            
                        
                        </ns16:lane>
                        
                    
                    </ns16:laneSet>
                    
                    
                    <ns16:startEvent isInterrupting="false" parallelMultiple="false" name="Start" id="f2ea6230-9ba8-4f0d-b3e0-6eff5bc15cce">
                        
                        
                        <ns16:extensionElements>
                            
                            
                            <ns13:nodeVisualInfo x="25" y="80" width="24" height="24" color="#F8F8F8" />
                            
                        
                        </ns16:extensionElements>
                        
                        
                        <ns16:outgoing>2027.0f4e7a09-4a3e-4c75-9cb5-a404a3d4b015</ns16:outgoing>
                        
                    
                    </ns16:startEvent>
                    
                    
                    <ns16:endEvent name="End" id="118713cf-bef0-4142-a568-b5397fb85b7b">
                        
                        
                        <ns16:extensionElements>
                            
                            
                            <ns13:nodeVisualInfo x="850" y="85" width="24" height="24" color="#F8F8F8" />
                            
                            
                            <ns3:saveExecutionContext>true</ns3:saveExecutionContext>
                            
                            
                            <ns2:endStateId>guid:dbf9acf9c88654db:-50650b7:18f55283b66:-7019</ns2:endStateId>
                            
                        
                        </ns16:extensionElements>
                        
                        
                        <ns16:incoming>63f131dd-c182-477d-b809-ff0e327ac9d5</ns16:incoming>
                        
                    
                    </ns16:endEvent>
                    
                    
                    <ns16:sequenceFlow sourceRef="f2ea6230-9ba8-4f0d-b3e0-6eff5bc15cce" targetRef="a0cd5e94-614d-4550-91de-e10ad615f339" name="To Get Token" id="2027.0f4e7a09-4a3e-4c75-9cb5-a404a3d4b015">
                        
                        
                        <ns16:extensionElements>
                            
                            
                            <ns13:linkVisualInfo>
                                
                                
                                <ns13:sourcePortLocation>rightCenter</ns13:sourcePortLocation>
                                
                                
                                <ns13:targetPortLocation>leftCenter</ns13:targetPortLocation>
                                
                                
                                <ns13:showLabel>false</ns13:showLabel>
                                
                                
                                <ns13:showCoachControlLabel>false</ns13:showCoachControlLabel>
                                
                                
                                <ns13:labelPosition>0.0</ns13:labelPosition>
                                
                                
                                <ns13:saveExecutionContext>false</ns13:saveExecutionContext>
                                
                            
                            </ns13:linkVisualInfo>
                            
                        
                        </ns16:extensionElements>
                        
                    
                    </ns16:sequenceFlow>
                    
                    
                    <ns16:callActivity calledElement="1.dc691a1a-a5c2-4b39-ad54-78834ea31e55" isForCompensation="false" startQuantity="1" completionQuantity="1" name="Get Token" id="a0cd5e94-614d-4550-91de-e10ad615f339">
                        
                        
                        <ns16:extensionElements>
                            
                            
                            <ns13:nodeVisualInfo x="168" y="60" width="95" height="70" />
                            
                            
                            <ns3:activityType>CalledProcess</ns3:activityType>
                            
                        
                        </ns16:extensionElements>
                        
                        
                        <ns16:incoming>2027.0f4e7a09-4a3e-4c75-9cb5-a404a3d4b015</ns16:incoming>
                        
                        
                        <ns16:outgoing>66bb6f04-6498-440c-9981-8c07e23035ea</ns16:outgoing>
                        
                        
                        <ns16:dataInputAssociation>
                            
                            
                            <ns16:targetRef>2055.f7f6cf9e-f2c4-43a1-80b6-3b2b4a90c651</ns16:targetRef>
                            
                            
                            <ns16:assignment>
                                
                                
                                <ns16:from xmlns:xsi="http://www.w3.org/2001/XMLSchema-instance" xsi:type="ns16:tFormalExpression" evaluatesToTypeRef="itm.12.ebdcaf0a-7aa2-4842-8ff0-175021bb179b">tw.local.iam_properties</ns16:from>
                                
                            
                            </ns16:assignment>
                            
                        
                        </ns16:dataInputAssociation>
                        
                        
                        <ns16:dataOutputAssociation>
                            
                            
                            <ns16:sourceRef>2055.a1b77c99-85ec-4952-8fda-9557ea5061c0</ns16:sourceRef>
                            
                            
                            <ns16:assignment>
                                
                                
                                <ns16:to xmlns:xsi="http://www.w3.org/2001/XMLSchema-instance" xsi:type="ns16:tFormalExpression" evaluatesToTypeRef="itm.12.f21b8a24-5fc2-4e9d-815d-2c194639264c">tw.local.token</ns16:to>
                                
                            
                            </ns16:assignment>
                            
                        
                        </ns16:dataOutputAssociation>
                        
                    
                    </ns16:callActivity>
                    
                    
                    <ns16:sequenceFlow sourceRef="a0cd5e94-614d-4550-91de-e10ad615f339" targetRef="75f8505d-1bcb-4244-8ebe-f2d803bd0731" name="To Call WatsonX" id="66bb6f04-6498-440c-9981-8c07e23035ea">
                        
                        
                        <ns16:extensionElements>
                            
                            
                            <ns2:sequenceFlowImplementation sboSyncEnabled="true" />
                            
                            
                            <ns13:linkVisualInfo>
                                
                                
                                <ns13:sourcePortLocation>rightCenter</ns13:sourcePortLocation>
                                
                                
                                <ns13:targetPortLocation>leftCenter</ns13:targetPortLocation>
                                
                                
                                <ns13:showLabel>false</ns13:showLabel>
                                
                                
                                <ns13:showCoachControlLabel>false</ns13:showCoachControlLabel>
                                
                                
                                <ns13:labelPosition>0.0</ns13:labelPosition>
                                
                                
                                <ns13:saveExecutionContext>true</ns13:saveExecutionContext>
                                
                            
                            </ns13:linkVisualInfo>
                            
                            
                            <ns2:endStateId>guid:4e818afbefcb4c70:5be2d762:189e56a5879:-7170</ns2:endStateId>
                            
                        
                        </ns16:extensionElements>
                        
                    
                    </ns16:sequenceFlow>
                    
                    
                    <ns16:dataObject itemSubjectRef="itm.12.f21b8a24-5fc2-4e9d-815d-2c194639264c" isCollection="false" name="token" id="2056.0583c697-e719-4fdb-a029-a65da7bdece3">
                        
                        
                        <ns16:extensionElements>
                            
                            
                            <ns2:defaultValue useDefault="false">var autoObject = new tw.object.toolkit.WA.token_200Type();
autoObject.access_token = "";
autoObject.refresh_token = "";
autoObject.token_type = "";
autoObject.expires_in = 0;
autoObject.expiration = 0;
autoObject</ns2:defaultValue>
                            
                        
                        </ns16:extensionElements>
                        
                    
                    </ns16:dataObject>
                    
                    
                    <ns16:dataObject itemSubjectRef="itm.12.ebdcaf0a-7aa2-4842-8ff0-175021bb179b" isCollection="false" name="iam_properties" id="2056.6adfb79d-e244-4707-8c04-62478646e3d2">
                        
                        
                        <ns16:extensionElements>
                            
                            
                            <ns2:defaultValue useDefault="true">var autoObject = new tw.object.toolkit.WA.iam_properties();
autoObject.grant_type = "urn:ibm:params:oauth:grant-type:apikey";
autoObject.apikey = "cg77GWui3UsOXNC6leMVb7wxYdej_prTUJqMTq6I_mG1";
autoObject</ns2:defaultValue>
                            
                        
                        </ns16:extensionElements>
                        
                    
                    </ns16:dataObject>
                    
                    
                    <ns16:dataObject itemSubjectRef="itm.12.95779850-ad03-402e-8c5c-d7a1569610dd" isCollection="false" name="watsonx_properties" id="2056.fa307e14-8292-4635-9459-e1d18082e68e">
                        
                        
                        <ns16:extensionElements>
                            
                            
                            <ns2:defaultValue useDefault="true">var autoObject = new tw.object.toolkit.WA.watsonx_properties();
autoObject.version = "2023-05-29";
autoObject.input_prompt = "What is the weather today?";
autoObject.model_id = "ibm/granite-13b-instruct-v2";
autoObject.project_id = "60bcdf77-bc49-4ab0-ae99-f9bbbc081eaa";
autoObject.max_new_tokens =1000;
autoObject.min_new_tokens = 0;
autoObject.stop_sequences = new tw.object.listOf.toolkit.TWSYS.String();
autoObject.temperature = 0.6;
autoObject.decoding_method = "greedy";
autoObject.repetition_penalty = 1;
autoObject.random_seed = 5;
autoObject.stream = false;
autoObject.time_limit = 30000;
autoObject.top_k = 50;
autoObject.top_p = 0.9;
autoObject.truncate_input_tokens = 0;
autoObject.beam_width = 0;
autoObject</ns2:defaultValue>
                            
                        
                        </ns16:extensionElements>
                        
                    
                    </ns16:dataObject>
                    
                    
                    <ns16:dataObject itemSubjectRef="itm.12.db884a3c-c533-44b7-bb2d-47bec8ad4022" isCollection="false" name="content" id="2056.bdf7a360-dcba-4334-b7da-9b6b26c51e03" />
                    
                    
                    <ns16:scriptTask scriptFormat="text/x-javascript" name="Call WatsonX" id="75f8505d-1bcb-4244-8ebe-f2d803bd0731">
                        
                        
                        <ns16:extensionElements>
                            
                            
                            <ns13:nodeVisualInfo x="399" y="61" width="95" height="70" />
                            
                        
                        </ns16:extensionElements>
                        
                        
                        <ns16:incoming>66bb6f04-6498-440c-9981-8c07e23035ea</ns16:incoming>
                        
                        
                        <ns16:outgoing>89d75f76-d338-4b8d-92bd-262f9b26dd36</ns16:outgoing>
                        
                        
                        <ns16:script>var promptInput = tw.local.Context +" \n\n INPUT: \n\n "+ tw.local.Input +" \n\n Output:\n\n";
var request = new BPMRESTRequest();
request.externalServiceName = "Simplified watsonx.ai generation API";
request.operationName="generation";
request.httpMethod = "post";
var headers = {"Content-Type": "application/json", 
               "Accept": "*/*",
               "Authorization" : "Bearer " + tw.local.token.access_token};
request.httpHeaders = headers;

request.parameters = {
  "version" : tw.local.watsonx_properties.version,
  "body" : {
    "input":promptInput,
    "model_id": tw.local.Model,
    "project_id": tw.local.watsonx_properties.project_id,
    "parameters":{
        "decoding_method": tw.local.watsonx_properties.decoding_method,
        "temperature": tw.local.watsonx_properties.temperature,
        "repetition_penalty": tw.local.watsonx_properties.repetition_penalty,
        "random_seed": tw.local.watsonx_properties.random_seed,
        "max_new_tokens": tw.local.MaxToken,
        "min_new_tokens": tw.local.watsonx_properties.min_new_tokens,
        "stop_sequences": tw.local.watsonx_properties.stop_sequences,
        "stream": tw.local.watsonx_properties.stream,
        "time_limit": tw.local.watsonx_properties.time_limit,
        "top_k": tw.local.watsonx_properties.top_k,
        "top_p": tw.local.watsonx_properties.top_p,
        "truncate_input_tokens": tw.local.watsonx_properties.truncate_input_tokens,
        "beam_width": tw.local.watsonx_properties.beam_width
        }
	}
  };

var response = tw.system.invokeREST(request);
// Evaluate the response and process as necessary
var httpStatusCode = response.httpStatusCode;
var httpStatusMessage = response.httpStatusMessage;
var httpHeaders = response.httpHeaders;
var content = response.content;

tw.local.content = content;</ns16:script>
                        
                    
                    </ns16:scriptTask>
                    
                    
                    <ns16:sequenceFlow sourceRef="75f8505d-1bcb-4244-8ebe-f2d803bd0731" targetRef="d88fe18c-9e7e-4f28-883c-30fca267397e" name="To Extract" id="89d75f76-d338-4b8d-92bd-262f9b26dd36">
                        
                        
                        <ns16:extensionElements>
                            
                            
                            <ns13:linkVisualInfo>
                                
                                
                                <ns13:sourcePortLocation>rightCenter</ns13:sourcePortLocation>
                                
                                
                                <ns13:targetPortLocation>leftCenter</ns13:targetPortLocation>
                                
                                
                                <ns13:showLabel>false</ns13:showLabel>
                                
                                
                                <ns13:showCoachControlLabel>false</ns13:showCoachControlLabel>
                                
                                
                                <ns13:labelPosition>0.0</ns13:labelPosition>
                                
                                
                                <ns13:saveExecutionContext>false</ns13:saveExecutionContext>
                                
                            
                            </ns13:linkVisualInfo>
                            
                        
                        </ns16:extensionElements>
                        
                    
                    </ns16:sequenceFlow>
                    
                    
                    <ns16:scriptTask scriptFormat="text/x-javascript" name="Extract" id="d88fe18c-9e7e-4f28-883c-30fca267397e">
                        
                        
                        <ns16:extensionElements>
                            
                            
                            <ns13:nodeVisualInfo x="632" y="61" width="95" height="70" />
                            
                        
                        </ns16:extensionElements>
                        
                        
                        <ns16:incoming>89d75f76-d338-4b8d-92bd-262f9b26dd36</ns16:incoming>
                        
                        
                        <ns16:outgoing>63f131dd-c182-477d-b809-ff0e327ac9d5</ns16:outgoing>
                        
                        
                        <ns16:script>var output = JSON.parse(tw.local.content);
tw.local.Output = output.results[0].generated_text;</ns16:script>
                        
                    
                    </ns16:scriptTask>
                    
                    
                    <ns16:sequenceFlow sourceRef="d88fe18c-9e7e-4f28-883c-30fca267397e" targetRef="118713cf-bef0-4142-a568-b5397fb85b7b" name="To End" id="63f131dd-c182-477d-b809-ff0e327ac9d5">
                        
                        
                        <ns16:extensionElements>
                            
                            
                            <ns2:sequenceFlowImplementation sboSyncEnabled="true" />
                            
                            
                            <ns13:linkVisualInfo>
                                
                                
                                <ns13:sourcePortLocation>rightCenter</ns13:sourcePortLocation>
                                
                                
                                <ns13:targetPortLocation>leftCenter</ns13:targetPortLocation>
                                
                                
                                <ns13:showLabel>false</ns13:showLabel>
                                
                                
                                <ns13:showCoachControlLabel>false</ns13:showCoachControlLabel>
                                
                                
                                <ns13:labelPosition>0.0</ns13:labelPosition>
                                
                                
                                <ns13:saveExecutionContext>true</ns13:saveExecutionContext>
                                
                            
                            </ns13:linkVisualInfo>
                            
                        
                        </ns16:extensionElements>
                        
                    
                    </ns16:sequenceFlow>
                    
                
                </ns16:process>
                
            
            </ns16:definitions>
        </bpmn2Model>
        <link name="To Extract">
            <lastModified isNull="true" />
            <lastModifiedBy isNull="true" />
            <tenantId isNull="true" />
            <processLinkId>2027.89d75f76-d338-4b8d-92bd-262f9b26dd36</processLinkId>
            <processId>1.16e80dc1-b6d0-4325-bf94-d8538fd6bc9f</processId>
            <description isNull="true" />
            <fromProcessItemId>2025.75f8505d-1bcb-4244-8ebe-f2d803bd0731</fromProcessItemId>
            <endStateId>Out</endStateId>
            <toProcessItemId>2025.d88fe18c-9e7e-4f28-883c-30fca267397e</toProcessItemId>
            <guid>guid:60809d78-0761-43bc-b0b3-62e9a136d409</guid>
            <versionId>f7d0a861-17e5-419d-8153-152a7bf3bf23</versionId>
            <layoutData>
                <controlPoints />
                <showEndState>false</showEndState>
                <showName>false</showName>
            </layoutData>
            <fromItemPort locationId="rightCenter" portType="1" />
            <toItemPort locationId="leftCenter" portType="2" />
            <fromProcessItemId>2025.75f8505d-1bcb-4244-8ebe-f2d803bd0731</fromProcessItemId>
            <toProcessItemId>2025.d88fe18c-9e7e-4f28-883c-30fca267397e</toProcessItemId>
        </link>
        <link name="To Call WatsonX">
            <lastModified isNull="true" />
            <lastModifiedBy isNull="true" />
            <tenantId isNull="true" />
            <processLinkId>2027.66bb6f04-6498-440c-9981-8c07e23035ea</processLinkId>
            <processId>1.16e80dc1-b6d0-4325-bf94-d8538fd6bc9f</processId>
            <description isNull="true" />
            <fromProcessItemId>2025.a0cd5e94-614d-4550-91de-e10ad615f339</fromProcessItemId>
            <endStateId>guid:4e818afbefcb4c70:5be2d762:189e56a5879:-7170</endStateId>
            <toProcessItemId>2025.75f8505d-1bcb-4244-8ebe-f2d803bd0731</toProcessItemId>
            <guid>guid:b0add281-bcf0-4f29-9065-93bde8ef58c7</guid>
            <versionId>1c54feb4-daa9-441b-8008-f924dbb532d2</versionId>
            <layoutData>
                <controlPoints />
                <showEndState>false</showEndState>
                <showName>false</showName>
            </layoutData>
            <fromItemPort locationId="rightCenter" portType="1" />
            <toItemPort locationId="leftCenter" portType="2" />
            <fromProcessItemId>2025.a0cd5e94-614d-4550-91de-e10ad615f339</fromProcessItemId>
            <toProcessItemId>2025.75f8505d-1bcb-4244-8ebe-f2d803bd0731</toProcessItemId>
        </link>
        <link name="To End">
            <lastModified isNull="true" />
            <lastModifiedBy isNull="true" />
            <tenantId isNull="true" />
            <processLinkId>2027.63f131dd-c182-477d-b809-ff0e327ac9d5</processLinkId>
            <processId>1.16e80dc1-b6d0-4325-bf94-d8538fd6bc9f</processId>
            <description isNull="true" />
            <fromProcessItemId>2025.d88fe18c-9e7e-4f28-883c-30fca267397e</fromProcessItemId>
            <endStateId>Out</endStateId>
            <toProcessItemId>2025.118713cf-bef0-4142-a568-b5397fb85b7b</toProcessItemId>
            <guid>guid:5c9bd58a-a2ac-4c9a-83a3-369cb39a734d</guid>
            <versionId>57d9c827-dcdf-462d-b6cf-2faa60dfa99a</versionId>
            <layoutData>
                <controlPoints />
                <showEndState>false</showEndState>
                <showName>false</showName>
            </layoutData>
            <fromItemPort locationId="rightCenter" portType="1" />
            <toItemPort locationId="leftCenter" portType="2" />
            <fromProcessItemId>2025.d88fe18c-9e7e-4f28-883c-30fca267397e</fromProcessItemId>
            <toProcessItemId>2025.118713cf-bef0-4142-a568-b5397fb85b7b</toProcessItemId>
        </link>
    </process>
</teamworks>

