<?xml version="1.0" encoding="UTF-8"?>
<teamworks>
    <process id="1.184c6f51-1798-4b1e-9662-566975b77271" name="GetCasePath">
        <lastModified>1714461070242</lastModified>
        <lastModifiedBy>cp4admin</lastModifiedBy>
        <tenantId isNull="true" />
        <processId>1.184c6f51-1798-4b1e-9662-566975b77271</processId>
        <image isNull="true" />
        <tabGroup isNull="true" />
        <startingProcessItemId>2025.365e9a22-a1f4-4e33-86d8-5ee2f3045f68</startingProcessItemId>
        <isRootProcess>false</isRootProcess>
        <processType>12</processType>
        <isErrorHandlerEnabled>false</isErrorHandlerEnabled>
        <errorHandlerItemId isNull="true" />
        <isLoggingVariables>false</isLoggingVariables>
        <isTransactional>false</isTransactional>
        <processTimingLevel isNull="true" />
        <participantRef isNull="true" />
        <exposedType>0</exposedType>
        <isTrackingEnabled>true</isTrackingEnabled>
        <xmlData isNull="true" />
        <cachingType>false</cachingType>
        <itemLabel isNull="true" />
        <cacheLength>0</cacheLength>
        <mobileReady>false</mobileReady>
        <sboSyncEnabled>true</sboSyncEnabled>
        <externalId isNull="true" />
        <isSecured>true</isSecured>
        <isAjaxExposed>true</isAjaxExposed>
        <isInvokedAsynchronously>false</isInvokedAsynchronously>
        <isTransactionalFlow>false</isTransactionalFlow>
        <description isNull="true" />
        <guid>guid:8b0c8ed1dccfb194:-60544698:18f06b936dc:-78cb</guid>
        <versionId>01932608-0374-48b9-9b7a-dd607d743b2a</versionId>
        <dependencySummary>&lt;dependencySummary id="bpdid:8b0c8ed1dccfb194:-60544698:18f06b936dc:-78c6" /&gt;</dependencySummary>
        <jsonData>{"rootElement":[{"flowElement":[{"parallelMultiple":false,"outgoing":["2027.952b83c4-96b6-40cc-84cc-4d2ec381ad83"],"isInterrupting":false,"extensionElements":{"nodeVisualInfo":[{"color":"#F8F8F8","width":24,"x":25,"y":80,"declaredType":"TNodeVisualInfo","height":24}]},"name":"Start","declaredType":"startEvent","id":"08c56968-8741-483e-86da-d85218a76272"},{"incoming":["cd17bbb1-64e4-48b5-8507-8479c45f126b"],"extensionElements":{"nodeVisualInfo":[{"color":"#F8F8F8","width":24,"x":650,"y":80,"declaredType":"TNodeVisualInfo","height":24}],"endStateId":["guid:8b0c8ed1dccfb194:-60544698:18f06b936dc:-78c9"],"saveExecutionContext":[true]},"name":"End","declaredType":"endEvent","id":"185a134c-137c-4627-82b7-763365c272c8"},{"targetRef":"365e9a22-a1f4-4e33-86d8-5ee2f3045f68","extensionElements":{"linkVisualInfo":[{"sourcePortLocation":"rightCenter","showCoachControlLabel":false,"labelPosition":0.0,"targetPortLocation":"leftCenter","declaredType":"TLinkVisualInfo","saveExecutionContext":false,"showLabel":false}]},"name":"To Content integration","declaredType":"sequenceFlow","id":"2027.952b83c4-96b6-40cc-84cc-4d2ec381ad83","sourceRef":"08c56968-8741-483e-86da-d85218a76272"},{"outgoing":["cd17bbb1-64e4-48b5-8507-8479c45f126b"],"incoming":["2027.952b83c4-96b6-40cc-84cc-4d2ec381ad83"],"matchAllSearchCriteria":true,"extensionElements":{"postAssignmentScript":["tw.local.Path = tw.local.folder.path;"],"nodeVisualInfo":[{"width":95,"x":286,"y":57,"declaredType":"TNodeVisualInfo","height":70}],"activityType":["ContentTask"]},"operationRef":"FOLDER_OP_GET_FOLDER","implementation":"##WebService","serverName":"IBM_TargetObjectStore","declaredType":"com.ibm.bpmsdk.model.bpmn20.ibmwleext.TContentTask","startQuantity":1,"name":"Content integration","dataInputAssociation":[{"targetRef":"FOLDER_ID","assignment":[{"from":{"evaluatesToTypeRef":"itm.12.3212d5b3-f692-41b3-a893-343dc5c3df01","declaredType":"TFormalExpression","content":["tw.local.folderId"]}}]}],"isForCompensation":false,"useMappedVariable":true,"completionQuantity":1,"id":"365e9a22-a1f4-4e33-86d8-5ee2f3045f68","dataOutputAssociation":[{"assignment":[{"to":{"evaluatesToTypeRef":"itm.12.240930df-e9da-40a6-a4e8-4b41b42bb183","declaredType":"TFormalExpression","content":["tw.local.folder"]}}],"sourceRef":["FOLDER"]}],"orderOverride":false},{"targetRef":"185a134c-137c-4627-82b7-763365c272c8","extensionElements":{"sequenceFlowImplementation":[{"fireValidation":"Never","sboSyncEnabled":true,"declaredType":"com.ibm.bpmsdk.model.bpmn20.ibmext.TSequenceFlowImplementation"}],"linkVisualInfo":[{"sourcePortLocation":"rightCenter","showCoachControlLabel":false,"labelPosition":0.0,"targetPortLocation":"leftCenter","declaredType":"TLinkVisualInfo","saveExecutionContext":true,"showLabel":false}]},"name":"To End","declaredType":"sequenceFlow","id":"cd17bbb1-64e4-48b5-8507-8479c45f126b","sourceRef":"365e9a22-a1f4-4e33-86d8-5ee2f3045f68"},{"itemSubjectRef":"itm.12.240930df-e9da-40a6-a4e8-4b41b42bb183","name":"folder","isCollection":false,"declaredType":"dataObject","id":"2056.22c3de64-6b08-4f6d-81ea-dc70634e1cf3"}],"laneSet":[{"id":"062cc479-e4ca-49d5-8d0a-c99f311929f1","lane":[{"flowNodeRef":["08c56968-8741-483e-86da-d85218a76272","185a134c-137c-4627-82b7-763365c272c8","365e9a22-a1f4-4e33-86d8-5ee2f3045f68"],"extensionElements":{"nodeVisualInfo":[{"color":"#F8F8F8","width":3000,"x":0,"y":0,"declaredType":"TNodeVisualInfo","height":500}]},"name":"System","partitionElementRef":"24.6fd38d02-81cf-48ab-bd42-8ff4c0a1628b","declaredType":"lane","id":"d94b698a-935e-4af6-8c3c-aecc90fdf85f","otherAttributes":{"{http:\/\/www.ibm.com\/xmlns\/prod\/bpm\/bpmn\/ext\/process\/wle}isSystemLane":"true"}}]}],"isClosed":false,"extensionElements":{"isSecured":[true],"isAjaxExposed":[true],"isTransactionalFlow":[false],"sboSyncEnabled":[true],"isInvokedAsynchronously":[false]},"documentation":[{"textFormat":"text\/plain"}],"name":"GetCasePath","declaredType":"process","id":"1.184c6f51-1798-4b1e-9662-566975b77271","processType":"None","otherAttributes":{"{http:\/\/www.ibm.com\/xmlns\/prod\/bpm\/bpmn\/ext\/process}executionMode":"microflow"},"ioSpecification":{"dataOutput":[{"itemSubjectRef":"itm.12.db884a3c-c533-44b7-bb2d-47bec8ad4022","name":"Path","isCollection":false,"id":"2055.1c919029-7ac6-42ac-83cc-e86bf29a31b7"}],"inputSet":[{"dataInputRefs":["2055.3b55e88b-1fda-4d3c-8735-84278551155b"]}],"outputSet":[{"dataOutputRefs":["2055.1c919029-7ac6-42ac-83cc-e86bf29a31b7"]}],"dataInput":[{"itemSubjectRef":"itm.12.3212d5b3-f692-41b3-a893-343dc5c3df01","name":"folderId","isCollection":false,"id":"2055.3b55e88b-1fda-4d3c-8735-84278551155b"}]}}],"targetNamespace":"","typeLanguage":"http:\/\/www.w3.org\/2001\/XMLSchema","expressionLanguage":"http:\/\/www.ibm.com\/xmlns\/prod\/bpm\/expression-lang\/javascript"}</jsonData>
        <field1 isNull="true" />
        <field2 isNull="true" />
        <field3>0</field3>
        <field4 isNull="true" />
        <field5>false</field5>
        <clobField1 isNull="true" />
        <blobField1 isNull="true" />
        <processParameter name="folderId">
            <lastModified isNull="true" />
            <lastModifiedBy isNull="true" />
            <tenantId isNull="true" />
            <processParameterId>2055.3b55e88b-1fda-4d3c-8735-84278551155b</processParameterId>
            <processId>1.184c6f51-1798-4b1e-9662-566975b77271</processId>
            <parameterType>1</parameterType>
            <isArrayOf>false</isArrayOf>
            <classId>eb06c578-2751-4f88-8d83-11ae81f27089/12.3212d5b3-f692-41b3-a893-343dc5c3df01</classId>
            <seq>1</seq>
            <hasDefault>false</hasDefault>
            <defaultValue isNull="true" />
            <isLocked>false</isLocked>
            <description isNull="true" />
            <guid>guid:192c15d6-40d2-457c-af51-83771486c617</guid>
            <versionId>66918b7f-a47f-4f8a-ba4e-fc7dbd602196</versionId>
        </processParameter>
        <processParameter name="Path">
            <lastModified isNull="true" />
            <lastModifiedBy isNull="true" />
            <tenantId isNull="true" />
            <processParameterId>2055.1c919029-7ac6-42ac-83cc-e86bf29a31b7</processParameterId>
            <processId>1.184c6f51-1798-4b1e-9662-566975b77271</processId>
            <parameterType>2</parameterType>
            <isArrayOf>false</isArrayOf>
            <classId>f9bfad03-1cba-408d-921f-41cfbdd4600c/12.db884a3c-c533-44b7-bb2d-47bec8ad4022</classId>
            <seq>2</seq>
            <hasDefault>false</hasDefault>
            <defaultValue isNull="true" />
            <isLocked>false</isLocked>
            <description isNull="true" />
            <guid>guid:b3ed61d5-de94-40a3-90d1-ad21ae05c532</guid>
            <versionId>9f146055-5ad6-40c1-bc5d-6b630362c894</versionId>
        </processParameter>
        <processParameter name="ECMError">
            <lastModified isNull="true" />
            <lastModifiedBy isNull="true" />
            <tenantId isNull="true" />
            <processParameterId>2055.9ca6dc30-08ad-475b-81dd-3f78df85f5fe</processParameterId>
            <processId>1.184c6f51-1798-4b1e-9662-566975b77271</processId>
            <parameterType>3</parameterType>
            <isArrayOf>false</isArrayOf>
            <classId>eb06c578-2751-4f88-8d83-11ae81f27089/12.bfb48b9b-8247-49fb-8f78-82b738b817a6</classId>
            <seq>3</seq>
            <hasDefault>false</hasDefault>
            <defaultValue>ECMError</defaultValue>
            <isLocked>false</isLocked>
            <description isNull="true" />
            <guid>guid:9ca6dc30-08ad-475b-81dd-3f78df85f5fe</guid>
            <versionId>b9971219-4681-4d7c-b0ca-ce3d37c85671</versionId>
        </processParameter>
        <processParameter name="ECMError">
            <lastModified isNull="true" />
            <lastModifiedBy isNull="true" />
            <tenantId isNull="true" />
            <processParameterId>2055.7f1c2f86-546c-4eed-aced-ecde310e5d5e</processParameterId>
            <processId>1.184c6f51-1798-4b1e-9662-566975b77271</processId>
            <parameterType>3</parameterType>
            <isArrayOf>false</isArrayOf>
            <classId>eb06c578-2751-4f88-8d83-11ae81f27089/12.bfb48b9b-8247-49fb-8f78-82b738b817a6</classId>
            <seq>4</seq>
            <hasDefault>false</hasDefault>
            <defaultValue>ECMError</defaultValue>
            <isLocked>false</isLocked>
            <description isNull="true" />
            <guid>guid:7f1c2f86-546c-4eed-aced-ecde310e5d5e</guid>
            <versionId>b86db594-a6c1-4a0d-866f-4a38757d9b12</versionId>
        </processParameter>
        <processVariable name="folder">
            <lastModified isNull="true" />
            <lastModifiedBy isNull="true" />
            <tenantId isNull="true" />
            <processVariableId>2056.22c3de64-6b08-4f6d-81ea-dc70634e1cf3</processVariableId>
            <description isNull="true" />
            <processId>1.184c6f51-1798-4b1e-9662-566975b77271</processId>
            <namespace>2</namespace>
            <seq>1</seq>
            <isArrayOf>false</isArrayOf>
            <isTransient>false</isTransient>
            <classId>eb06c578-2751-4f88-8d83-11ae81f27089/12.240930df-e9da-40a6-a4e8-4b41b42bb183</classId>
            <hasDefault>false</hasDefault>
            <defaultValue isNull="true" />
            <guid>guid:8c10abee-2d5d-4bc8-9964-f823e2a89add</guid>
            <versionId>8026f751-ed08-425a-8eca-53e759c5a216</versionId>
        </processVariable>
        <item>
            <lastModified isNull="true" />
            <lastModifiedBy isNull="true" />
            <tenantId isNull="true" />
            <processItemId>2025.365e9a22-a1f4-4e33-86d8-5ee2f3045f68</processItemId>
            <processId>1.184c6f51-1798-4b1e-9662-566975b77271</processId>
            <name>Content integration</name>
            <tWComponentName>ECMConnector</tWComponentName>
            <tWComponentId>3030.bd551c80-de33-479c-9c64-07b46c57ca71</tWComponentId>
            <isLogEnabled>false</isLogEnabled>
            <isTraceEnabled>false</isTraceEnabled>
            <traceCategory isNull="true" />
            <traceLevel isNull="true" />
            <traceMessage isNull="true" />
            <traceSymbolTable isNull="true" />
            <isExecutionContextTraced>false</isExecutionContextTraced>
            <saveExecutionContext>false</saveExecutionContext>
            <documentation isNull="true" />
            <isErrorHandlerEnabled>false</isErrorHandlerEnabled>
            <errorHandlerItemId isNull="true" />
            <guid>guid:8b0c8ed1dccfb194:-60544698:18f06b936dc:-78c7</guid>
            <versionId>164a12c5-df48-4603-9c30-81fa98df1492</versionId>
            <externalServiceRef isNull="true" />
            <externalServiceOp isNull="true" />
            <nodeColor isNull="true" />
            <processPrePosts>
                <lastModified isNull="true" />
                <lastModifiedBy isNull="true" />
                <tenantId isNull="true" />
                <processItemPrePostId>2029.5608f568-3443-4c54-8788-94c405e3ef34</processItemPrePostId>
                <processItemId>2025.365e9a22-a1f4-4e33-86d8-5ee2f3045f68</processItemId>
                <location>2</location>
                <script>tw.local.Path = tw.local.folder.path;</script>
                <guid>guid:5608f568-3443-4c54-8788-94c405e3ef34</guid>
                <versionId>4f48d264-3295-4244-aad9-fd573897ac74</versionId>
            </processPrePosts>
            <layoutData x="286" y="57">
                <errorLink>
                    <controlPoints />
                    <showEndState>false</showEndState>
                    <showName>false</showName>
                </errorLink>
            </layoutData>
            <TWComponent>
                <lastModified isNull="true" />
                <lastModifiedBy isNull="true" />
                <tenantId isNull="true" />
                <ecmConnectorId>3030.bd551c80-de33-479c-9c64-07b46c57ca71</ecmConnectorId>
                <definition>&lt;config type="com.lombardisoftware.client.persistence.ECMConnectorConfiguration"&gt;
  &lt;inputParameters&gt;
    &lt;parameter&gt;
      &lt;name&gt;folderId&lt;/name&gt;
      &lt;type&gt;ECMID&lt;/type&gt;
      &lt;description&gt;&lt;/description&gt;
      &lt;defaultValue&gt;&lt;/defaultValue&gt;
      &lt;argumentVariable&gt;tw.local.folderId&lt;/argumentVariable&gt;
      &lt;isArray&gt;&lt;/isArray&gt;
      &lt;isList&gt;false&lt;/isList&gt;
    &lt;/parameter&gt;
    &lt;parameter&gt;
      &lt;name&gt;serverName&lt;/name&gt;
      &lt;type&gt;String&lt;/type&gt;
      &lt;description&gt;&lt;/description&gt;
      &lt;defaultValue&gt;&lt;/defaultValue&gt;
      &lt;argumentVariable&gt;&lt;/argumentVariable&gt;
      &lt;isArray&gt;&lt;/isArray&gt;
      &lt;isList&gt;false&lt;/isList&gt;
    &lt;/parameter&gt;
  &lt;/inputParameters&gt;
  &lt;outputParameters&gt;
    &lt;parameter&gt;
      &lt;name&gt;folder&lt;/name&gt;
      &lt;type&gt;ECMFolder&lt;/type&gt;
      &lt;description&gt;&lt;/description&gt;
      &lt;defaultValue&gt;&lt;/defaultValue&gt;
      &lt;argumentVariable&gt;tw.local.folder&lt;/argumentVariable&gt;
      &lt;isArray&gt;&lt;/isArray&gt;
      &lt;isList&gt;false&lt;/isList&gt;
    &lt;/parameter&gt;
  &lt;/outputParameters&gt;
  &lt;matchAllSearchCriteria&gt;true&lt;/matchAllSearchCriteria&gt;
  &lt;searchParameters /&gt;
  &lt;selectParameters /&gt;
  &lt;orderOverride&gt;false&lt;/orderOverride&gt;
  &lt;orderOverrideValue&gt;&lt;/orderOverrideValue&gt;
  &lt;operationType&gt;FOLDER_OP_GET_FOLDER&lt;/operationType&gt;
  &lt;server&gt;IBM_TargetObjectStore&lt;/server&gt;
  &lt;objectTypeSelection&gt;DOCUMENT&lt;/objectTypeSelection&gt;
  &lt;useMappedVariable&gt;true&lt;/useMappedVariable&gt;
  &lt;faultParameterId&gt;2055.7f1c2f86-546c-4eed-aced-ecde310e5d5e&lt;/faultParameterId&gt;
&lt;/config&gt;</definition>
                <guid>guid:4d17baa2-bc2b-4185-9046-4e6e78565bce</guid>
                <versionId>224da33c-0079-4451-aa8b-bd98a6e450ca</versionId>
            </TWComponent>
        </item>
        <item>
            <lastModified isNull="true" />
            <lastModifiedBy isNull="true" />
            <tenantId isNull="true" />
            <processItemId>2025.185a134c-137c-4627-82b7-763365c272c8</processItemId>
            <processId>1.184c6f51-1798-4b1e-9662-566975b77271</processId>
            <name>End</name>
            <tWComponentName>ExitPoint</tWComponentName>
            <tWComponentId>3008.445d4522-425e-4880-84af-268ee04dc766</tWComponentId>
            <isLogEnabled>false</isLogEnabled>
            <isTraceEnabled>false</isTraceEnabled>
            <traceCategory isNull="true" />
            <traceLevel isNull="true" />
            <traceMessage isNull="true" />
            <traceSymbolTable isNull="true" />
            <isExecutionContextTraced>false</isExecutionContextTraced>
            <saveExecutionContext>true</saveExecutionContext>
            <documentation isNull="true" />
            <isErrorHandlerEnabled>false</isErrorHandlerEnabled>
            <errorHandlerItemId isNull="true" />
            <guid>guid:8b0c8ed1dccfb194:-60544698:18f06b936dc:-78c9</guid>
            <versionId>46504622-a8c1-48b9-b650-bf25f09b82a6</versionId>
            <externalServiceRef isNull="true" />
            <externalServiceOp isNull="true" />
            <nodeColor isNull="true" />
            <layoutData x="650" y="80">
                <errorLink>
                    <controlPoints />
                    <showEndState>false</showEndState>
                    <showName>false</showName>
                </errorLink>
            </layoutData>
            <TWComponent>
                <lastModified isNull="true" />
                <lastModifiedBy isNull="true" />
                <tenantId isNull="true" />
                <exitPointId>3008.445d4522-425e-4880-84af-268ee04dc766</exitPointId>
                <haltProcess>false</haltProcess>
                <guid>guid:bafee998-1596-4796-b93a-af9c0fc8af42</guid>
                <versionId>8b894cd0-57ef-4254-92b4-7acd18be1bab</versionId>
            </TWComponent>
        </item>
        <startingProcessItemId>2025.365e9a22-a1f4-4e33-86d8-5ee2f3045f68</startingProcessItemId>
        <errorHandlerItemId isNull="true" />
        <layoutData noConversion="true">
            <errorLink>
                <controlPoints />
                <showEndState>false</showEndState>
                <showName>false</showName>
            </errorLink>
        </layoutData>
        <startPoint>
            <layoutData x="25" y="80">
                <errorLink>
                    <controlPoints />
                    <showEndState>false</showEndState>
                    <showName>false</showName>
                </errorLink>
            </layoutData>
        </startPoint>
        <startLink>
            <fromPort locationId="rightCenter" portType="1" />
            <toPort locationId="leftCenter" portType="2" />
            <layoutData>
                <controlPoints />
                <showEndState>false</showEndState>
                <showName>false</showName>
            </layoutData>
        </startLink>
        <bpmn2Model>
            <ns16:definitions xmlns:ns16="http://www.omg.org/spec/BPMN/20100524/MODEL" xmlns:ns2="http://www.ibm.com/xmlns/prod/bpm/bpmn/ext/process" xmlns:ns3="http://www.ibm.com/xmlns/prod/bpm/bpmn/ext/process/wle" xmlns:ns4="http://www.ibm.com/xmlns/prod/bpm/bpmn/ext/process/case" xmlns:ns5="http://www.ibm.com/bpm/Extensions" xmlns:ns6="http://www.ibm.com/xmlns/prod/bpm/uca" xmlns:ns7="http://www.ibm.com/xmlns/prod/bpm/bpmn/ext/team" xmlns:ns8="http://www.ibm.com/xmlns/prod/bpm/bpmn/ext/trackinggroup" xmlns:ns9="http://www.ibm.com/xmlns/bpmnx/20100524/v1/BusinessVocabulary" xmlns:ns10="http://www.omg.org/spec/DD/20100524/DI" xmlns:ns11="http://www.omg.org/spec/DD/20100524/DC" xmlns:ns12="http://www.omg.org/spec/BPMN/20100524/BPMNDI" xmlns:ns13="http://www.ibm.com/xmlns/prod/bpm/graph" xmlns:ns14="http://www.ibm.com/xmlns/prod/bpm/bpmn/ext/process/auth" xmlns:ns15="http://www.ibm.com/xmlns/prod/bpm/bpmn/ext/extservice" xmlns:ns17="http://www.ibm.com/bpm/processappsettings" xmlns:ns18="http://www.ibm.com/xmlns/links" xmlns:ns19="http://www.ibm.com/bpm/CoachDesignerNG" xmlns:ns20="http://www.ibm.com/xmlns/tagging" xmlns:ns21="http://www.ibm.com/bpm/uitheme" xmlns:ns22="http://www.ibm.com/bpm/coachview" targetNamespace="" expressionLanguage="http://www.ibm.com/xmlns/prod/bpm/expression-lang/javascript" typeLanguage="http://www.w3.org/2001/XMLSchema">
                
                
                <ns16:process name="GetCasePath" id="1.184c6f51-1798-4b1e-9662-566975b77271" ns2:executionMode="microflow">
                    
                    
                    <ns16:documentation textFormat="text/plain" />
                    
                    
                    <ns16:extensionElements>
                        
                        
                        <ns2:isSecured>true</ns2:isSecured>
                        
                        
                        <ns2:isAjaxExposed>true</ns2:isAjaxExposed>
                        
                        
                        <ns2:isTransactionalFlow>false</ns2:isTransactionalFlow>
                        
                        
                        <ns2:sboSyncEnabled>true</ns2:sboSyncEnabled>
                        
                        
                        <ns2:isInvokedAsynchronously>false</ns2:isInvokedAsynchronously>
                        
                    
                    </ns16:extensionElements>
                    
                    
                    <ns16:ioSpecification>
                        
                        
                        <ns16:dataInput name="folderId" itemSubjectRef="itm.12.3212d5b3-f692-41b3-a893-343dc5c3df01" isCollection="false" id="2055.3b55e88b-1fda-4d3c-8735-84278551155b" />
                        
                        
                        <ns16:dataOutput name="Path" itemSubjectRef="itm.12.db884a3c-c533-44b7-bb2d-47bec8ad4022" isCollection="false" id="2055.1c919029-7ac6-42ac-83cc-e86bf29a31b7" />
                        
                        
                        <ns16:inputSet>
                            
                            
                            <ns16:dataInputRefs>2055.3b55e88b-1fda-4d3c-8735-84278551155b</ns16:dataInputRefs>
                            
                        
                        </ns16:inputSet>
                        
                        
                        <ns16:outputSet>
                            
                            
                            <ns16:dataOutputRefs>2055.1c919029-7ac6-42ac-83cc-e86bf29a31b7</ns16:dataOutputRefs>
                            
                        
                        </ns16:outputSet>
                        
                    
                    </ns16:ioSpecification>
                    
                    
                    <ns16:laneSet id="062cc479-e4ca-49d5-8d0a-c99f311929f1">
                        
                        
                        <ns16:lane name="System" partitionElementRef="24.6fd38d02-81cf-48ab-bd42-8ff4c0a1628b" id="d94b698a-935e-4af6-8c3c-aecc90fdf85f" ns3:isSystemLane="true">
                            
                            
                            <ns16:extensionElements>
                                
                                
                                <ns13:nodeVisualInfo x="0" y="0" width="3000" height="500" color="#F8F8F8" />
                                
                            
                            </ns16:extensionElements>
                            
                            
                            <ns16:flowNodeRef>08c56968-8741-483e-86da-d85218a76272</ns16:flowNodeRef>
                            
                            
                            <ns16:flowNodeRef>185a134c-137c-4627-82b7-763365c272c8</ns16:flowNodeRef>
                            
                            
                            <ns16:flowNodeRef>365e9a22-a1f4-4e33-86d8-5ee2f3045f68</ns16:flowNodeRef>
                            
                        
                        </ns16:lane>
                        
                    
                    </ns16:laneSet>
                    
                    
                    <ns16:startEvent isInterrupting="false" parallelMultiple="false" name="Start" id="08c56968-8741-483e-86da-d85218a76272">
                        
                        
                        <ns16:extensionElements>
                            
                            
                            <ns13:nodeVisualInfo x="25" y="80" width="24" height="24" color="#F8F8F8" />
                            
                        
                        </ns16:extensionElements>
                        
                        
                        <ns16:outgoing>2027.952b83c4-96b6-40cc-84cc-4d2ec381ad83</ns16:outgoing>
                        
                    
                    </ns16:startEvent>
                    
                    
                    <ns16:endEvent name="End" id="185a134c-137c-4627-82b7-763365c272c8">
                        
                        
                        <ns16:extensionElements>
                            
                            
                            <ns13:nodeVisualInfo x="650" y="80" width="24" height="24" color="#F8F8F8" />
                            
                            
                            <ns3:saveExecutionContext>true</ns3:saveExecutionContext>
                            
                            
                            <ns2:endStateId>guid:8b0c8ed1dccfb194:-60544698:18f06b936dc:-78c9</ns2:endStateId>
                            
                        
                        </ns16:extensionElements>
                        
                        
                        <ns16:incoming>cd17bbb1-64e4-48b5-8507-8479c45f126b</ns16:incoming>
                        
                    
                    </ns16:endEvent>
                    
                    
                    <ns16:sequenceFlow sourceRef="08c56968-8741-483e-86da-d85218a76272" targetRef="365e9a22-a1f4-4e33-86d8-5ee2f3045f68" name="To Content integration" id="2027.952b83c4-96b6-40cc-84cc-4d2ec381ad83">
                        
                        
                        <ns16:extensionElements>
                            
                            
                            <ns13:linkVisualInfo>
                                
                                
                                <ns13:sourcePortLocation>rightCenter</ns13:sourcePortLocation>
                                
                                
                                <ns13:targetPortLocation>leftCenter</ns13:targetPortLocation>
                                
                                
                                <ns13:showLabel>false</ns13:showLabel>
                                
                                
                                <ns13:showCoachControlLabel>false</ns13:showCoachControlLabel>
                                
                                
                                <ns13:labelPosition>0.0</ns13:labelPosition>
                                
                                
                                <ns13:saveExecutionContext>false</ns13:saveExecutionContext>
                                
                            
                            </ns13:linkVisualInfo>
                            
                        
                        </ns16:extensionElements>
                        
                    
                    </ns16:sequenceFlow>
                    
                    
                    <ns3:contentTask serverName="IBM_TargetObjectStore" operationRef="FOLDER_OP_GET_FOLDER" name="Content integration" id="365e9a22-a1f4-4e33-86d8-5ee2f3045f68">
                        
                        
                        <ns16:extensionElements>
                            
                            
                            <ns13:nodeVisualInfo x="286" y="57" width="95" height="70" />
                            
                            
                            <ns3:activityType>ContentTask</ns3:activityType>
                            
                            
                            <ns2:postAssignmentScript>tw.local.Path = tw.local.folder.path;</ns2:postAssignmentScript>
                            
                        
                        </ns16:extensionElements>
                        
                        
                        <ns16:incoming>2027.952b83c4-96b6-40cc-84cc-4d2ec381ad83</ns16:incoming>
                        
                        
                        <ns16:outgoing>cd17bbb1-64e4-48b5-8507-8479c45f126b</ns16:outgoing>
                        
                        
                        <ns16:dataInputAssociation>
                            
                            
                            <ns16:targetRef>FOLDER_ID</ns16:targetRef>
                            
                            
                            <ns16:assignment>
                                
                                
                                <ns16:from xmlns:xsi="http://www.w3.org/2001/XMLSchema-instance" xsi:type="ns16:tFormalExpression" evaluatesToTypeRef="itm.12.3212d5b3-f692-41b3-a893-343dc5c3df01">tw.local.folderId</ns16:from>
                                
                            
                            </ns16:assignment>
                            
                        
                        </ns16:dataInputAssociation>
                        
                        
                        <ns16:dataOutputAssociation>
                            
                            
                            <ns16:sourceRef>FOLDER</ns16:sourceRef>
                            
                            
                            <ns16:assignment>
                                
                                
                                <ns16:to xmlns:xsi="http://www.w3.org/2001/XMLSchema-instance" xsi:type="ns16:tFormalExpression" evaluatesToTypeRef="itm.12.240930df-e9da-40a6-a4e8-4b41b42bb183">tw.local.folder</ns16:to>
                                
                            
                            </ns16:assignment>
                            
                        
                        </ns16:dataOutputAssociation>
                        
                    
                    </ns3:contentTask>
                    
                    
                    <ns16:sequenceFlow sourceRef="365e9a22-a1f4-4e33-86d8-5ee2f3045f68" targetRef="185a134c-137c-4627-82b7-763365c272c8" name="To End" id="cd17bbb1-64e4-48b5-8507-8479c45f126b">
                        
                        
                        <ns16:extensionElements>
                            
                            
                            <ns2:sequenceFlowImplementation sboSyncEnabled="true" />
                            
                            
                            <ns13:linkVisualInfo>
                                
                                
                                <ns13:sourcePortLocation>rightCenter</ns13:sourcePortLocation>
                                
                                
                                <ns13:targetPortLocation>leftCenter</ns13:targetPortLocation>
                                
                                
                                <ns13:showLabel>false</ns13:showLabel>
                                
                                
                                <ns13:showCoachControlLabel>false</ns13:showCoachControlLabel>
                                
                                
                                <ns13:labelPosition>0.0</ns13:labelPosition>
                                
                                
                                <ns13:saveExecutionContext>true</ns13:saveExecutionContext>
                                
                            
                            </ns13:linkVisualInfo>
                            
                        
                        </ns16:extensionElements>
                        
                    
                    </ns16:sequenceFlow>
                    
                    
                    <ns16:dataObject itemSubjectRef="itm.12.240930df-e9da-40a6-a4e8-4b41b42bb183" isCollection="false" name="folder" id="2056.22c3de64-6b08-4f6d-81ea-dc70634e1cf3" />
                    
                
                </ns16:process>
                
            
            </ns16:definitions>
        </bpmn2Model>
        <link name="To End">
            <lastModified isNull="true" />
            <lastModifiedBy isNull="true" />
            <tenantId isNull="true" />
            <processLinkId>2027.cd17bbb1-64e4-48b5-8507-8479c45f126b</processLinkId>
            <processId>1.184c6f51-1798-4b1e-9662-566975b77271</processId>
            <description isNull="true" />
            <fromProcessItemId>2025.365e9a22-a1f4-4e33-86d8-5ee2f3045f68</fromProcessItemId>
            <endStateId>Out</endStateId>
            <toProcessItemId>2025.185a134c-137c-4627-82b7-763365c272c8</toProcessItemId>
            <guid>guid:c9d20551-f4b5-427a-b9e6-8ff00451473b</guid>
            <versionId>62da86cc-f3c0-4548-a3d6-97599b320862</versionId>
            <layoutData>
                <controlPoints />
                <showEndState>false</showEndState>
                <showName>false</showName>
            </layoutData>
            <fromItemPort locationId="rightCenter" portType="1" />
            <toItemPort locationId="leftCenter" portType="2" />
            <fromProcessItemId>2025.365e9a22-a1f4-4e33-86d8-5ee2f3045f68</fromProcessItemId>
            <toProcessItemId>2025.185a134c-137c-4627-82b7-763365c272c8</toProcessItemId>
        </link>
    </process>
</teamworks>

