<?xml version="1.0" encoding="UTF-8"?>
<teamworks>
    <process id="1.2c93eb8d-ec1d-4019-ae0c-dbb1da553ec8" name="ListDocsInfolder">
        <lastModified>1718640347391</lastModified>
        <lastModifiedBy>cp4admin</lastModifiedBy>
        <tenantId isNull="true" />
        <processId>1.2c93eb8d-ec1d-4019-ae0c-dbb1da553ec8</processId>
        <image isNull="true" />
        <tabGroup isNull="true" />
        <startingProcessItemId>2025.25b959fc-f519-4b9f-8fae-53be2f72ebab</startingProcessItemId>
        <isRootProcess>false</isRootProcess>
        <processType>12</processType>
        <isErrorHandlerEnabled>false</isErrorHandlerEnabled>
        <errorHandlerItemId isNull="true" />
        <isLoggingVariables>false</isLoggingVariables>
        <isTransactional>false</isTransactional>
        <processTimingLevel isNull="true" />
        <participantRef isNull="true" />
        <exposedType>0</exposedType>
        <isTrackingEnabled>true</isTrackingEnabled>
        <xmlData isNull="true" />
        <cachingType>false</cachingType>
        <itemLabel isNull="true" />
        <cacheLength>0</cacheLength>
        <mobileReady>false</mobileReady>
        <sboSyncEnabled>true</sboSyncEnabled>
        <externalId isNull="true" />
        <isSecured>false</isSecured>
        <isAjaxExposed>true</isAjaxExposed>
        <isInvokedAsynchronously>false</isInvokedAsynchronously>
        <isTransactionalFlow>false</isTransactionalFlow>
        <description isNull="true" />
        <guid>guid:8b0c8ed1dccfb194:-60544698:18f06b936dc:-7bc5</guid>
        <versionId>d44a5db5-b5f6-4557-bd9a-8369ddc18c00</versionId>
        <dependencySummary>&lt;dependencySummary id="bpdid:5733966303c98ceb:54e7d30:18fe44fdd7b:-718b" /&gt;</dependencySummary>
        <jsonData>{"rootElement":[{"flowElement":[{"parallelMultiple":false,"outgoing":["2027.0781963f-9e53-4a61-870e-38fdaddfb3a9"],"isInterrupting":false,"extensionElements":{"nodeVisualInfo":[{"color":"#F8F8F8","width":24,"x":109,"y":124,"declaredType":"TNodeVisualInfo","height":24}]},"name":"Start","declaredType":"startEvent","id":"a961c820-aa37-404c-80d4-46c7647ebd5d"},{"incoming":["7ee22c37-1575-4453-8c5b-56cf55f0e899"],"extensionElements":{"nodeVisualInfo":[{"color":"#F8F8F8","width":24,"x":886,"y":132,"declaredType":"TNodeVisualInfo","height":24}],"endStateId":["guid:8b0c8ed1dccfb194:-60544698:18f06b936dc:-7bc3"],"saveExecutionContext":[true]},"name":"End","declaredType":"endEvent","id":"3b1d0a7f-96c0-4393-810e-3839a9037b1d"},{"targetRef":"25b959fc-f519-4b9f-8fae-53be2f72ebab","extensionElements":{"linkVisualInfo":[{"sourcePortLocation":"rightCenter","showCoachControlLabel":false,"labelPosition":0.0,"targetPortLocation":"leftCenter","declaredType":"TLinkVisualInfo","saveExecutionContext":false,"showLabel":false}]},"name":"To GetFolderID","declaredType":"sequenceFlow","id":"2027.0781963f-9e53-4a61-870e-38fdaddfb3a9","sourceRef":"a961c820-aa37-404c-80d4-46c7647ebd5d"},{"outgoing":["2c3253c2-326b-429e-85db-f59483d3acb8"],"incoming":["10fece60-81d8-497c-80c0-4e7a292bb071"],"matchAllSearchCriteria":true,"extensionElements":{"nodeVisualInfo":[{"width":95,"x":477,"y":112,"declaredType":"TNodeVisualInfo","height":70}],"activityType":["ContentTask"]},"operationRef":"FOLDER_OP_GET_DOCS_IN_FOLDER","implementation":"##WebService","serverName":"IBM_TargetObjectStore","declaredType":"com.ibm.bpmsdk.model.bpmn20.ibmwleext.TContentTask","startQuantity":1,"name":"ListDocs","dataInputAssociation":[{"targetRef":"FOLDER_ID","assignment":[{"from":{"evaluatesToTypeRef":"12.3212d5b3-f692-41b3-a893-343dc5c3df01","declaredType":"TFormalExpression","content":["tw.local.folder.objectId"]}}]}],"isForCompensation":false,"useMappedVariable":true,"completionQuantity":1,"id":"61647a79-5602-42ba-8c51-5556517ee136","dataOutputAssociation":[{"assignment":[{"to":{"evaluatesToTypeRef":"itm.12.490f939c-3c6d-4ef7-9707-33b5b618877a","declaredType":"TFormalExpression","content":["tw.local.documents"]}}],"sourceRef":["DOCUMENTS"]}],"orderOverride":false},{"targetRef":"2645191a-e773-458b-8703-a9cc4267a304","extensionElements":{"sequenceFlowImplementation":[{"fireValidation":"Never","sboSyncEnabled":true,"declaredType":"com.ibm.bpmsdk.model.bpmn20.ibmext.TSequenceFlowImplementation"}],"linkVisualInfo":[{"sourcePortLocation":"rightCenter","showCoachControlLabel":false,"labelPosition":0.0,"targetPortLocation":"leftCenter","declaredType":"TLinkVisualInfo","saveExecutionContext":true,"showLabel":false}]},"name":"To List Docs","declaredType":"sequenceFlow","id":"2c3253c2-326b-429e-85db-f59483d3acb8","sourceRef":"61647a79-5602-42ba-8c51-5556517ee136"},{"outgoing":["10fece60-81d8-497c-80c0-4e7a292bb071"],"incoming":["2027.0781963f-9e53-4a61-870e-38fdaddfb3a9"],"matchAllSearchCriteria":true,"extensionElements":{"nodeVisualInfo":[{"width":95,"x":299,"y":112,"declaredType":"TNodeVisualInfo","height":70}],"activityType":["ContentTask"]},"operationRef":"FOLDER_OP_GET_FOLDER_BY_PATH","implementation":"##WebService","serverName":"IBM_TargetObjectStore","declaredType":"com.ibm.bpmsdk.model.bpmn20.ibmwleext.TContentTask","startQuantity":1,"name":"GetFolderID","dataInputAssociation":[{"targetRef":"PATH","assignment":[{"from":{"evaluatesToTypeRef":"itm.12.db884a3c-c533-44b7-bb2d-47bec8ad4022","declaredType":"TFormalExpression","content":["tw.local.FolderPath"]}}]}],"isForCompensation":false,"useMappedVariable":true,"completionQuantity":1,"id":"25b959fc-f519-4b9f-8fae-53be2f72ebab","dataOutputAssociation":[{"assignment":[{"to":{"evaluatesToTypeRef":"itm.12.240930df-e9da-40a6-a4e8-4b41b42bb183","declaredType":"TFormalExpression","content":["tw.local.folder"]}}],"sourceRef":["FOLDER"]}],"orderOverride":false},{"targetRef":"61647a79-5602-42ba-8c51-5556517ee136","extensionElements":{"linkVisualInfo":[{"sourcePortLocation":"rightCenter","showCoachControlLabel":false,"labelPosition":0.0,"targetPortLocation":"leftCenter","declaredType":"TLinkVisualInfo","saveExecutionContext":false,"showLabel":false}]},"name":"To ListDocs","declaredType":"sequenceFlow","id":"10fece60-81d8-497c-80c0-4e7a292bb071","sourceRef":"25b959fc-f519-4b9f-8fae-53be2f72ebab"},{"itemSubjectRef":"itm.12.240930df-e9da-40a6-a4e8-4b41b42bb183","name":"folder","isCollection":false,"declaredType":"dataObject","id":"2056.5bbd2a07-8bf6-4d56-8cac-4939818b608d"},{"itemSubjectRef":"itm.12.490f939c-3c6d-4ef7-9707-33b5b618877a","name":"documents","isCollection":true,"declaredType":"dataObject","id":"2056.7c186ad7-c37e-42ed-8537-0af4be01eb70"},{"startQuantity":1,"outgoing":["7ee22c37-1575-4453-8c5b-56cf55f0e899"],"incoming":["2c3253c2-326b-429e-85db-f59483d3acb8"],"extensionElements":{"nodeVisualInfo":[{"width":95,"x":645,"y":112,"declaredType":"TNodeVisualInfo","height":70}]},"name":"List Docs","isForCompensation":false,"completionQuantity":1,"declaredType":"scriptTask","id":"2645191a-e773-458b-8703-a9cc4267a304","scriptFormat":"text\/x-javascript","script":{"content":["tw.local.Docs = new tw.object.listOf.Doc();\nfor (var i=0; i&lt;tw.local.documents.length; i++) {\n\ttw.local.Docs[i] = new tw.object.Doc();\n\ttw.local.Docs[i].Title=tw.local.documents[i].name;\n\ttw.local.Docs[i].ID=tw.local.documents[i].objectId;\n\ttw.local.Docs[i].ReceptionDate =tw.local.documents[i].creationDate;\n\ttw.local.Docs[i].Size=\"2kb\";\n\ttw.local.Docs[i].docInfo = new tw.object.ECMDocumentInfo();\n\ttw.local.Docs[i].docInfo.contentURL=tw.local.documents[i].contentURL;\n\ttw.local.Docs[i].docInfo.objectId=tw.local.documents[i].objectId;\n\ttw.local.Docs[i].docInfo.serverName=tw.local.documents[i].serverName;\n}"]}},{"targetRef":"3b1d0a7f-96c0-4393-810e-3839a9037b1d","extensionElements":{"sequenceFlowImplementation":[{"fireValidation":"Never","sboSyncEnabled":true,"declaredType":"com.ibm.bpmsdk.model.bpmn20.ibmext.TSequenceFlowImplementation"}],"linkVisualInfo":[{"sourcePortLocation":"rightCenter","showCoachControlLabel":false,"labelPosition":0.0,"targetPortLocation":"leftCenter","declaredType":"TLinkVisualInfo","saveExecutionContext":true,"showLabel":false}]},"name":"To End","declaredType":"sequenceFlow","id":"7ee22c37-1575-4453-8c5b-56cf55f0e899","sourceRef":"2645191a-e773-458b-8703-a9cc4267a304"}],"laneSet":[{"id":"25a704be-5677-4737-8f92-e498d5da9778","lane":[{"flowNodeRef":["a961c820-aa37-404c-80d4-46c7647ebd5d","3b1d0a7f-96c0-4393-810e-3839a9037b1d","61647a79-5602-42ba-8c51-5556517ee136","25b959fc-f519-4b9f-8fae-53be2f72ebab","2645191a-e773-458b-8703-a9cc4267a304"],"extensionElements":{"nodeVisualInfo":[{"color":"#F8F8F8","width":3000,"x":0,"y":0,"declaredType":"TNodeVisualInfo","height":500}]},"name":"System","partitionElementRef":"24.6fd38d02-81cf-48ab-bd42-8ff4c0a1628b","declaredType":"lane","id":"b7b536bb-6170-4006-8c3e-46952502efb0","otherAttributes":{"{http:\/\/www.ibm.com\/xmlns\/prod\/bpm\/bpmn\/ext\/process\/wle}isSystemLane":"true"}}]}],"isClosed":false,"extensionElements":{"isSecured":[false],"isAjaxExposed":[true],"isTransactionalFlow":[false],"sboSyncEnabled":[true],"isInvokedAsynchronously":[false]},"documentation":[{"textFormat":"text\/plain"}],"name":"ListDocsInfolder","declaredType":"process","id":"1.2c93eb8d-ec1d-4019-ae0c-dbb1da553ec8","processType":"None","otherAttributes":{"{http:\/\/www.ibm.com\/xmlns\/prod\/bpm\/bpmn\/ext\/process}executionMode":"microflow"},"ioSpecification":{"dataOutput":[{"itemSubjectRef":"itm.12.96bbebff-2620-4303-b3d3-5f56b89693c9","name":"Docs","isCollection":true,"id":"2055.21775ff1-a685-465c-83b7-21c893bd18ad"}],"inputSet":[{"dataInputRefs":["2055.989c778f-eb3f-4b6f-8a90-b172b9888d30"]}],"outputSet":[{"dataOutputRefs":["2055.21775ff1-a685-465c-83b7-21c893bd18ad"]}],"dataInput":[{"extensionElements":{"defaultValue":[{"declaredType":"com.ibm.bpmsdk.model.bpmn20.ibmext.TDefaultValue","useDefault":true,"value":"\"\/Claims\/Transcripts\""}]},"itemSubjectRef":"itm.12.db884a3c-c533-44b7-bb2d-47bec8ad4022","name":"FolderPath","isCollection":false,"id":"2055.989c778f-eb3f-4b6f-8a90-b172b9888d30"}]}}],"targetNamespace":"","typeLanguage":"http:\/\/www.w3.org\/2001\/XMLSchema","expressionLanguage":"http:\/\/www.ibm.com\/xmlns\/prod\/bpm\/expression-lang\/javascript"}</jsonData>
        <field1 isNull="true" />
        <field2 isNull="true" />
        <field3>0</field3>
        <field4 isNull="true" />
        <field5>false</field5>
        <clobField1 isNull="true" />
        <blobField1 isNull="true" />
        <processParameter name="FolderPath">
            <lastModified isNull="true" />
            <lastModifiedBy isNull="true" />
            <tenantId isNull="true" />
            <processParameterId>2055.989c778f-eb3f-4b6f-8a90-b172b9888d30</processParameterId>
            <processId>1.2c93eb8d-ec1d-4019-ae0c-dbb1da553ec8</processId>
            <parameterType>1</parameterType>
            <isArrayOf>false</isArrayOf>
            <classId>f9bfad03-1cba-408d-921f-41cfbdd4600c/12.db884a3c-c533-44b7-bb2d-47bec8ad4022</classId>
            <seq>1</seq>
            <hasDefault>true</hasDefault>
            <defaultValue>"/Claims/Transcripts"</defaultValue>
            <isLocked>false</isLocked>
            <description isNull="true" />
            <guid>guid:9f092531-0261-495f-9a38-3669c22f2060</guid>
            <versionId>e5e5a8e5-ede3-4eac-85ae-c035f52725d8</versionId>
        </processParameter>
        <processParameter name="Docs">
            <lastModified isNull="true" />
            <lastModifiedBy isNull="true" />
            <tenantId isNull="true" />
            <processParameterId>2055.21775ff1-a685-465c-83b7-21c893bd18ad</processParameterId>
            <processId>1.2c93eb8d-ec1d-4019-ae0c-dbb1da553ec8</processId>
            <parameterType>2</parameterType>
            <isArrayOf>true</isArrayOf>
            <classId>/12.96bbebff-2620-4303-b3d3-5f56b89693c9</classId>
            <seq>2</seq>
            <hasDefault>false</hasDefault>
            <defaultValue isNull="true" />
            <isLocked>false</isLocked>
            <description isNull="true" />
            <guid>guid:8eed0075-8404-4d96-8a34-6e28273ccd19</guid>
            <versionId>a2b01b6a-cb56-4ca6-8683-edd45c2a8df8</versionId>
        </processParameter>
        <processParameter name="ECMError">
            <lastModified isNull="true" />
            <lastModifiedBy isNull="true" />
            <tenantId isNull="true" />
            <processParameterId>2055.5debc71f-52f8-446a-8848-3628c047e8ed</processParameterId>
            <processId>1.2c93eb8d-ec1d-4019-ae0c-dbb1da553ec8</processId>
            <parameterType>3</parameterType>
            <isArrayOf>false</isArrayOf>
            <classId>eb06c578-2751-4f88-8d83-11ae81f27089/12.bfb48b9b-8247-49fb-8f78-82b738b817a6</classId>
            <seq>13</seq>
            <hasDefault>false</hasDefault>
            <defaultValue>ECMError</defaultValue>
            <isLocked>false</isLocked>
            <description isNull="true" />
            <guid>guid:5debc71f-52f8-446a-8848-3628c047e8ed</guid>
            <versionId>c754eb8c-640b-4334-817f-719417b5e25a</versionId>
        </processParameter>
        <processVariable name="folder">
            <lastModified isNull="true" />
            <lastModifiedBy isNull="true" />
            <tenantId isNull="true" />
            <processVariableId>2056.5bbd2a07-8bf6-4d56-8cac-4939818b608d</processVariableId>
            <description isNull="true" />
            <processId>1.2c93eb8d-ec1d-4019-ae0c-dbb1da553ec8</processId>
            <namespace>2</namespace>
            <seq>1</seq>
            <isArrayOf>false</isArrayOf>
            <isTransient>false</isTransient>
            <classId>eb06c578-2751-4f88-8d83-11ae81f27089/12.240930df-e9da-40a6-a4e8-4b41b42bb183</classId>
            <hasDefault>false</hasDefault>
            <defaultValue isNull="true" />
            <guid>guid:7408c120-dc5f-484f-989f-f27fcd9d840b</guid>
            <versionId>6f7f903b-3da5-4fe2-901a-dfd269d98b1c</versionId>
        </processVariable>
        <processVariable name="documents">
            <lastModified isNull="true" />
            <lastModifiedBy isNull="true" />
            <tenantId isNull="true" />
            <processVariableId>2056.7c186ad7-c37e-42ed-8537-0af4be01eb70</processVariableId>
            <description isNull="true" />
            <processId>1.2c93eb8d-ec1d-4019-ae0c-dbb1da553ec8</processId>
            <namespace>2</namespace>
            <seq>2</seq>
            <isArrayOf>true</isArrayOf>
            <isTransient>false</isTransient>
            <classId>eb06c578-2751-4f88-8d83-11ae81f27089/12.490f939c-3c6d-4ef7-9707-33b5b618877a</classId>
            <hasDefault>false</hasDefault>
            <defaultValue isNull="true" />
            <guid>guid:090ce138-e6ca-4aa4-baca-d9af052481e0</guid>
            <versionId>42b230d2-0a29-46c8-96fe-b115bdc7fab5</versionId>
        </processVariable>
        <item>
            <lastModified isNull="true" />
            <lastModifiedBy isNull="true" />
            <tenantId isNull="true" />
            <processItemId>2025.3b1d0a7f-96c0-4393-810e-3839a9037b1d</processItemId>
            <processId>1.2c93eb8d-ec1d-4019-ae0c-dbb1da553ec8</processId>
            <name>End</name>
            <tWComponentName>ExitPoint</tWComponentName>
            <tWComponentId>3008.b460994a-4360-47d4-871d-fedafac38f21</tWComponentId>
            <isLogEnabled>false</isLogEnabled>
            <isTraceEnabled>false</isTraceEnabled>
            <traceCategory isNull="true" />
            <traceLevel isNull="true" />
            <traceMessage isNull="true" />
            <traceSymbolTable isNull="true" />
            <isExecutionContextTraced>false</isExecutionContextTraced>
            <saveExecutionContext>true</saveExecutionContext>
            <documentation isNull="true" />
            <isErrorHandlerEnabled>false</isErrorHandlerEnabled>
            <errorHandlerItemId isNull="true" />
            <guid>guid:8b0c8ed1dccfb194:-60544698:18f06b936dc:-7bc3</guid>
            <versionId>8198821f-1bd2-416d-8c7e-a78c9a228e94</versionId>
            <externalServiceRef isNull="true" />
            <externalServiceOp isNull="true" />
            <nodeColor isNull="true" />
            <layoutData x="886" y="132">
                <errorLink>
                    <controlPoints />
                    <showEndState>false</showEndState>
                    <showName>false</showName>
                </errorLink>
            </layoutData>
            <TWComponent>
                <lastModified isNull="true" />
                <lastModifiedBy isNull="true" />
                <tenantId isNull="true" />
                <exitPointId>3008.b460994a-4360-47d4-871d-fedafac38f21</exitPointId>
                <haltProcess>false</haltProcess>
                <guid>guid:9e995639-66a5-40ce-91b1-61b973c53b55</guid>
                <versionId>0e64326b-2dbb-4da8-844f-b88a2bf5fbf8</versionId>
            </TWComponent>
        </item>
        <item>
            <lastModified isNull="true" />
            <lastModifiedBy isNull="true" />
            <tenantId isNull="true" />
            <processItemId>2025.25b959fc-f519-4b9f-8fae-53be2f72ebab</processItemId>
            <processId>1.2c93eb8d-ec1d-4019-ae0c-dbb1da553ec8</processId>
            <name>GetFolderID</name>
            <tWComponentName>ECMConnector</tWComponentName>
            <tWComponentId>3030.ad71b337-52ef-4468-bf4a-e9e4f163f438</tWComponentId>
            <isLogEnabled>false</isLogEnabled>
            <isTraceEnabled>false</isTraceEnabled>
            <traceCategory isNull="true" />
            <traceLevel isNull="true" />
            <traceMessage isNull="true" />
            <traceSymbolTable isNull="true" />
            <isExecutionContextTraced>false</isExecutionContextTraced>
            <saveExecutionContext>false</saveExecutionContext>
            <documentation isNull="true" />
            <isErrorHandlerEnabled>false</isErrorHandlerEnabled>
            <errorHandlerItemId isNull="true" />
            <guid>guid:8b0c8ed1dccfb194:-60544698:18f06b936dc:-7bc0</guid>
            <versionId>f0b67c96-aaeb-4e71-bf8b-53de55ca9e00</versionId>
            <externalServiceRef isNull="true" />
            <externalServiceOp isNull="true" />
            <nodeColor isNull="true" />
            <layoutData x="299" y="112">
                <errorLink>
                    <controlPoints />
                    <showEndState>false</showEndState>
                    <showName>false</showName>
                </errorLink>
            </layoutData>
            <TWComponent>
                <lastModified isNull="true" />
                <lastModifiedBy isNull="true" />
                <tenantId isNull="true" />
                <ecmConnectorId>3030.ad71b337-52ef-4468-bf4a-e9e4f163f438</ecmConnectorId>
                <definition>&lt;config type="com.lombardisoftware.client.persistence.ECMConnectorConfiguration"&gt;
  &lt;inputParameters&gt;
    &lt;parameter&gt;
      &lt;name&gt;path&lt;/name&gt;
      &lt;type&gt;String&lt;/type&gt;
      &lt;description /&gt;
      &lt;defaultValue /&gt;
      &lt;argumentVariable&gt;tw.local.FolderPath&lt;/argumentVariable&gt;
      &lt;isArray /&gt;
      &lt;isList&gt;false&lt;/isList&gt;
    &lt;/parameter&gt;
    &lt;parameter&gt;
      &lt;name&gt;serverName&lt;/name&gt;
      &lt;type&gt;String&lt;/type&gt;
      &lt;description /&gt;
      &lt;defaultValue /&gt;
      &lt;isArray /&gt;
      &lt;isList&gt;false&lt;/isList&gt;
    &lt;/parameter&gt;
  &lt;/inputParameters&gt;
  &lt;outputParameters&gt;
    &lt;parameter&gt;
      &lt;name&gt;folder&lt;/name&gt;
      &lt;type&gt;ECMFolder&lt;/type&gt;
      &lt;description /&gt;
      &lt;defaultValue /&gt;
      &lt;argumentVariable&gt;tw.local.folder&lt;/argumentVariable&gt;
      &lt;isArray /&gt;
      &lt;isList&gt;false&lt;/isList&gt;
    &lt;/parameter&gt;
  &lt;/outputParameters&gt;
  &lt;matchAllSearchCriteria&gt;true&lt;/matchAllSearchCriteria&gt;
  &lt;searchParameters /&gt;
  &lt;selectParameters /&gt;
  &lt;orderOverride&gt;false&lt;/orderOverride&gt;
  &lt;orderOverrideValue /&gt;
  &lt;operationType&gt;FOLDER_OP_GET_FOLDER_BY_PATH&lt;/operationType&gt;
  &lt;server&gt;IBM_TargetObjectStore&lt;/server&gt;
  &lt;objectTypeSelection&gt;DOCUMENT&lt;/objectTypeSelection&gt;
  &lt;useMappedVariable&gt;true&lt;/useMappedVariable&gt;
&lt;/config&gt;</definition>
                <guid>guid:ad71b337-52ef-4468-bf4a-e9e4f163f438</guid>
                <versionId>e3b15b9f-ec19-4fc2-bb53-301d39050032</versionId>
            </TWComponent>
        </item>
        <item>
            <lastModified isNull="true" />
            <lastModifiedBy isNull="true" />
            <tenantId isNull="true" />
            <processItemId>2025.61647a79-5602-42ba-8c51-5556517ee136</processItemId>
            <processId>1.2c93eb8d-ec1d-4019-ae0c-dbb1da553ec8</processId>
            <name>ListDocs</name>
            <tWComponentName>ECMConnector</tWComponentName>
            <tWComponentId>3030.91709796-9c53-426b-a1a9-f8aadb75e924</tWComponentId>
            <isLogEnabled>false</isLogEnabled>
            <isTraceEnabled>false</isTraceEnabled>
            <traceCategory isNull="true" />
            <traceLevel isNull="true" />
            <traceMessage isNull="true" />
            <traceSymbolTable isNull="true" />
            <isExecutionContextTraced>false</isExecutionContextTraced>
            <saveExecutionContext>false</saveExecutionContext>
            <documentation isNull="true" />
            <isErrorHandlerEnabled>false</isErrorHandlerEnabled>
            <errorHandlerItemId isNull="true" />
            <guid>guid:8b0c8ed1dccfb194:-60544698:18f06b936dc:-7bc1</guid>
            <versionId>52dda8c5-e862-49d0-814e-ece585d58505</versionId>
            <externalServiceRef isNull="true" />
            <externalServiceOp isNull="true" />
            <nodeColor isNull="true" />
            <layoutData x="477" y="112">
                <errorLink>
                    <controlPoints />
                    <showEndState>false</showEndState>
                    <showName>false</showName>
                </errorLink>
            </layoutData>
            <TWComponent>
                <lastModified isNull="true" />
                <lastModifiedBy isNull="true" />
                <tenantId isNull="true" />
                <ecmConnectorId>3030.91709796-9c53-426b-a1a9-f8aadb75e924</ecmConnectorId>
                <definition>&lt;config type="com.lombardisoftware.client.persistence.ECMConnectorConfiguration"&gt;
  &lt;inputParameters&gt;
    &lt;parameter&gt;
      &lt;name&gt;folderId&lt;/name&gt;
      &lt;type&gt;ECMID&lt;/type&gt;
      &lt;description /&gt;
      &lt;defaultValue /&gt;
      &lt;argumentVariable&gt;tw.local.folder.objectId&lt;/argumentVariable&gt;
      &lt;isArray /&gt;
      &lt;isList&gt;false&lt;/isList&gt;
    &lt;/parameter&gt;
    &lt;parameter&gt;
      &lt;name&gt;serverName&lt;/name&gt;
      &lt;type&gt;String&lt;/type&gt;
      &lt;description /&gt;
      &lt;defaultValue /&gt;
      &lt;isArray /&gt;
      &lt;isList&gt;false&lt;/isList&gt;
    &lt;/parameter&gt;
  &lt;/inputParameters&gt;
  &lt;outputParameters&gt;
    &lt;parameter&gt;
      &lt;name&gt;documents&lt;/name&gt;
      &lt;type&gt;ECMDocument&lt;/type&gt;
      &lt;description /&gt;
      &lt;defaultValue /&gt;
      &lt;argumentVariable&gt;tw.local.documents&lt;/argumentVariable&gt;
      &lt;isArray /&gt;
      &lt;isList&gt;true&lt;/isList&gt;
    &lt;/parameter&gt;
  &lt;/outputParameters&gt;
  &lt;matchAllSearchCriteria&gt;true&lt;/matchAllSearchCriteria&gt;
  &lt;searchParameters /&gt;
  &lt;selectParameters /&gt;
  &lt;orderOverride&gt;false&lt;/orderOverride&gt;
  &lt;orderOverrideValue /&gt;
  &lt;operationType&gt;FOLDER_OP_GET_DOCS_IN_FOLDER&lt;/operationType&gt;
  &lt;server&gt;IBM_TargetObjectStore&lt;/server&gt;
  &lt;objectTypeSelection&gt;DOCUMENT&lt;/objectTypeSelection&gt;
  &lt;useMappedVariable&gt;true&lt;/useMappedVariable&gt;
&lt;/config&gt;</definition>
                <guid>guid:91709796-9c53-426b-a1a9-f8aadb75e924</guid>
                <versionId>f80ec656-fd44-4814-8abc-09eef4aef546</versionId>
            </TWComponent>
        </item>
        <item>
            <lastModified isNull="true" />
            <lastModifiedBy isNull="true" />
            <tenantId isNull="true" />
            <processItemId>2025.2645191a-e773-458b-8703-a9cc4267a304</processItemId>
            <processId>1.2c93eb8d-ec1d-4019-ae0c-dbb1da553ec8</processId>
            <name>List Docs</name>
            <tWComponentName>Script</tWComponentName>
            <tWComponentId>3011.d8b31a23-da6f-41d1-a17c-ac86de64c60b</tWComponentId>
            <isLogEnabled>false</isLogEnabled>
            <isTraceEnabled>false</isTraceEnabled>
            <traceCategory isNull="true" />
            <traceLevel isNull="true" />
            <traceMessage isNull="true" />
            <traceSymbolTable isNull="true" />
            <isExecutionContextTraced>false</isExecutionContextTraced>
            <saveExecutionContext>false</saveExecutionContext>
            <documentation isNull="true" />
            <isErrorHandlerEnabled>false</isErrorHandlerEnabled>
            <errorHandlerItemId isNull="true" />
            <guid>guid:8b0c8ed1dccfb194:-60544698:18f06b936dc:-7bba</guid>
            <versionId>6ee73f55-78af-4c15-b56c-864dcff6a319</versionId>
            <externalServiceRef isNull="true" />
            <externalServiceOp isNull="true" />
            <nodeColor isNull="true" />
            <layoutData x="645" y="112">
                <errorLink>
                    <controlPoints />
                    <showEndState>false</showEndState>
                    <showName>false</showName>
                </errorLink>
            </layoutData>
            <TWComponent>
                <lastModified isNull="true" />
                <lastModifiedBy isNull="true" />
                <tenantId isNull="true" />
                <scriptId>3011.d8b31a23-da6f-41d1-a17c-ac86de64c60b</scriptId>
                <scriptTypeId>2</scriptTypeId>
                <isActive>true</isActive>
                <script>tw.local.Docs = new tw.object.listOf.Doc();
for (var i=0; i&lt;tw.local.documents.length; i++) {
	tw.local.Docs[i] = new tw.object.Doc();
	tw.local.Docs[i].Title=tw.local.documents[i].name;
	tw.local.Docs[i].ID=tw.local.documents[i].objectId;
	tw.local.Docs[i].ReceptionDate =tw.local.documents[i].creationDate;
	tw.local.Docs[i].Size="2kb";
	tw.local.Docs[i].docInfo = new tw.object.ECMDocumentInfo();
	tw.local.Docs[i].docInfo.contentURL=tw.local.documents[i].contentURL;
	tw.local.Docs[i].docInfo.objectId=tw.local.documents[i].objectId;
	tw.local.Docs[i].docInfo.serverName=tw.local.documents[i].serverName;
}</script>
                <isRule>false</isRule>
                <guid>guid:9ef4cf4a-ac58-4886-a417-027d3eac57bb</guid>
                <versionId>3b726107-e470-4d8a-a599-cc13ec3e287a</versionId>
            </TWComponent>
        </item>
        <startingProcessItemId>2025.25b959fc-f519-4b9f-8fae-53be2f72ebab</startingProcessItemId>
        <errorHandlerItemId isNull="true" />
        <layoutData noConversion="true">
            <errorLink>
                <controlPoints />
                <showEndState>false</showEndState>
                <showName>false</showName>
            </errorLink>
        </layoutData>
        <startPoint>
            <layoutData x="109" y="124">
                <errorLink>
                    <controlPoints />
                    <showEndState>false</showEndState>
                    <showName>false</showName>
                </errorLink>
            </layoutData>
        </startPoint>
        <startLink>
            <fromPort locationId="rightCenter" portType="1" />
            <toPort locationId="leftCenter" portType="2" />
            <layoutData>
                <controlPoints />
                <showEndState>false</showEndState>
                <showName>false</showName>
            </layoutData>
        </startLink>
        <bpmn2Model>
            <ns16:definitions xmlns:ns16="http://www.omg.org/spec/BPMN/20100524/MODEL" xmlns:ns2="http://www.ibm.com/xmlns/prod/bpm/bpmn/ext/process" xmlns:ns3="http://www.ibm.com/xmlns/prod/bpm/bpmn/ext/process/wle" xmlns:ns4="http://www.ibm.com/xmlns/prod/bpm/bpmn/ext/process/case" xmlns:ns5="http://www.ibm.com/bpm/Extensions" xmlns:ns6="http://www.ibm.com/xmlns/prod/bpm/uca" xmlns:ns7="http://www.ibm.com/xmlns/prod/bpm/bpmn/ext/team" xmlns:ns8="http://www.ibm.com/xmlns/prod/bpm/bpmn/ext/trackinggroup" xmlns:ns9="http://www.ibm.com/xmlns/bpmnx/20100524/v1/BusinessVocabulary" xmlns:ns10="http://www.omg.org/spec/DD/20100524/DI" xmlns:ns11="http://www.omg.org/spec/DD/20100524/DC" xmlns:ns12="http://www.omg.org/spec/BPMN/20100524/BPMNDI" xmlns:ns13="http://www.ibm.com/xmlns/prod/bpm/graph" xmlns:ns14="http://www.ibm.com/xmlns/prod/bpm/bpmn/ext/process/auth" xmlns:ns15="http://www.ibm.com/xmlns/prod/bpm/bpmn/ext/extservice" xmlns:ns17="http://www.ibm.com/bpm/processappsettings" xmlns:ns18="http://www.ibm.com/xmlns/links" xmlns:ns19="http://www.ibm.com/bpm/CoachDesignerNG" xmlns:ns20="http://www.ibm.com/xmlns/tagging" xmlns:ns21="http://www.ibm.com/bpm/uitheme" xmlns:ns22="http://www.ibm.com/bpm/coachview" targetNamespace="" expressionLanguage="http://www.ibm.com/xmlns/prod/bpm/expression-lang/javascript" typeLanguage="http://www.w3.org/2001/XMLSchema">
                <ns16:process name="ListDocsInfolder" id="1.2c93eb8d-ec1d-4019-ae0c-dbb1da553ec8" ns2:executionMode="microflow">
                    <ns16:documentation textFormat="text/plain" />
                    <ns16:extensionElements>
                        <ns2:isTransactionalFlow>false</ns2:isTransactionalFlow>
                        <ns2:sboSyncEnabled>true</ns2:sboSyncEnabled>
                        <ns2:isInvokedAsynchronously>false</ns2:isInvokedAsynchronously>
                        <ns2:isSecured>false</ns2:isSecured>
                        <ns2:isAjaxExposed>true</ns2:isAjaxExposed>
                    </ns16:extensionElements>
                    <ns16:ioSpecification>
                        <ns16:dataInput name="FolderPath" itemSubjectRef="itm.12.db884a3c-c533-44b7-bb2d-47bec8ad4022" isCollection="false" id="2055.989c778f-eb3f-4b6f-8a90-b172b9888d30">
                            <ns16:extensionElements>
                                <ns2:defaultValue useDefault="true">"/Claims/Transcripts"</ns2:defaultValue>
                            </ns16:extensionElements>
                        </ns16:dataInput>
                        <ns16:dataOutput name="Docs" itemSubjectRef="itm.12.96bbebff-2620-4303-b3d3-5f56b89693c9" isCollection="true" id="2055.21775ff1-a685-465c-83b7-21c893bd18ad" />
                        <ns16:inputSet>
                            <ns16:dataInputRefs>2055.989c778f-eb3f-4b6f-8a90-b172b9888d30</ns16:dataInputRefs>
                        </ns16:inputSet>
                        <ns16:outputSet>
                            <ns16:dataOutputRefs>2055.21775ff1-a685-465c-83b7-21c893bd18ad</ns16:dataOutputRefs>
                        </ns16:outputSet>
                    </ns16:ioSpecification>
                    <ns16:laneSet id="25a704be-5677-4737-8f92-e498d5da9778">
                        <ns16:lane name="System" partitionElementRef="24.6fd38d02-81cf-48ab-bd42-8ff4c0a1628b" id="b7b536bb-6170-4006-8c3e-46952502efb0" ns3:isSystemLane="true">
                            <ns16:extensionElements>
                                <ns13:nodeVisualInfo x="0" y="0" width="3000" height="500" color="#F8F8F8" />
                            </ns16:extensionElements>
                            <ns16:flowNodeRef>a961c820-aa37-404c-80d4-46c7647ebd5d</ns16:flowNodeRef>
                            <ns16:flowNodeRef>3b1d0a7f-96c0-4393-810e-3839a9037b1d</ns16:flowNodeRef>
                            <ns16:flowNodeRef>61647a79-5602-42ba-8c51-5556517ee136</ns16:flowNodeRef>
                            <ns16:flowNodeRef>25b959fc-f519-4b9f-8fae-53be2f72ebab</ns16:flowNodeRef>
                            <ns16:flowNodeRef>2645191a-e773-458b-8703-a9cc4267a304</ns16:flowNodeRef>
                        </ns16:lane>
                    </ns16:laneSet>
                    <ns16:startEvent isInterrupting="false" parallelMultiple="false" name="Start" id="a961c820-aa37-404c-80d4-46c7647ebd5d">
                        <ns16:extensionElements>
                            <ns13:nodeVisualInfo x="109" y="124" width="24" height="24" color="#F8F8F8" />
                        </ns16:extensionElements>
                        <ns16:outgoing>2027.0781963f-9e53-4a61-870e-38fdaddfb3a9</ns16:outgoing>
                    </ns16:startEvent>
                    <ns16:endEvent name="End" id="3b1d0a7f-96c0-4393-810e-3839a9037b1d">
                        <ns16:extensionElements>
                            <ns13:nodeVisualInfo x="886" y="132" width="24" height="24" color="#F8F8F8" />
                            <ns3:saveExecutionContext>true</ns3:saveExecutionContext>
                            <ns2:endStateId>guid:8b0c8ed1dccfb194:-60544698:18f06b936dc:-7bc3</ns2:endStateId>
                        </ns16:extensionElements>
                        <ns16:incoming>7ee22c37-1575-4453-8c5b-56cf55f0e899</ns16:incoming>
                    </ns16:endEvent>
                    <ns16:sequenceFlow sourceRef="a961c820-aa37-404c-80d4-46c7647ebd5d" targetRef="25b959fc-f519-4b9f-8fae-53be2f72ebab" name="To GetFolderID" id="2027.0781963f-9e53-4a61-870e-38fdaddfb3a9">
                        <ns16:extensionElements>
                            <ns13:linkVisualInfo>
                                <ns13:sourcePortLocation>rightCenter</ns13:sourcePortLocation>
                                <ns13:targetPortLocation>leftCenter</ns13:targetPortLocation>
                                <ns13:showLabel>false</ns13:showLabel>
                                <ns13:showCoachControlLabel>false</ns13:showCoachControlLabel>
                                <ns13:labelPosition>0.0</ns13:labelPosition>
                                <ns13:saveExecutionContext>false</ns13:saveExecutionContext>
                            </ns13:linkVisualInfo>
                        </ns16:extensionElements>
                    </ns16:sequenceFlow>
                    <ns3:contentTask serverName="IBM_TargetObjectStore" operationRef="FOLDER_OP_GET_DOCS_IN_FOLDER" name="ListDocs" id="61647a79-5602-42ba-8c51-5556517ee136">
                        <ns16:extensionElements>
                            <ns13:nodeVisualInfo x="477" y="112" width="95" height="70" />
                            <ns3:activityType>ContentTask</ns3:activityType>
                        </ns16:extensionElements>
                        <ns16:incoming>10fece60-81d8-497c-80c0-4e7a292bb071</ns16:incoming>
                        <ns16:outgoing>2c3253c2-326b-429e-85db-f59483d3acb8</ns16:outgoing>
                        <ns16:dataInputAssociation>
                            <ns16:targetRef>FOLDER_ID</ns16:targetRef>
                            <ns16:assignment>
                                <ns16:from xmlns:xsi="http://www.w3.org/2001/XMLSchema-instance" xsi:type="ns16:tFormalExpression" evaluatesToTypeRef="12.3212d5b3-f692-41b3-a893-343dc5c3df01">tw.local.folder.objectId</ns16:from>
                            </ns16:assignment>
                        </ns16:dataInputAssociation>
                        <ns16:dataOutputAssociation>
                            <ns16:sourceRef>DOCUMENTS</ns16:sourceRef>
                            <ns16:assignment>
                                <ns16:to xmlns:xsi="http://www.w3.org/2001/XMLSchema-instance" xsi:type="ns16:tFormalExpression" evaluatesToTypeRef="itm.12.490f939c-3c6d-4ef7-9707-33b5b618877a">tw.local.documents</ns16:to>
                            </ns16:assignment>
                        </ns16:dataOutputAssociation>
                    </ns3:contentTask>
                    <ns16:sequenceFlow sourceRef="61647a79-5602-42ba-8c51-5556517ee136" targetRef="2645191a-e773-458b-8703-a9cc4267a304" name="To List Docs" id="2c3253c2-326b-429e-85db-f59483d3acb8">
                        <ns16:extensionElements>
                            <ns2:sequenceFlowImplementation sboSyncEnabled="true" />
                            <ns13:linkVisualInfo>
                                <ns13:sourcePortLocation>rightCenter</ns13:sourcePortLocation>
                                <ns13:targetPortLocation>leftCenter</ns13:targetPortLocation>
                                <ns13:showLabel>false</ns13:showLabel>
                                <ns13:showCoachControlLabel>false</ns13:showCoachControlLabel>
                                <ns13:labelPosition>0.0</ns13:labelPosition>
                                <ns13:saveExecutionContext>true</ns13:saveExecutionContext>
                            </ns13:linkVisualInfo>
                        </ns16:extensionElements>
                    </ns16:sequenceFlow>
                    <ns3:contentTask serverName="IBM_TargetObjectStore" operationRef="FOLDER_OP_GET_FOLDER_BY_PATH" name="GetFolderID" id="25b959fc-f519-4b9f-8fae-53be2f72ebab">
                        <ns16:extensionElements>
                            <ns13:nodeVisualInfo x="299" y="112" width="95" height="70" />
                            <ns3:activityType>ContentTask</ns3:activityType>
                        </ns16:extensionElements>
                        <ns16:incoming>2027.0781963f-9e53-4a61-870e-38fdaddfb3a9</ns16:incoming>
                        <ns16:outgoing>10fece60-81d8-497c-80c0-4e7a292bb071</ns16:outgoing>
                        <ns16:dataInputAssociation>
                            <ns16:targetRef>PATH</ns16:targetRef>
                            <ns16:assignment>
                                <ns16:from xmlns:xsi="http://www.w3.org/2001/XMLSchema-instance" xsi:type="ns16:tFormalExpression" evaluatesToTypeRef="itm.12.db884a3c-c533-44b7-bb2d-47bec8ad4022">tw.local.FolderPath</ns16:from>
                            </ns16:assignment>
                        </ns16:dataInputAssociation>
                        <ns16:dataOutputAssociation>
                            <ns16:sourceRef>FOLDER</ns16:sourceRef>
                            <ns16:assignment>
                                <ns16:to xmlns:xsi="http://www.w3.org/2001/XMLSchema-instance" xsi:type="ns16:tFormalExpression" evaluatesToTypeRef="itm.12.240930df-e9da-40a6-a4e8-4b41b42bb183">tw.local.folder</ns16:to>
                            </ns16:assignment>
                        </ns16:dataOutputAssociation>
                    </ns3:contentTask>
                    <ns16:sequenceFlow sourceRef="25b959fc-f519-4b9f-8fae-53be2f72ebab" targetRef="61647a79-5602-42ba-8c51-5556517ee136" name="To ListDocs" id="10fece60-81d8-497c-80c0-4e7a292bb071">
                        <ns16:extensionElements>
                            <ns13:linkVisualInfo>
                                <ns13:sourcePortLocation>rightCenter</ns13:sourcePortLocation>
                                <ns13:targetPortLocation>leftCenter</ns13:targetPortLocation>
                                <ns13:showLabel>false</ns13:showLabel>
                                <ns13:showCoachControlLabel>false</ns13:showCoachControlLabel>
                                <ns13:labelPosition>0.0</ns13:labelPosition>
                                <ns13:saveExecutionContext>false</ns13:saveExecutionContext>
                            </ns13:linkVisualInfo>
                        </ns16:extensionElements>
                    </ns16:sequenceFlow>
                    <ns16:dataObject itemSubjectRef="itm.12.240930df-e9da-40a6-a4e8-4b41b42bb183" isCollection="false" name="folder" id="2056.5bbd2a07-8bf6-4d56-8cac-4939818b608d" />
                    <ns16:dataObject itemSubjectRef="itm.12.490f939c-3c6d-4ef7-9707-33b5b618877a" isCollection="true" name="documents" id="2056.7c186ad7-c37e-42ed-8537-0af4be01eb70" />
                    <ns16:scriptTask scriptFormat="text/x-javascript" name="List Docs" id="2645191a-e773-458b-8703-a9cc4267a304">
                        <ns16:extensionElements>
                            <ns13:nodeVisualInfo x="645" y="112" width="95" height="70" />
                        </ns16:extensionElements>
                        <ns16:incoming>2c3253c2-326b-429e-85db-f59483d3acb8</ns16:incoming>
                        <ns16:outgoing>7ee22c37-1575-4453-8c5b-56cf55f0e899</ns16:outgoing>
                        <ns16:script>tw.local.Docs = new tw.object.listOf.Doc();
for (var i=0; i&lt;tw.local.documents.length; i++) {
	tw.local.Docs[i] = new tw.object.Doc();
	tw.local.Docs[i].Title=tw.local.documents[i].name;
	tw.local.Docs[i].ID=tw.local.documents[i].objectId;
	tw.local.Docs[i].ReceptionDate =tw.local.documents[i].creationDate;
	tw.local.Docs[i].Size="2kb";
	tw.local.Docs[i].docInfo = new tw.object.ECMDocumentInfo();
	tw.local.Docs[i].docInfo.contentURL=tw.local.documents[i].contentURL;
	tw.local.Docs[i].docInfo.objectId=tw.local.documents[i].objectId;
	tw.local.Docs[i].docInfo.serverName=tw.local.documents[i].serverName;
}</ns16:script>
                    </ns16:scriptTask>
                    <ns16:sequenceFlow sourceRef="2645191a-e773-458b-8703-a9cc4267a304" targetRef="3b1d0a7f-96c0-4393-810e-3839a9037b1d" name="To End" id="7ee22c37-1575-4453-8c5b-56cf55f0e899">
                        <ns16:extensionElements>
                            <ns2:sequenceFlowImplementation sboSyncEnabled="true" />
                            <ns13:linkVisualInfo>
                                <ns13:sourcePortLocation>rightCenter</ns13:sourcePortLocation>
                                <ns13:targetPortLocation>leftCenter</ns13:targetPortLocation>
                                <ns13:showLabel>false</ns13:showLabel>
                                <ns13:showCoachControlLabel>false</ns13:showCoachControlLabel>
                                <ns13:labelPosition>0.0</ns13:labelPosition>
                                <ns13:saveExecutionContext>true</ns13:saveExecutionContext>
                            </ns13:linkVisualInfo>
                        </ns16:extensionElements>
                    </ns16:sequenceFlow>
                </ns16:process>
            </ns16:definitions>
        </bpmn2Model>
        <link name="To List Docs">
            <lastModified isNull="true" />
            <lastModifiedBy isNull="true" />
            <tenantId isNull="true" />
            <processLinkId>2027.2c3253c2-326b-429e-85db-f59483d3acb8</processLinkId>
            <processId>1.2c93eb8d-ec1d-4019-ae0c-dbb1da553ec8</processId>
            <description isNull="true" />
            <fromProcessItemId>2025.61647a79-5602-42ba-8c51-5556517ee136</fromProcessItemId>
            <endStateId>Out</endStateId>
            <toProcessItemId>2025.2645191a-e773-458b-8703-a9cc4267a304</toProcessItemId>
            <guid>guid:caf15768-223e-4183-8cce-48d23c1c387b</guid>
            <versionId>f131a7e8-f002-4372-b5af-129271b5d218</versionId>
            <layoutData>
                <controlPoints />
                <showEndState>false</showEndState>
                <showName>false</showName>
            </layoutData>
            <fromItemPort locationId="rightCenter" portType="1" />
            <toItemPort locationId="leftCenter" portType="2" />
            <fromProcessItemId>2025.61647a79-5602-42ba-8c51-5556517ee136</fromProcessItemId>
            <toProcessItemId>2025.2645191a-e773-458b-8703-a9cc4267a304</toProcessItemId>
        </link>
        <link name="To ListDocs">
            <lastModified isNull="true" />
            <lastModifiedBy isNull="true" />
            <tenantId isNull="true" />
            <processLinkId>2027.10fece60-81d8-497c-80c0-4e7a292bb071</processLinkId>
            <processId>1.2c93eb8d-ec1d-4019-ae0c-dbb1da553ec8</processId>
            <description isNull="true" />
            <fromProcessItemId>2025.25b959fc-f519-4b9f-8fae-53be2f72ebab</fromProcessItemId>
            <endStateId>Out</endStateId>
            <toProcessItemId>2025.61647a79-5602-42ba-8c51-5556517ee136</toProcessItemId>
            <guid>guid:5cbc5a4f-b190-4bb7-b6ea-3ef9d600b402</guid>
            <versionId>cd4399d7-452f-4328-81d8-64dca2a3bff9</versionId>
            <layoutData>
                <controlPoints />
                <showEndState>false</showEndState>
                <showName>false</showName>
            </layoutData>
            <fromItemPort locationId="rightCenter" portType="1" />
            <toItemPort locationId="leftCenter" portType="2" />
            <fromProcessItemId>2025.25b959fc-f519-4b9f-8fae-53be2f72ebab</fromProcessItemId>
            <toProcessItemId>2025.61647a79-5602-42ba-8c51-5556517ee136</toProcessItemId>
        </link>
        <link name="To End">
            <lastModified isNull="true" />
            <lastModifiedBy isNull="true" />
            <tenantId isNull="true" />
            <processLinkId>2027.7ee22c37-1575-4453-8c5b-56cf55f0e899</processLinkId>
            <processId>1.2c93eb8d-ec1d-4019-ae0c-dbb1da553ec8</processId>
            <description isNull="true" />
            <fromProcessItemId>2025.2645191a-e773-458b-8703-a9cc4267a304</fromProcessItemId>
            <endStateId>Out</endStateId>
            <toProcessItemId>2025.3b1d0a7f-96c0-4393-810e-3839a9037b1d</toProcessItemId>
            <guid>guid:9f2d8621-0924-45f6-8d7c-8bc1c85ffbcc</guid>
            <versionId>938e27a8-9074-4475-830a-ae2929b76b0a</versionId>
            <layoutData>
                <controlPoints />
                <showEndState>false</showEndState>
                <showName>false</showName>
            </layoutData>
            <fromItemPort locationId="rightCenter" portType="1" />
            <toItemPort locationId="leftCenter" portType="2" />
            <fromProcessItemId>2025.2645191a-e773-458b-8703-a9cc4267a304</fromProcessItemId>
            <toProcessItemId>2025.3b1d0a7f-96c0-4393-810e-3839a9037b1d</toProcessItemId>
        </link>
    </process>
</teamworks>

