<?xml version="1.0" encoding="UTF-8"?>
<teamworks>
    <process id="1.443e1e59-0880-436e-99c5-3c7f32148cf5" name="CaseCreateRequest">
        <lastModified>1716544705979</lastModified>
        <lastModifiedBy>cp4admin</lastModifiedBy>
        <tenantId isNull="true" />
        <processId>1.443e1e59-0880-436e-99c5-3c7f32148cf5</processId>
        <image isNull="true" />
        <tabGroup isNull="true" />
        <startingProcessItemId isNull="true" />
        <isRootProcess>false</isRootProcess>
        <processType>11</processType>
        <isErrorHandlerEnabled>false</isErrorHandlerEnabled>
        <errorHandlerItemId isNull="true" />
        <isLoggingVariables>false</isLoggingVariables>
        <isTransactional>false</isTransactional>
        <processTimingLevel isNull="true" />
        <participantRef isNull="true" />
        <exposedType isNull="true" />
        <isTrackingEnabled>true</isTrackingEnabled>
        <xmlData isNull="true" />
        <cachingType>false</cachingType>
        <itemLabel isNull="true" />
        <cacheLength isNull="true" />
        <mobileReady>false</mobileReady>
        <sboSyncEnabled>true</sboSyncEnabled>
        <externalId>{eu.mjTools.bpm.bpmTools.entity}_8fbeb042-364c-4acb-a1ef-535cc525ea0f</externalId>
        <isSecured>false</isSecured>
        <isAjaxExposed>false</isAjaxExposed>
        <isInvokedAsynchronously>false</isInvokedAsynchronously>
        <isTransactionalFlow>false</isTransactionalFlow>
        <description isNull="true" />
        <guid>guid:4de8e7d5da8de40b:66c9899e:18f8878ebd9:-7255</guid>
        <versionId>e4b5a6ef-f32a-4c72-9010-1d10fc886421</versionId>
        <dependencySummary isNull="true" />
        <jsonData isNull="true" />
        <field1 isNull="true" />
        <field2 isNull="true" />
        <field3>0</field3>
        <field4 isNull="true" />
        <field5>false</field5>
        <clobField1 isNull="true" />
        <blobField1 isNull="true" />
        <startingProcessItemId isNull="true" />
        <errorHandlerItemId isNull="true" />
        <layoutData noConversion="true">
            <errorLink>
                <controlPoints />
                <showEndState>false</showEndState>
                <showName>false</showName>
            </errorLink>
        </layoutData>
        <startPoint>
            <layoutData x="0" y="0">
                <errorLink>
                    <controlPoints />
                    <showEndState>false</showEndState>
                    <showName>false</showName>
                </errorLink>
            </layoutData>
        </startPoint>
        <startLink>
            <fromPort locationId="rightCenter" portType="1" />
            <toPort locationId="rightCenter" portType="2" />
            <layoutData>
                <controlPoints />
                <showEndState>false</showEndState>
                <showName>false</showName>
            </layoutData>
        </startLink>
        <bpmn2Model>
            <ns14:definitions xmlns:ns14="http://www.omg.org/spec/BPMN/20100524/MODEL" xmlns:ns2="http://www.ibm.com/xmlns/prod/bpm/bpmn/ext/process" xmlns:ns3="http://www.ibm.com/xmlns/prod/bpm/bpmn/ext/process/wle" xmlns:ns4="http://www.ibm.com/xmlns/prod/bpm/bpmn/ext/process/case" xmlns:ns5="http://www.ibm.com/bpm/Extensions" xmlns:ns6="http://www.ibm.com/xmlns/prod/bpm/uca" xmlns:ns7="http://www.ibm.com/xmlns/prod/bpm/bpmn/ext/team" xmlns:ns8="http://www.ibm.com/xmlns/prod/bpm/bpmn/ext/trackinggroup" xmlns:ns9="http://www.ibm.com/xmlns/bpmnx/20100524/v1/BusinessVocabulary" xmlns:ns10="http://www.omg.org/spec/DD/20100524/DI" xmlns:ns11="http://www.omg.org/spec/DD/20100524/DC" xmlns:ns12="http://www.omg.org/spec/BPMN/20100524/BPMNDI" xmlns:ns13="http://www.ibm.com/xmlns/prod/bpm/graph" xmlns:ns15="http://www.ibm.com/xmlns/prod/bpm/bpmn/ext/extservice" xmlns:ns16="http://www.ibm.com/bpm/processappsettings" xmlns:ns17="http://www.ibm.com/xmlns/prod/bpm/bpmn/ext/process/auth" xmlns:ns18="http://www.ibm.com/xmlns/links" xmlns:ns19="http://www.ibm.com/bpm/uitheme" xmlns:ns20="http://www.ibm.com/xmlns/tagging" id="_ac3648c7-5935-4956-b640-25a295ea2692" targetNamespace="eu.mjTools.bpm.bpmTools.entity" expressionLanguage="http://www.ibm.com/xmlns/prod/bpm/expression-lang/javascript">
                
                
                <ns14:interface name="CaseCreateRequest" id="_58f5c9be-11b5-42e1-baea-9e309431f449">
                    
                    
                    <ns14:documentation />
                    
                    
                    <ns14:operation name="setTargetObjectStore" id="_8a494093-1583-4e85-b677-cc7313703029">
                        
                        
                        <ns14:documentation />
                        
                        
                        <ns14:extensionElements>
                            
                            
                            <ns17:businessSignature>
                                
                                
                                <ns17:input id="_64cef4e5-0bbb-4f24-974e-7ca898934b9e">
                                    
                                    
                                    <ns17:name>Parameter 1</ns17:name>
                                    
                                    
                                    <ns17:description>Parameter 1</ns17:description>
                                    
                                    
                                    <ns17:typeRef>{http://www.w3.org/2001/XMLSchema}string</ns17:typeRef>
                                    
                                    
                                    <ns17:typeRefPO>itm.12.db884a3c-c533-44b7-bb2d-47bec8ad4022</ns17:typeRefPO>
                                    
                                    
                                    <ns17:path>Parameter 1</ns17:path>
                                    
                                    
                                    <ns17:isCollection>false</ns17:isCollection>
                                    
                                    
                                    <ns17:isOptional>false</ns17:isOptional>
                                    
                                
                                </ns17:input>
                                
                            
                            </ns17:businessSignature>
                            
                        
                        </ns14:extensionElements>
                        
                    
                    </ns14:operation>
                    
                    
                    <ns14:operation name="setProperties" id="_72fb1afc-0146-4dd7-bba5-597df43b472b">
                        
                        
                        <ns14:documentation />
                        
                        
                        <ns14:extensionElements>
                            
                            
                            <ns17:businessSignature>
                                
                                
                                <ns17:input id="_27d52227-fcd8-45ba-a198-14d7e5fffd96">
                                    
                                    
                                    <ns17:name>Parameter 1</ns17:name>
                                    
                                    
                                    <ns17:description>Parameter 1</ns17:description>
                                    
                                    
                                    <ns17:typeRefPO>itm.12.8a176cc2-eebb-4310-a9c7-9bc62b3a8002</ns17:typeRefPO>
                                    
                                    
                                    <ns17:path>Parameter 1</ns17:path>
                                    
                                    
                                    <ns17:isCollection>false</ns17:isCollection>
                                    
                                    
                                    <ns17:isOptional>false</ns17:isOptional>
                                    
                                
                                </ns17:input>
                                
                            
                            </ns17:businessSignature>
                            
                        
                        </ns14:extensionElements>
                        
                    
                    </ns14:operation>
                    
                    
                    <ns14:operation name="getCaseType" id="_e48c7be0-308a-408e-b0b5-1e2f2e2d16b9">
                        
                        
                        <ns14:documentation />
                        
                        
                        <ns14:extensionElements>
                            
                            
                            <ns17:businessSignature>
                                
                                
                                <ns17:output id="_7ff5b628-e398-4e0e-8353-e91b800a6ed6">
                                    
                                    
                                    <ns17:name>Return Value</ns17:name>
                                    
                                    
                                    <ns17:typeRef>{http://www.w3.org/2001/XMLSchema}string</ns17:typeRef>
                                    
                                    
                                    <ns17:typeRefPO>itm.12.db884a3c-c533-44b7-bb2d-47bec8ad4022</ns17:typeRefPO>
                                    
                                    
                                    <ns17:path>Return Value</ns17:path>
                                    
                                    
                                    <ns17:isCollection>false</ns17:isCollection>
                                    
                                    
                                    <ns17:isOptional>false</ns17:isOptional>
                                    
                                
                                </ns17:output>
                                
                            
                            </ns17:businessSignature>
                            
                        
                        </ns14:extensionElements>
                        
                    
                    </ns14:operation>
                    
                    
                    <ns14:operation name="setCaseType" id="_7be317a3-e70a-45c8-a2f4-fd570fc7bab0">
                        
                        
                        <ns14:documentation />
                        
                        
                        <ns14:extensionElements>
                            
                            
                            <ns17:businessSignature>
                                
                                
                                <ns17:input id="_7276d765-c6f7-4215-b743-0f4e7ecac97a">
                                    
                                    
                                    <ns17:name>Parameter 1</ns17:name>
                                    
                                    
                                    <ns17:description>Parameter 1</ns17:description>
                                    
                                    
                                    <ns17:typeRef>{http://www.w3.org/2001/XMLSchema}string</ns17:typeRef>
                                    
                                    
                                    <ns17:typeRefPO>itm.12.db884a3c-c533-44b7-bb2d-47bec8ad4022</ns17:typeRefPO>
                                    
                                    
                                    <ns17:path>Parameter 1</ns17:path>
                                    
                                    
                                    <ns17:isCollection>false</ns17:isCollection>
                                    
                                    
                                    <ns17:isOptional>false</ns17:isOptional>
                                    
                                
                                </ns17:input>
                                
                            
                            </ns17:businessSignature>
                            
                        
                        </ns14:extensionElements>
                        
                    
                    </ns14:operation>
                    
                    
                    <ns14:operation name="getTargetObjectStore" id="_1ae6ee15-9057-408e-8453-ff5d8d839d65">
                        
                        
                        <ns14:documentation />
                        
                        
                        <ns14:extensionElements>
                            
                            
                            <ns17:businessSignature>
                                
                                
                                <ns17:output id="_641c2ec0-b61b-4245-87ab-6b3d1e4145a2">
                                    
                                    
                                    <ns17:name>Return Value</ns17:name>
                                    
                                    
                                    <ns17:typeRef>{http://www.w3.org/2001/XMLSchema}string</ns17:typeRef>
                                    
                                    
                                    <ns17:typeRefPO>itm.12.db884a3c-c533-44b7-bb2d-47bec8ad4022</ns17:typeRefPO>
                                    
                                    
                                    <ns17:path>Return Value</ns17:path>
                                    
                                    
                                    <ns17:isCollection>false</ns17:isCollection>
                                    
                                    
                                    <ns17:isOptional>false</ns17:isOptional>
                                    
                                
                                </ns17:output>
                                
                            
                            </ns17:businessSignature>
                            
                        
                        </ns14:extensionElements>
                        
                    
                    </ns14:operation>
                    
                
                </ns14:interface>
                
                
                <ns14:endPoint>
                    
                    
                    <ns14:extensionElements>
                        
                        
                        <ns15:externalService interfaceRef="_58f5c9be-11b5-42e1-baea-9e309431f449" name="CaseCreateRequest" id="_8fbeb042-364c-4acb-a1ef-535cc525ea0f">
                            
                            
                            <ns15:javaBinding className="eu.mjTools.bpm.bpmTools.entity.CaseCreateRequest">
                                
                                
                                <ns15:methodBindings name="setTargetObjectStore">
                                    
                                    
                                    <ns15:inputParameter name="Parameter 1" type="java.lang.String" />
                                    
                                
                                </ns15:methodBindings>
                                
                                
                                <ns15:methodBindings name="setProperties">
                                    
                                    
                                    <ns15:inputParameter name="Parameter 1" type="[Leu.mjTools.bpm.bpmTools.entity.PropertyDefinition;" />
                                    
                                
                                </ns15:methodBindings>
                                
                                
                                <ns15:methodBindings name="getCaseType">
                                    
                                    
                                    <ns15:outputParameter name="Return Value" type="java.lang.String" />
                                    
                                
                                </ns15:methodBindings>
                                
                                
                                <ns15:methodBindings name="setCaseType">
                                    
                                    
                                    <ns15:inputParameter name="Parameter 1" type="java.lang.String" />
                                    
                                
                                </ns15:methodBindings>
                                
                                
                                <ns15:methodBindings name="getTargetObjectStore">
                                    
                                    
                                    <ns15:outputParameter name="Return Value" type="java.lang.String" />
                                    
                                
                                </ns15:methodBindings>
                                
                                
                                <ns15:endpoints>
                                    
                                    
                                    <ns15:jarFileRef>61.7367a034-21a8-4acd-a09a-7cb0f19d9fe9</ns15:jarFileRef>
                                    
                                
                                </ns15:endpoints>
                                
                            
                            </ns15:javaBinding>
                            
                            
                            <ns15:cachingType>false</ns15:cachingType>
                            
                        
                        </ns15:externalService>
                        
                    
                    </ns14:extensionElements>
                    
                
                </ns14:endPoint>
                
            
            </ns14:definitions>
        </bpmn2Model>
    </process>
</teamworks>

