<?xml version="1.0" encoding="UTF-8"?>
<teamworks>
    <process id="1.51ae1589-58f2-4bc7-bf71-d5953c0850ac" name="Retrieve Original Doc">
        <lastModified>1718695732559</lastModified>
        <lastModifiedBy>cp4admin</lastModifiedBy>
        <tenantId isNull="true" />
        <processId>1.51ae1589-58f2-4bc7-bf71-d5953c0850ac</processId>
        <image isNull="true" />
        <tabGroup isNull="true" />
        <startingProcessItemId>2025.7830ce34-c616-45a1-88ba-af0dd544c057</startingProcessItemId>
        <isRootProcess>false</isRootProcess>
        <processType>12</processType>
        <isErrorHandlerEnabled>false</isErrorHandlerEnabled>
        <errorHandlerItemId isNull="true" />
        <isLoggingVariables>false</isLoggingVariables>
        <isTransactional>false</isTransactional>
        <processTimingLevel isNull="true" />
        <participantRef isNull="true" />
        <exposedType>0</exposedType>
        <isTrackingEnabled>true</isTrackingEnabled>
        <xmlData isNull="true" />
        <cachingType>false</cachingType>
        <itemLabel isNull="true" />
        <cacheLength>0</cacheLength>
        <mobileReady>false</mobileReady>
        <sboSyncEnabled>true</sboSyncEnabled>
        <externalId isNull="true" />
        <isSecured>true</isSecured>
        <isAjaxExposed>true</isAjaxExposed>
        <isInvokedAsynchronously>false</isInvokedAsynchronously>
        <isTransactionalFlow>false</isTransactionalFlow>
        <description isNull="true" />
        <guid>guid:5733966303c98ceb:54e7d30:18fe44fdd7b:-706d</guid>
        <versionId>c80232a4-0466-4a46-85dd-b11e1d334e18</versionId>
        <dependencySummary>&lt;dependencySummary id="bpdid:5733966303c98ceb:54e7d30:18fe44fdd7b:-697a" /&gt;</dependencySummary>
        <jsonData>{"rootElement":[{"flowElement":[{"parallelMultiple":false,"outgoing":["2027.9d3ae22e-21e2-49fd-8d6a-754397a4d556"],"isInterrupting":false,"extensionElements":{"nodeVisualInfo":[{"color":"#F8F8F8","width":24,"x":25,"y":80,"declaredType":"TNodeVisualInfo","height":24}]},"name":"Start","declaredType":"startEvent","id":"c69ed2f0-3bf0-4e98-841e-3a3265b42f74"},{"incoming":["3af2cbae-04e6-49d6-8665-e17048981d94"],"extensionElements":{"nodeVisualInfo":[{"color":"#F8F8F8","width":24,"x":650,"y":80,"declaredType":"TNodeVisualInfo","height":24}],"endStateId":["guid:5733966303c98ceb:54e7d30:18fe44fdd7b:-706b"],"saveExecutionContext":[true]},"name":"End","declaredType":"endEvent","id":"88209e13-f6f9-4836-8876-476d420f82f9"},{"targetRef":"7830ce34-c616-45a1-88ba-af0dd544c057","extensionElements":{"linkVisualInfo":[{"sourcePortLocation":"rightCenter","showCoachControlLabel":false,"labelPosition":0.0,"targetPortLocation":"leftCenter","declaredType":"TLinkVisualInfo","saveExecutionContext":false,"showLabel":false}]},"name":"To Content integration 1","declaredType":"sequenceFlow","id":"2027.9d3ae22e-21e2-49fd-8d6a-754397a4d556","sourceRef":"c69ed2f0-3bf0-4e98-841e-3a3265b42f74"},{"outgoing":["3af2cbae-04e6-49d6-8665-e17048981d94"],"incoming":["2027.9d3ae22e-21e2-49fd-8d6a-754397a4d556"],"matchAllSearchCriteria":true,"extensionElements":{"nodeVisualInfo":[{"color":"#defbe6","width":95,"x":323,"y":199,"declaredType":"TNodeVisualInfo","height":70}],"preAssignmentScript":["tw.local.docID = tw.local.docID.replace(\"\/={\", \"idv_\");\ntw.local.docID = tw.local.docID.replace(\"}\", \"\");"],"activityType":["ContentTask"]},"operationRef":"DOC_OP_GET_DOCUMENT","implementation":"##WebService","serverName":"IBM_TargetObjectStore","declaredType":"com.ibm.bpmsdk.model.bpmn20.ibmwleext.TContentTask","startQuantity":1,"name":"Content integration 1","dataInputAssociation":[{"targetRef":"DOCUMENT_ID","assignment":[{"from":{"evaluatesToTypeRef":"itm.12.db884a3c-c533-44b7-bb2d-47bec8ad4022","declaredType":"TFormalExpression","content":["tw.local.docID"]}}]}],"isForCompensation":false,"useMappedVariable":true,"completionQuantity":1,"id":"7830ce34-c616-45a1-88ba-af0dd544c057","dataOutputAssociation":[{"assignment":[{"to":{"evaluatesToTypeRef":"itm.12.918ac73f-6d4a-415e-ad3d-72dfa1b01abf","declaredType":"TFormalExpression","content":["tw.local.contentStream"]}}],"sourceRef":["CONTENT_STREAM"]},{"assignment":[{"to":{"evaluatesToTypeRef":"itm.12.490f939c-3c6d-4ef7-9707-33b5b618877a","declaredType":"TFormalExpression","content":["tw.local.document"]}}],"sourceRef":["DOCUMENT"]}],"orderOverride":false},{"targetRef":"88209e13-f6f9-4836-8876-476d420f82f9","extensionElements":{"sequenceFlowImplementation":[{"fireValidation":"Never","sboSyncEnabled":true,"declaredType":"com.ibm.bpmsdk.model.bpmn20.ibmext.TSequenceFlowImplementation"}],"linkVisualInfo":[{"sourcePortLocation":"rightCenter","showCoachControlLabel":false,"labelPosition":0.0,"targetPortLocation":"leftCenter","declaredType":"TLinkVisualInfo","saveExecutionContext":true,"showLabel":false}]},"name":"To End","declaredType":"sequenceFlow","id":"3af2cbae-04e6-49d6-8665-e17048981d94","sourceRef":"7830ce34-c616-45a1-88ba-af0dd544c057"}],"laneSet":[{"id":"9912d01a-0475-452f-8fc7-3585185ad087","lane":[{"flowNodeRef":["c69ed2f0-3bf0-4e98-841e-3a3265b42f74","88209e13-f6f9-4836-8876-476d420f82f9","7830ce34-c616-45a1-88ba-af0dd544c057"],"extensionElements":{"nodeVisualInfo":[{"color":"#F8F8F8","width":3000,"x":0,"y":0,"declaredType":"TNodeVisualInfo","height":500}]},"name":"System","partitionElementRef":"24.6fd38d02-81cf-48ab-bd42-8ff4c0a1628b","declaredType":"lane","id":"96bacda2-2add-4948-8fb5-0967b1386528","otherAttributes":{"{http:\/\/www.ibm.com\/xmlns\/prod\/bpm\/bpmn\/ext\/process\/wle}isSystemLane":"true"}}]}],"isClosed":false,"extensionElements":{"isSecured":[true],"isAjaxExposed":[true],"isTransactionalFlow":[false],"sboSyncEnabled":[true],"isInvokedAsynchronously":[false]},"documentation":[{"textFormat":"text\/plain"}],"name":"Retrieve Original Doc","declaredType":"process","id":"1.51ae1589-58f2-4bc7-bf71-d5953c0850ac","processType":"None","otherAttributes":{"{http:\/\/www.ibm.com\/xmlns\/prod\/bpm\/bpmn\/ext\/process}executionMode":"microflow"},"ioSpecification":{"dataOutput":[{"itemSubjectRef":"itm.12.490f939c-3c6d-4ef7-9707-33b5b618877a","name":"document","isCollection":false,"id":"2055.9cd21ff1-8da6-4513-8a21-2c36fc0814f7"}],"inputSet":[{"dataInputRefs":["2055.a3552efe-b73a-4c1f-8cae-1e9146b04f5a"]}],"outputSet":[{}],"dataInput":[{"extensionElements":{"defaultValue":[{"declaredType":"com.ibm.bpmsdk.model.bpmn20.ibmext.TDefaultValue","useDefault":true,"value":"\"\/={90270C80-0005-C10A-BD76-377D21752326}\""}]},"itemSubjectRef":"itm.12.db884a3c-c533-44b7-bb2d-47bec8ad4022","name":"docID","isCollection":false,"id":"2055.a3552efe-b73a-4c1f-8cae-1e9146b04f5a"}]}}],"targetNamespace":"","typeLanguage":"http:\/\/www.w3.org\/2001\/XMLSchema","expressionLanguage":"http:\/\/www.ibm.com\/xmlns\/prod\/bpm\/expression-lang\/javascript"}</jsonData>
        <field1 isNull="true" />
        <field2 isNull="true" />
        <field3>0</field3>
        <field4 isNull="true" />
        <field5>false</field5>
        <clobField1 isNull="true" />
        <blobField1 isNull="true" />
        <processParameter name="docID">
            <lastModified isNull="true" />
            <lastModifiedBy isNull="true" />
            <tenantId isNull="true" />
            <processParameterId>2055.a3552efe-b73a-4c1f-8cae-1e9146b04f5a</processParameterId>
            <processId>1.51ae1589-58f2-4bc7-bf71-d5953c0850ac</processId>
            <parameterType>1</parameterType>
            <isArrayOf>false</isArrayOf>
            <classId>f9bfad03-1cba-408d-921f-41cfbdd4600c/12.db884a3c-c533-44b7-bb2d-47bec8ad4022</classId>
            <seq>1</seq>
            <hasDefault>true</hasDefault>
            <defaultValue>"/={90270C80-0005-C10A-BD76-377D21752326}"</defaultValue>
            <isLocked>false</isLocked>
            <description isNull="true" />
            <guid>guid:c043e8a0-9aa7-4f60-8f28-8a6fc7c443db</guid>
            <versionId>c44230a7-9ee9-4179-9513-586e3085abfa</versionId>
        </processParameter>
        <processParameter name="document">
            <lastModified isNull="true" />
            <lastModifiedBy isNull="true" />
            <tenantId isNull="true" />
            <processParameterId>2055.9cd21ff1-8da6-4513-8a21-2c36fc0814f7</processParameterId>
            <processId>1.51ae1589-58f2-4bc7-bf71-d5953c0850ac</processId>
            <parameterType>2</parameterType>
            <isArrayOf>false</isArrayOf>
            <classId>eb06c578-2751-4f88-8d83-11ae81f27089/12.490f939c-3c6d-4ef7-9707-33b5b618877a</classId>
            <seq>2</seq>
            <hasDefault>false</hasDefault>
            <defaultValue isNull="true" />
            <isLocked>false</isLocked>
            <description isNull="true" />
            <guid>guid:ef92dbec-8c3a-42fe-8321-764b63aa4ee3</guid>
            <versionId>358e1e34-01b4-4cab-9d63-699a729ac622</versionId>
        </processParameter>
        <processParameter name="ECMError">
            <lastModified isNull="true" />
            <lastModifiedBy isNull="true" />
            <tenantId isNull="true" />
            <processParameterId>2055.98d7dfbe-cd14-46e0-94f6-daaf85ac1d5b</processParameterId>
            <processId>1.51ae1589-58f2-4bc7-bf71-d5953c0850ac</processId>
            <parameterType>3</parameterType>
            <isArrayOf>false</isArrayOf>
            <classId>eb06c578-2751-4f88-8d83-11ae81f27089/12.bfb48b9b-8247-49fb-8f78-82b738b817a6</classId>
            <seq>16</seq>
            <hasDefault>false</hasDefault>
            <defaultValue>ECMError</defaultValue>
            <isLocked>false</isLocked>
            <description isNull="true" />
            <guid>guid:98d7dfbe-cd14-46e0-94f6-daaf85ac1d5b</guid>
            <versionId>294d4731-1dab-4e9d-8a88-441fb0e1d660</versionId>
        </processParameter>
        <item>
            <lastModified isNull="true" />
            <lastModifiedBy isNull="true" />
            <tenantId isNull="true" />
            <processItemId>2025.7830ce34-c616-45a1-88ba-af0dd544c057</processItemId>
            <processId>1.51ae1589-58f2-4bc7-bf71-d5953c0850ac</processId>
            <name>Content integration 1</name>
            <tWComponentName>ECMConnector</tWComponentName>
            <tWComponentId>3030.a5f4c90a-06e9-4e77-940d-c9d1d8f2dc28</tWComponentId>
            <isLogEnabled>false</isLogEnabled>
            <isTraceEnabled>false</isTraceEnabled>
            <traceCategory isNull="true" />
            <traceLevel isNull="true" />
            <traceMessage isNull="true" />
            <traceSymbolTable isNull="true" />
            <isExecutionContextTraced>false</isExecutionContextTraced>
            <saveExecutionContext>false</saveExecutionContext>
            <documentation isNull="true" />
            <isErrorHandlerEnabled>false</isErrorHandlerEnabled>
            <errorHandlerItemId isNull="true" />
            <guid>guid:5733966303c98ceb:54e7d30:18fe44fdd7b:-6f7c</guid>
            <versionId>9f04e71f-64d0-4e5b-a4fa-3a7ac05f1f1f</versionId>
            <externalServiceRef isNull="true" />
            <externalServiceOp isNull="true" />
            <nodeColor isNull="true" />
            <processPrePosts>
                <lastModified isNull="true" />
                <lastModifiedBy isNull="true" />
                <tenantId isNull="true" />
                <processItemPrePostId>2029.6f2106e8-e19a-41d7-ac3d-718572b689dd</processItemPrePostId>
                <processItemId>2025.7830ce34-c616-45a1-88ba-af0dd544c057</processItemId>
                <location>1</location>
                <script>tw.local.docID = tw.local.docID.replace("/={", "idv_");
tw.local.docID = tw.local.docID.replace("}", "");</script>
                <guid>guid:6f2106e8-e19a-41d7-ac3d-718572b689dd</guid>
                <versionId>a208f670-064d-475e-9fa6-ff2509819fe2</versionId>
            </processPrePosts>
            <layoutData x="323" y="199">
                <errorLink>
                    <controlPoints />
                    <showEndState>false</showEndState>
                    <showName>false</showName>
                </errorLink>
            </layoutData>
            <TWComponent>
                <lastModified isNull="true" />
                <lastModifiedBy isNull="true" />
                <tenantId isNull="true" />
                <ecmConnectorId>3030.a5f4c90a-06e9-4e77-940d-c9d1d8f2dc28</ecmConnectorId>
                <definition>&lt;config type="com.lombardisoftware.client.persistence.ECMConnectorConfiguration"&gt;
  &lt;inputParameters&gt;
    &lt;parameter&gt;
      &lt;name&gt;documentId&lt;/name&gt;
      &lt;type&gt;ECMID&lt;/type&gt;
      &lt;description /&gt;
      &lt;defaultValue /&gt;
      &lt;argumentVariable&gt;tw.local.docID&lt;/argumentVariable&gt;
      &lt;isArray /&gt;
      &lt;isList&gt;false&lt;/isList&gt;
    &lt;/parameter&gt;
    &lt;parameter&gt;
      &lt;name&gt;serverName&lt;/name&gt;
      &lt;type&gt;String&lt;/type&gt;
      &lt;description /&gt;
      &lt;defaultValue /&gt;
      &lt;isArray /&gt;
      &lt;isList&gt;false&lt;/isList&gt;
    &lt;/parameter&gt;
  &lt;/inputParameters&gt;
  &lt;outputParameters&gt;
    &lt;parameter&gt;
      &lt;name&gt;document&lt;/name&gt;
      &lt;type&gt;ECMDocument&lt;/type&gt;
      &lt;description /&gt;
      &lt;defaultValue /&gt;
      &lt;argumentVariable&gt;tw.local.document&lt;/argumentVariable&gt;
      &lt;isArray /&gt;
      &lt;isList&gt;false&lt;/isList&gt;
    &lt;/parameter&gt;
  &lt;/outputParameters&gt;
  &lt;matchAllSearchCriteria&gt;true&lt;/matchAllSearchCriteria&gt;
  &lt;searchParameters /&gt;
  &lt;selectParameters /&gt;
  &lt;orderOverride&gt;false&lt;/orderOverride&gt;
  &lt;orderOverrideValue /&gt;
  &lt;operationType&gt;DOC_OP_GET_DOCUMENT&lt;/operationType&gt;
  &lt;server&gt;IBM_TargetObjectStore&lt;/server&gt;
  &lt;objectTypeSelection&gt;DOCUMENT&lt;/objectTypeSelection&gt;
  &lt;useMappedVariable&gt;true&lt;/useMappedVariable&gt;
&lt;/config&gt;</definition>
                <guid>guid:a5f4c90a-06e9-4e77-940d-c9d1d8f2dc28</guid>
                <versionId>a2078bfa-28b5-4642-8a83-13e3a60c319e</versionId>
            </TWComponent>
        </item>
        <item>
            <lastModified isNull="true" />
            <lastModifiedBy isNull="true" />
            <tenantId isNull="true" />
            <processItemId>2025.88209e13-f6f9-4836-8876-476d420f82f9</processItemId>
            <processId>1.51ae1589-58f2-4bc7-bf71-d5953c0850ac</processId>
            <name>End</name>
            <tWComponentName>ExitPoint</tWComponentName>
            <tWComponentId>3008.082cf343-776e-4dc7-be53-fe0d3bb48d7c</tWComponentId>
            <isLogEnabled>false</isLogEnabled>
            <isTraceEnabled>false</isTraceEnabled>
            <traceCategory isNull="true" />
            <traceLevel isNull="true" />
            <traceMessage isNull="true" />
            <traceSymbolTable isNull="true" />
            <isExecutionContextTraced>false</isExecutionContextTraced>
            <saveExecutionContext>true</saveExecutionContext>
            <documentation isNull="true" />
            <isErrorHandlerEnabled>false</isErrorHandlerEnabled>
            <errorHandlerItemId isNull="true" />
            <guid>guid:5733966303c98ceb:54e7d30:18fe44fdd7b:-706b</guid>
            <versionId>f071ec7f-68e0-474d-b962-96d0fa4a65ab</versionId>
            <externalServiceRef isNull="true" />
            <externalServiceOp isNull="true" />
            <nodeColor isNull="true" />
            <layoutData x="650" y="80">
                <errorLink>
                    <controlPoints />
                    <showEndState>false</showEndState>
                    <showName>false</showName>
                </errorLink>
            </layoutData>
            <TWComponent>
                <lastModified isNull="true" />
                <lastModifiedBy isNull="true" />
                <tenantId isNull="true" />
                <exitPointId>3008.082cf343-776e-4dc7-be53-fe0d3bb48d7c</exitPointId>
                <haltProcess>false</haltProcess>
                <guid>guid:082cf343-776e-4dc7-be53-fe0d3bb48d7c</guid>
                <versionId>0292d331-6544-4f79-a71b-c180e3f7e97f</versionId>
            </TWComponent>
        </item>
        <startingProcessItemId>2025.7830ce34-c616-45a1-88ba-af0dd544c057</startingProcessItemId>
        <errorHandlerItemId isNull="true" />
        <layoutData noConversion="true">
            <errorLink>
                <controlPoints />
                <showEndState>false</showEndState>
                <showName>false</showName>
            </errorLink>
        </layoutData>
        <startPoint>
            <layoutData x="25" y="80">
                <errorLink>
                    <controlPoints />
                    <showEndState>false</showEndState>
                    <showName>false</showName>
                </errorLink>
            </layoutData>
        </startPoint>
        <startLink>
            <fromPort locationId="rightCenter" portType="1" />
            <toPort locationId="leftCenter" portType="2" />
            <layoutData>
                <controlPoints />
                <showEndState>false</showEndState>
                <showName>false</showName>
            </layoutData>
        </startLink>
        <bpmn2Model>
            <ns16:definitions xmlns:ns16="http://www.omg.org/spec/BPMN/20100524/MODEL" xmlns:ns2="http://www.ibm.com/xmlns/prod/bpm/bpmn/ext/process" xmlns:ns3="http://www.ibm.com/xmlns/prod/bpm/bpmn/ext/process/wle" xmlns:ns4="http://www.ibm.com/xmlns/prod/bpm/bpmn/ext/process/case" xmlns:ns5="http://www.ibm.com/bpm/Extensions" xmlns:ns6="http://www.ibm.com/xmlns/prod/bpm/uca" xmlns:ns7="http://www.ibm.com/xmlns/prod/bpm/bpmn/ext/team" xmlns:ns8="http://www.ibm.com/xmlns/prod/bpm/bpmn/ext/trackinggroup" xmlns:ns9="http://www.ibm.com/xmlns/bpmnx/20100524/v1/BusinessVocabulary" xmlns:ns10="http://www.omg.org/spec/DD/20100524/DI" xmlns:ns11="http://www.omg.org/spec/DD/20100524/DC" xmlns:ns12="http://www.omg.org/spec/BPMN/20100524/BPMNDI" xmlns:ns13="http://www.ibm.com/xmlns/prod/bpm/graph" xmlns:ns14="http://www.ibm.com/xmlns/prod/bpm/bpmn/ext/process/auth" xmlns:ns15="http://www.ibm.com/xmlns/prod/bpm/bpmn/ext/extservice" xmlns:ns17="http://www.ibm.com/bpm/processappsettings" xmlns:ns18="http://www.ibm.com/xmlns/links" xmlns:ns19="http://www.ibm.com/bpm/CoachDesignerNG" xmlns:ns20="http://www.ibm.com/xmlns/tagging" xmlns:ns21="http://www.ibm.com/bpm/uitheme" xmlns:ns22="http://www.ibm.com/bpm/coachview" targetNamespace="" expressionLanguage="http://www.ibm.com/xmlns/prod/bpm/expression-lang/javascript" typeLanguage="http://www.w3.org/2001/XMLSchema">
                <ns16:process name="Retrieve Original Doc" id="1.51ae1589-58f2-4bc7-bf71-d5953c0850ac" ns2:executionMode="microflow">
                    <ns16:documentation textFormat="text/plain" />
                    <ns16:extensionElements>
                        <ns2:isSecured>true</ns2:isSecured>
                        <ns2:isAjaxExposed>true</ns2:isAjaxExposed>
                        <ns2:isTransactionalFlow>false</ns2:isTransactionalFlow>
                        <ns2:sboSyncEnabled>true</ns2:sboSyncEnabled>
                        <ns2:isInvokedAsynchronously>false</ns2:isInvokedAsynchronously>
                    </ns16:extensionElements>
                    <ns16:ioSpecification>
                        <ns16:dataInput name="docID" itemSubjectRef="itm.12.db884a3c-c533-44b7-bb2d-47bec8ad4022" isCollection="false" id="2055.a3552efe-b73a-4c1f-8cae-1e9146b04f5a">
                            <ns16:extensionElements>
                                <ns2:defaultValue useDefault="true">"/={90270C80-0005-C10A-BD76-377D21752326}"</ns2:defaultValue>
                            </ns16:extensionElements>
                        </ns16:dataInput>
                        <ns16:dataOutput name="document" itemSubjectRef="itm.12.490f939c-3c6d-4ef7-9707-33b5b618877a" isCollection="false" id="2055.9cd21ff1-8da6-4513-8a21-2c36fc0814f7" />
                        <ns16:inputSet>
                            <ns16:dataInputRefs>2055.a3552efe-b73a-4c1f-8cae-1e9146b04f5a</ns16:dataInputRefs>
                        </ns16:inputSet>
                        <ns16:outputSet />
                    </ns16:ioSpecification>
                    <ns16:laneSet id="9912d01a-0475-452f-8fc7-3585185ad087">
                        <ns16:lane name="System" partitionElementRef="24.6fd38d02-81cf-48ab-bd42-8ff4c0a1628b" id="96bacda2-2add-4948-8fb5-0967b1386528" ns3:isSystemLane="true">
                            <ns16:extensionElements>
                                <ns13:nodeVisualInfo x="0" y="0" width="3000" height="500" color="#F8F8F8" />
                            </ns16:extensionElements>
                            <ns16:flowNodeRef>c69ed2f0-3bf0-4e98-841e-3a3265b42f74</ns16:flowNodeRef>
                            <ns16:flowNodeRef>88209e13-f6f9-4836-8876-476d420f82f9</ns16:flowNodeRef>
                            <ns16:flowNodeRef>7830ce34-c616-45a1-88ba-af0dd544c057</ns16:flowNodeRef>
                        </ns16:lane>
                    </ns16:laneSet>
                    <ns16:startEvent isInterrupting="false" parallelMultiple="false" name="Start" id="c69ed2f0-3bf0-4e98-841e-3a3265b42f74">
                        <ns16:extensionElements>
                            <ns13:nodeVisualInfo x="25" y="80" width="24" height="24" color="#F8F8F8" />
                        </ns16:extensionElements>
                        <ns16:outgoing>2027.9d3ae22e-21e2-49fd-8d6a-754397a4d556</ns16:outgoing>
                    </ns16:startEvent>
                    <ns16:endEvent name="End" id="88209e13-f6f9-4836-8876-476d420f82f9">
                        <ns16:extensionElements>
                            <ns13:nodeVisualInfo x="650" y="80" width="24" height="24" color="#F8F8F8" />
                            <ns3:saveExecutionContext>true</ns3:saveExecutionContext>
                            <ns2:endStateId>guid:5733966303c98ceb:54e7d30:18fe44fdd7b:-706b</ns2:endStateId>
                        </ns16:extensionElements>
                        <ns16:incoming>3af2cbae-04e6-49d6-8665-e17048981d94</ns16:incoming>
                    </ns16:endEvent>
                    <ns16:sequenceFlow sourceRef="c69ed2f0-3bf0-4e98-841e-3a3265b42f74" targetRef="7830ce34-c616-45a1-88ba-af0dd544c057" name="To Content integration 1" id="2027.9d3ae22e-21e2-49fd-8d6a-754397a4d556">
                        <ns16:extensionElements>
                            <ns13:linkVisualInfo>
                                <ns13:sourcePortLocation>rightCenter</ns13:sourcePortLocation>
                                <ns13:targetPortLocation>leftCenter</ns13:targetPortLocation>
                                <ns13:showLabel>false</ns13:showLabel>
                                <ns13:showCoachControlLabel>false</ns13:showCoachControlLabel>
                                <ns13:labelPosition>0.0</ns13:labelPosition>
                                <ns13:saveExecutionContext>false</ns13:saveExecutionContext>
                            </ns13:linkVisualInfo>
                        </ns16:extensionElements>
                    </ns16:sequenceFlow>
                    <ns3:contentTask serverName="IBM_TargetObjectStore" operationRef="DOC_OP_GET_DOCUMENT" name="Content integration 1" id="7830ce34-c616-45a1-88ba-af0dd544c057">
                        <ns16:extensionElements>
                            <ns13:nodeVisualInfo x="323" y="199" width="95" height="70" color="#defbe6" />
                            <ns3:activityType>ContentTask</ns3:activityType>
                            <ns2:preAssignmentScript>tw.local.docID = tw.local.docID.replace("/={", "idv_");
tw.local.docID = tw.local.docID.replace("}", "");</ns2:preAssignmentScript>
                        </ns16:extensionElements>
                        <ns16:incoming>2027.9d3ae22e-21e2-49fd-8d6a-754397a4d556</ns16:incoming>
                        <ns16:outgoing>3af2cbae-04e6-49d6-8665-e17048981d94</ns16:outgoing>
                        <ns16:dataInputAssociation>
                            <ns16:targetRef>DOCUMENT_ID</ns16:targetRef>
                            <ns16:assignment>
                                <ns16:from xmlns:xsi="http://www.w3.org/2001/XMLSchema-instance" xsi:type="ns16:tFormalExpression" evaluatesToTypeRef="itm.12.db884a3c-c533-44b7-bb2d-47bec8ad4022">tw.local.docID</ns16:from>
                            </ns16:assignment>
                        </ns16:dataInputAssociation>
                        <ns16:dataOutputAssociation>
                            <ns16:sourceRef>CONTENT_STREAM</ns16:sourceRef>
                            <ns16:assignment>
                                <ns16:to xmlns:xsi="http://www.w3.org/2001/XMLSchema-instance" xsi:type="ns16:tFormalExpression" evaluatesToTypeRef="itm.12.918ac73f-6d4a-415e-ad3d-72dfa1b01abf">tw.local.contentStream</ns16:to>
                            </ns16:assignment>
                        </ns16:dataOutputAssociation>
                        <ns16:dataOutputAssociation>
                            <ns16:sourceRef>DOCUMENT</ns16:sourceRef>
                            <ns16:assignment>
                                <ns16:to xmlns:xsi="http://www.w3.org/2001/XMLSchema-instance" xsi:type="ns16:tFormalExpression" evaluatesToTypeRef="itm.12.490f939c-3c6d-4ef7-9707-33b5b618877a">tw.local.document</ns16:to>
                            </ns16:assignment>
                        </ns16:dataOutputAssociation>
                    </ns3:contentTask>
                    <ns16:sequenceFlow sourceRef="7830ce34-c616-45a1-88ba-af0dd544c057" targetRef="88209e13-f6f9-4836-8876-476d420f82f9" name="To End" id="3af2cbae-04e6-49d6-8665-e17048981d94">
                        <ns16:extensionElements>
                            <ns2:sequenceFlowImplementation sboSyncEnabled="true" />
                            <ns13:linkVisualInfo>
                                <ns13:sourcePortLocation>rightCenter</ns13:sourcePortLocation>
                                <ns13:targetPortLocation>leftCenter</ns13:targetPortLocation>
                                <ns13:showLabel>false</ns13:showLabel>
                                <ns13:showCoachControlLabel>false</ns13:showCoachControlLabel>
                                <ns13:labelPosition>0.0</ns13:labelPosition>
                                <ns13:saveExecutionContext>true</ns13:saveExecutionContext>
                            </ns13:linkVisualInfo>
                        </ns16:extensionElements>
                    </ns16:sequenceFlow>
                </ns16:process>
            </ns16:definitions>
        </bpmn2Model>
        <link name="To End">
            <lastModified isNull="true" />
            <lastModifiedBy isNull="true" />
            <tenantId isNull="true" />
            <processLinkId>2027.3af2cbae-04e6-49d6-8665-e17048981d94</processLinkId>
            <processId>1.51ae1589-58f2-4bc7-bf71-d5953c0850ac</processId>
            <description isNull="true" />
            <fromProcessItemId>2025.7830ce34-c616-45a1-88ba-af0dd544c057</fromProcessItemId>
            <endStateId>Out</endStateId>
            <toProcessItemId>2025.88209e13-f6f9-4836-8876-476d420f82f9</toProcessItemId>
            <guid>guid:67e19520-729d-4ee8-912e-43aa2472b558</guid>
            <versionId>ca0bed27-12ec-4095-b5d8-5c8bd855b588</versionId>
            <layoutData>
                <controlPoints />
                <showEndState>false</showEndState>
                <showName>false</showName>
            </layoutData>
            <fromItemPort locationId="rightCenter" portType="1" />
            <toItemPort locationId="leftCenter" portType="2" />
            <fromProcessItemId>2025.7830ce34-c616-45a1-88ba-af0dd544c057</fromProcessItemId>
            <toProcessItemId>2025.88209e13-f6f9-4836-8876-476d420f82f9</toProcessItemId>
        </link>
    </process>
</teamworks>

