<?xml version="1.0" encoding="UTF-8"?>
<teamworks>
    <process id="1.5747d7e8-12da-497a-a523-ed58d5776aab" name="Create Claims Service">
        <lastModified>1717774401676</lastModified>
        <lastModifiedBy>cp4admin</lastModifiedBy>
        <tenantId isNull="true" />
        <processId>1.5747d7e8-12da-497a-a523-ed58d5776aab</processId>
        <image isNull="true" />
        <tabGroup isNull="true" />
        <startingProcessItemId>2025.90d5a2d4-01e6-4460-8a6a-b236be96c66a</startingProcessItemId>
        <isRootProcess>false</isRootProcess>
        <processType>12</processType>
        <isErrorHandlerEnabled>false</isErrorHandlerEnabled>
        <errorHandlerItemId isNull="true" />
        <isLoggingVariables>false</isLoggingVariables>
        <isTransactional>false</isTransactional>
        <processTimingLevel isNull="true" />
        <participantRef isNull="true" />
        <exposedType>0</exposedType>
        <isTrackingEnabled>true</isTrackingEnabled>
        <xmlData isNull="true" />
        <cachingType>false</cachingType>
        <itemLabel isNull="true" />
        <cacheLength>0</cacheLength>
        <mobileReady>false</mobileReady>
        <sboSyncEnabled>true</sboSyncEnabled>
        <externalId isNull="true" />
        <isSecured>true</isSecured>
        <isAjaxExposed>true</isAjaxExposed>
        <isInvokedAsynchronously>false</isInvokedAsynchronously>
        <isTransactionalFlow>false</isTransactionalFlow>
        <description isNull="true" />
        <guid>guid:5733966303c98ceb:54e7d30:18fe44fdd7b:-7987</guid>
        <versionId>4a0e46d5-3f00-4511-bcb4-b3e253f3bdfa</versionId>
        <dependencySummary>&lt;dependencySummary id="bpdid:5733966303c98ceb:54e7d30:18fe44fdd7b:-7983" /&gt;</dependencySummary>
        <jsonData>{"rootElement":[{"flowElement":[{"parallelMultiple":false,"outgoing":["2027.17aa9c46-11dc-4771-8d1b-29763a75372d"],"isInterrupting":false,"extensionElements":{"nodeVisualInfo":[{"color":"#F8F8F8","width":24,"x":25,"y":80,"declaredType":"TNodeVisualInfo","height":24}]},"name":"Start","declaredType":"startEvent","id":"1891a20f-40bf-4285-8be9-7007a1635d74"},{"incoming":["2027.17aa9c46-11dc-4771-8d1b-29763a75372d"],"extensionElements":{"nodeVisualInfo":[{"color":"#F8F8F8","width":24,"x":650,"y":80,"declaredType":"TNodeVisualInfo","height":24}],"endStateId":["guid:5733966303c98ceb:54e7d30:18fe44fdd7b:-7985"],"saveExecutionContext":[true]},"name":"End","declaredType":"endEvent","id":"90d5a2d4-01e6-4460-8a6a-b236be96c66a"},{"targetRef":"90d5a2d4-01e6-4460-8a6a-b236be96c66a","extensionElements":{"linkVisualInfo":[{"sourcePortLocation":"rightCenter","showCoachControlLabel":false,"labelPosition":0.0,"targetPortLocation":"leftCenter","declaredType":"TLinkVisualInfo","saveExecutionContext":false,"showLabel":false}]},"name":"To End","declaredType":"sequenceFlow","id":"2027.17aa9c46-11dc-4771-8d1b-29763a75372d","sourceRef":"1891a20f-40bf-4285-8be9-7007a1635d74"}],"laneSet":[{"id":"24aa479a-448b-45ce-8177-9a822fabb494","lane":[{"flowNodeRef":["1891a20f-40bf-4285-8be9-7007a1635d74","90d5a2d4-01e6-4460-8a6a-b236be96c66a"],"extensionElements":{"nodeVisualInfo":[{"color":"#F8F8F8","width":3000,"x":0,"y":0,"declaredType":"TNodeVisualInfo","height":500}]},"name":"System","partitionElementRef":"24.6fd38d02-81cf-48ab-bd42-8ff4c0a1628b","declaredType":"lane","id":"7d0772e7-f97f-4d57-8598-77961a95be84","otherAttributes":{"{http:\/\/www.ibm.com\/xmlns\/prod\/bpm\/bpmn\/ext\/process\/wle}isSystemLane":"true"}}]}],"isClosed":false,"extensionElements":{"isSecured":[true],"isAjaxExposed":[true],"isTransactionalFlow":[false],"sboSyncEnabled":[true],"isInvokedAsynchronously":[false]},"documentation":[{"textFormat":"text\/plain"}],"name":"Create Claims Service","declaredType":"process","id":"1.5747d7e8-12da-497a-a523-ed58d5776aab","processType":"None","otherAttributes":{"{http:\/\/www.ibm.com\/xmlns\/prod\/bpm\/bpmn\/ext\/process}executionMode":"microflow"},"ioSpecification":{"inputSet":[{"dataInputRefs":["2055.dfc67746-0069-43eb-810c-da5d4b67df74","2055.95a589d8-7963-4942-8356-b5df8ad4f1e1","2055.4830eb27-279e-4996-8a88-480aab73bdcc","2055.d45a9f51-2cc5-4d8c-8e4e-df6d854eb5cf","2055.ad5042dc-db42-47c1-868c-6281e263641f"]}],"outputSet":[{}],"dataInput":[{"itemSubjectRef":"itm.12.db884a3c-c533-44b7-bb2d-47bec8ad4022","name":"Location","isCollection":false,"id":"2055.dfc67746-0069-43eb-810c-da5d4b67df74"},{"itemSubjectRef":"itm.12.db884a3c-c533-44b7-bb2d-47bec8ad4022","name":"FullName","isCollection":false,"id":"2055.95a589d8-7963-4942-8356-b5df8ad4f1e1"},{"itemSubjectRef":"itm.12.db884a3c-c533-44b7-bb2d-47bec8ad4022","name":"DateIncident","isCollection":false,"id":"2055.4830eb27-279e-4996-8a88-480aab73bdcc"},{"itemSubjectRef":"itm.12.db884a3c-c533-44b7-bb2d-47bec8ad4022","name":"Type","isCollection":false,"id":"2055.d45a9f51-2cc5-4d8c-8e4e-df6d854eb5cf"},{"itemSubjectRef":"itm.12.db884a3c-c533-44b7-bb2d-47bec8ad4022","name":"Witness","isCollection":false,"id":"2055.ad5042dc-db42-47c1-868c-6281e263641f"}]}}],"targetNamespace":"","typeLanguage":"http:\/\/www.w3.org\/2001\/XMLSchema","expressionLanguage":"http:\/\/www.ibm.com\/xmlns\/prod\/bpm\/expression-lang\/javascript"}</jsonData>
        <field1 isNull="true" />
        <field2 isNull="true" />
        <field3>0</field3>
        <field4 isNull="true" />
        <field5>false</field5>
        <clobField1 isNull="true" />
        <blobField1 isNull="true" />
        <processParameter name="Location">
            <lastModified isNull="true" />
            <lastModifiedBy isNull="true" />
            <tenantId isNull="true" />
            <processParameterId>2055.dfc67746-0069-43eb-810c-da5d4b67df74</processParameterId>
            <processId>1.5747d7e8-12da-497a-a523-ed58d5776aab</processId>
            <parameterType>1</parameterType>
            <isArrayOf>false</isArrayOf>
            <classId>f9bfad03-1cba-408d-921f-41cfbdd4600c/12.db884a3c-c533-44b7-bb2d-47bec8ad4022</classId>
            <seq>1</seq>
            <hasDefault>false</hasDefault>
            <defaultValue isNull="true" />
            <isLocked>false</isLocked>
            <description isNull="true" />
            <guid>guid:f82a08eb-f78c-4145-947b-6a7219eaf40c</guid>
            <versionId>96bfcc95-3418-4f02-a631-43ea5bcb78b8</versionId>
        </processParameter>
        <processParameter name="FullName">
            <lastModified isNull="true" />
            <lastModifiedBy isNull="true" />
            <tenantId isNull="true" />
            <processParameterId>2055.95a589d8-7963-4942-8356-b5df8ad4f1e1</processParameterId>
            <processId>1.5747d7e8-12da-497a-a523-ed58d5776aab</processId>
            <parameterType>1</parameterType>
            <isArrayOf>false</isArrayOf>
            <classId>f9bfad03-1cba-408d-921f-41cfbdd4600c/12.db884a3c-c533-44b7-bb2d-47bec8ad4022</classId>
            <seq>2</seq>
            <hasDefault>false</hasDefault>
            <defaultValue isNull="true" />
            <isLocked>false</isLocked>
            <description isNull="true" />
            <guid>guid:3eb58960-674e-4b89-abdd-138c111abe86</guid>
            <versionId>3ce95317-4eba-4acc-a923-ede054eb0ac4</versionId>
        </processParameter>
        <processParameter name="DateIncident">
            <lastModified isNull="true" />
            <lastModifiedBy isNull="true" />
            <tenantId isNull="true" />
            <processParameterId>2055.4830eb27-279e-4996-8a88-480aab73bdcc</processParameterId>
            <processId>1.5747d7e8-12da-497a-a523-ed58d5776aab</processId>
            <parameterType>1</parameterType>
            <isArrayOf>false</isArrayOf>
            <classId>f9bfad03-1cba-408d-921f-41cfbdd4600c/12.db884a3c-c533-44b7-bb2d-47bec8ad4022</classId>
            <seq>3</seq>
            <hasDefault>false</hasDefault>
            <defaultValue isNull="true" />
            <isLocked>false</isLocked>
            <description isNull="true" />
            <guid>guid:cd12d240-56d8-4519-a813-0b1191f26d2a</guid>
            <versionId>eb70ebf6-ca62-472b-9c0c-a4b0a493d338</versionId>
        </processParameter>
        <processParameter name="Type">
            <lastModified isNull="true" />
            <lastModifiedBy isNull="true" />
            <tenantId isNull="true" />
            <processParameterId>2055.d45a9f51-2cc5-4d8c-8e4e-df6d854eb5cf</processParameterId>
            <processId>1.5747d7e8-12da-497a-a523-ed58d5776aab</processId>
            <parameterType>1</parameterType>
            <isArrayOf>false</isArrayOf>
            <classId>f9bfad03-1cba-408d-921f-41cfbdd4600c/12.db884a3c-c533-44b7-bb2d-47bec8ad4022</classId>
            <seq>4</seq>
            <hasDefault>false</hasDefault>
            <defaultValue isNull="true" />
            <isLocked>false</isLocked>
            <description isNull="true" />
            <guid>guid:dcdb6578-16e0-45c7-9de0-b6a66336ba3e</guid>
            <versionId>699972f6-8d63-4da7-972a-16d33231a778</versionId>
        </processParameter>
        <processParameter name="Witness">
            <lastModified isNull="true" />
            <lastModifiedBy isNull="true" />
            <tenantId isNull="true" />
            <processParameterId>2055.ad5042dc-db42-47c1-868c-6281e263641f</processParameterId>
            <processId>1.5747d7e8-12da-497a-a523-ed58d5776aab</processId>
            <parameterType>1</parameterType>
            <isArrayOf>false</isArrayOf>
            <classId>f9bfad03-1cba-408d-921f-41cfbdd4600c/12.db884a3c-c533-44b7-bb2d-47bec8ad4022</classId>
            <seq>5</seq>
            <hasDefault>false</hasDefault>
            <defaultValue isNull="true" />
            <isLocked>false</isLocked>
            <description isNull="true" />
            <guid>guid:c3398dbe-fff1-48d2-8f40-b9cd01d70530</guid>
            <versionId>48ac4b04-6e40-4b2b-bbc5-55a42b1094e5</versionId>
        </processParameter>
        <item>
            <lastModified isNull="true" />
            <lastModifiedBy isNull="true" />
            <tenantId isNull="true" />
            <processItemId>2025.90d5a2d4-01e6-4460-8a6a-b236be96c66a</processItemId>
            <processId>1.5747d7e8-12da-497a-a523-ed58d5776aab</processId>
            <name>End</name>
            <tWComponentName>ExitPoint</tWComponentName>
            <tWComponentId>3008.27c07a4a-eaab-48f4-9ea0-20929d67bc1e</tWComponentId>
            <isLogEnabled>false</isLogEnabled>
            <isTraceEnabled>false</isTraceEnabled>
            <traceCategory isNull="true" />
            <traceLevel isNull="true" />
            <traceMessage isNull="true" />
            <traceSymbolTable isNull="true" />
            <isExecutionContextTraced>false</isExecutionContextTraced>
            <saveExecutionContext>true</saveExecutionContext>
            <documentation isNull="true" />
            <isErrorHandlerEnabled>false</isErrorHandlerEnabled>
            <errorHandlerItemId isNull="true" />
            <guid>guid:5733966303c98ceb:54e7d30:18fe44fdd7b:-7985</guid>
            <versionId>2db263db-6045-4cb1-bcb1-69f91d836470</versionId>
            <externalServiceRef isNull="true" />
            <externalServiceOp isNull="true" />
            <nodeColor isNull="true" />
            <layoutData x="650" y="80">
                <errorLink>
                    <controlPoints />
                    <showEndState>false</showEndState>
                    <showName>false</showName>
                </errorLink>
            </layoutData>
            <TWComponent>
                <lastModified isNull="true" />
                <lastModifiedBy isNull="true" />
                <tenantId isNull="true" />
                <exitPointId>3008.27c07a4a-eaab-48f4-9ea0-20929d67bc1e</exitPointId>
                <haltProcess>false</haltProcess>
                <guid>guid:27c07a4a-eaab-48f4-9ea0-20929d67bc1e</guid>
                <versionId>29778f6c-a36a-4f3b-818d-82572a96b553</versionId>
            </TWComponent>
        </item>
        <startingProcessItemId>2025.90d5a2d4-01e6-4460-8a6a-b236be96c66a</startingProcessItemId>
        <errorHandlerItemId isNull="true" />
        <layoutData noConversion="true">
            <errorLink>
                <controlPoints />
                <showEndState>false</showEndState>
                <showName>false</showName>
            </errorLink>
        </layoutData>
        <startPoint>
            <layoutData x="25" y="80">
                <errorLink>
                    <controlPoints />
                    <showEndState>false</showEndState>
                    <showName>false</showName>
                </errorLink>
            </layoutData>
        </startPoint>
        <startLink>
            <fromPort locationId="rightCenter" portType="1" />
            <toPort locationId="leftCenter" portType="2" />
            <layoutData>
                <controlPoints />
                <showEndState>false</showEndState>
                <showName>false</showName>
            </layoutData>
        </startLink>
        <bpmn2Model>
            <ns16:definitions xmlns:ns16="http://www.omg.org/spec/BPMN/20100524/MODEL" xmlns:ns2="http://www.ibm.com/xmlns/prod/bpm/bpmn/ext/process" xmlns:ns3="http://www.ibm.com/xmlns/prod/bpm/bpmn/ext/process/wle" xmlns:ns4="http://www.ibm.com/xmlns/prod/bpm/bpmn/ext/process/case" xmlns:ns5="http://www.ibm.com/bpm/Extensions" xmlns:ns6="http://www.ibm.com/xmlns/prod/bpm/uca" xmlns:ns7="http://www.ibm.com/xmlns/prod/bpm/bpmn/ext/team" xmlns:ns8="http://www.ibm.com/xmlns/prod/bpm/bpmn/ext/trackinggroup" xmlns:ns9="http://www.ibm.com/xmlns/bpmnx/20100524/v1/BusinessVocabulary" xmlns:ns10="http://www.omg.org/spec/DD/20100524/DI" xmlns:ns11="http://www.omg.org/spec/DD/20100524/DC" xmlns:ns12="http://www.omg.org/spec/BPMN/20100524/BPMNDI" xmlns:ns13="http://www.ibm.com/xmlns/prod/bpm/graph" xmlns:ns14="http://www.ibm.com/xmlns/prod/bpm/bpmn/ext/process/auth" xmlns:ns15="http://www.ibm.com/xmlns/prod/bpm/bpmn/ext/extservice" xmlns:ns17="http://www.ibm.com/bpm/processappsettings" xmlns:ns18="http://www.ibm.com/xmlns/links" xmlns:ns19="http://www.ibm.com/bpm/CoachDesignerNG" xmlns:ns20="http://www.ibm.com/xmlns/tagging" xmlns:ns21="http://www.ibm.com/bpm/uitheme" xmlns:ns22="http://www.ibm.com/bpm/coachview" targetNamespace="" expressionLanguage="http://www.ibm.com/xmlns/prod/bpm/expression-lang/javascript" typeLanguage="http://www.w3.org/2001/XMLSchema">
                <ns16:process name="Create Claims Service" id="1.5747d7e8-12da-497a-a523-ed58d5776aab" ns2:executionMode="microflow">
                    <ns16:documentation textFormat="text/plain" />
                    <ns16:extensionElements>
                        <ns2:isSecured>true</ns2:isSecured>
                        <ns2:isAjaxExposed>true</ns2:isAjaxExposed>
                        <ns2:isTransactionalFlow>false</ns2:isTransactionalFlow>
                        <ns2:sboSyncEnabled>true</ns2:sboSyncEnabled>
                        <ns2:isInvokedAsynchronously>false</ns2:isInvokedAsynchronously>
                    </ns16:extensionElements>
                    <ns16:ioSpecification>
                        <ns16:dataInput name="Location" itemSubjectRef="itm.12.db884a3c-c533-44b7-bb2d-47bec8ad4022" isCollection="false" id="2055.dfc67746-0069-43eb-810c-da5d4b67df74" />
                        <ns16:dataInput name="FullName" itemSubjectRef="itm.12.db884a3c-c533-44b7-bb2d-47bec8ad4022" isCollection="false" id="2055.95a589d8-7963-4942-8356-b5df8ad4f1e1" />
                        <ns16:dataInput name="DateIncident" itemSubjectRef="itm.12.db884a3c-c533-44b7-bb2d-47bec8ad4022" isCollection="false" id="2055.4830eb27-279e-4996-8a88-480aab73bdcc" />
                        <ns16:dataInput name="Type" itemSubjectRef="itm.12.db884a3c-c533-44b7-bb2d-47bec8ad4022" isCollection="false" id="2055.d45a9f51-2cc5-4d8c-8e4e-df6d854eb5cf" />
                        <ns16:dataInput name="Witness" itemSubjectRef="itm.12.db884a3c-c533-44b7-bb2d-47bec8ad4022" isCollection="false" id="2055.ad5042dc-db42-47c1-868c-6281e263641f" />
                        <ns16:inputSet>
                            <ns16:dataInputRefs>2055.dfc67746-0069-43eb-810c-da5d4b67df74</ns16:dataInputRefs>
                            <ns16:dataInputRefs>2055.95a589d8-7963-4942-8356-b5df8ad4f1e1</ns16:dataInputRefs>
                            <ns16:dataInputRefs>2055.4830eb27-279e-4996-8a88-480aab73bdcc</ns16:dataInputRefs>
                            <ns16:dataInputRefs>2055.d45a9f51-2cc5-4d8c-8e4e-df6d854eb5cf</ns16:dataInputRefs>
                            <ns16:dataInputRefs>2055.ad5042dc-db42-47c1-868c-6281e263641f</ns16:dataInputRefs>
                        </ns16:inputSet>
                        <ns16:outputSet />
                    </ns16:ioSpecification>
                    <ns16:laneSet id="24aa479a-448b-45ce-8177-9a822fabb494">
                        <ns16:lane name="System" partitionElementRef="24.6fd38d02-81cf-48ab-bd42-8ff4c0a1628b" id="7d0772e7-f97f-4d57-8598-77961a95be84" ns3:isSystemLane="true">
                            <ns16:extensionElements>
                                <ns13:nodeVisualInfo x="0" y="0" width="3000" height="500" color="#F8F8F8" />
                            </ns16:extensionElements>
                            <ns16:flowNodeRef>1891a20f-40bf-4285-8be9-7007a1635d74</ns16:flowNodeRef>
                            <ns16:flowNodeRef>90d5a2d4-01e6-4460-8a6a-b236be96c66a</ns16:flowNodeRef>
                        </ns16:lane>
                    </ns16:laneSet>
                    <ns16:startEvent isInterrupting="false" parallelMultiple="false" name="Start" id="1891a20f-40bf-4285-8be9-7007a1635d74">
                        <ns16:extensionElements>
                            <ns13:nodeVisualInfo x="25" y="80" width="24" height="24" color="#F8F8F8" />
                        </ns16:extensionElements>
                        <ns16:outgoing>2027.17aa9c46-11dc-4771-8d1b-29763a75372d</ns16:outgoing>
                    </ns16:startEvent>
                    <ns16:endEvent name="End" id="90d5a2d4-01e6-4460-8a6a-b236be96c66a">
                        <ns16:extensionElements>
                            <ns13:nodeVisualInfo x="650" y="80" width="24" height="24" color="#F8F8F8" />
                            <ns3:saveExecutionContext>true</ns3:saveExecutionContext>
                            <ns2:endStateId>guid:5733966303c98ceb:54e7d30:18fe44fdd7b:-7985</ns2:endStateId>
                        </ns16:extensionElements>
                        <ns16:incoming>2027.17aa9c46-11dc-4771-8d1b-29763a75372d</ns16:incoming>
                    </ns16:endEvent>
                    <ns16:sequenceFlow sourceRef="1891a20f-40bf-4285-8be9-7007a1635d74" targetRef="90d5a2d4-01e6-4460-8a6a-b236be96c66a" name="To End" id="2027.17aa9c46-11dc-4771-8d1b-29763a75372d">
                        <ns16:extensionElements>
                            <ns13:linkVisualInfo>
                                <ns13:sourcePortLocation>rightCenter</ns13:sourcePortLocation>
                                <ns13:targetPortLocation>leftCenter</ns13:targetPortLocation>
                                <ns13:showLabel>false</ns13:showLabel>
                                <ns13:showCoachControlLabel>false</ns13:showCoachControlLabel>
                                <ns13:labelPosition>0.0</ns13:labelPosition>
                                <ns13:saveExecutionContext>false</ns13:saveExecutionContext>
                            </ns13:linkVisualInfo>
                        </ns16:extensionElements>
                    </ns16:sequenceFlow>
                </ns16:process>
            </ns16:definitions>
        </bpmn2Model>
    </process>
</teamworks>

