<?xml version="1.0" encoding="UTF-8"?>
<teamworks>
    <process id="1.60d69e1f-0ea5-47ca-8f54-97e9c6cfb9f6" name="Extract Transcript Info">
        <lastModified>1714594783981</lastModified>
        <lastModifiedBy>cp4admin</lastModifiedBy>
        <tenantId isNull="true" />
        <processId>1.60d69e1f-0ea5-47ca-8f54-97e9c6cfb9f6</processId>
        <image isNull="true" />
        <tabGroup isNull="true" />
        <startingProcessItemId>2025.b9d3de05-fd86-4170-82c9-a5ed061c0292</startingProcessItemId>
        <isRootProcess>false</isRootProcess>
        <processType>12</processType>
        <isErrorHandlerEnabled>false</isErrorHandlerEnabled>
        <errorHandlerItemId isNull="true" />
        <isLoggingVariables>false</isLoggingVariables>
        <isTransactional>false</isTransactional>
        <processTimingLevel isNull="true" />
        <participantRef isNull="true" />
        <exposedType>0</exposedType>
        <isTrackingEnabled>true</isTrackingEnabled>
        <xmlData isNull="true" />
        <cachingType>false</cachingType>
        <itemLabel isNull="true" />
        <cacheLength>0</cacheLength>
        <mobileReady>false</mobileReady>
        <sboSyncEnabled>true</sboSyncEnabled>
        <externalId isNull="true" />
        <isSecured>false</isSecured>
        <isAjaxExposed>true</isAjaxExposed>
        <isInvokedAsynchronously>false</isInvokedAsynchronously>
        <isTransactionalFlow>false</isTransactionalFlow>
        <description isNull="true" />
        <guid>guid:8b0c8ed1dccfb194:-60544698:18f06b936dc:-7970</guid>
        <versionId>370823ac-fb07-49f8-90ee-2ef1899bcc4f</versionId>
        <dependencySummary>&lt;dependencySummary id="bpdid:8b0c8ed1dccfb194:-60544698:18f06b936dc:-754a" /&gt;</dependencySummary>
        <jsonData>{"rootElement":[{"flowElement":[{"parallelMultiple":false,"outgoing":["2027.6eb942f9-4480-4184-89b3-67e7deaff687"],"isInterrupting":false,"extensionElements":{"nodeVisualInfo":[{"color":"#F8F8F8","width":24,"x":25,"y":80,"declaredType":"TNodeVisualInfo","height":24}]},"name":"Start","declaredType":"startEvent","id":"cf7ac1c1-d263-4f78-8114-02f8d86eb8d6"},{"incoming":["b47c6c3e-9fc5-425c-8786-5918d4776bd8"],"extensionElements":{"nodeVisualInfo":[{"color":"#F8F8F8","width":24,"x":650,"y":80,"declaredType":"TNodeVisualInfo","height":24}],"endStateId":["guid:8b0c8ed1dccfb194:-60544698:18f06b936dc:-796e"],"saveExecutionContext":[true]},"name":"End","declaredType":"endEvent","id":"c8a0b6e3-0296-4424-8a37-ba60e8605021"},{"targetRef":"b9d3de05-fd86-4170-82c9-a5ed061c0292","extensionElements":{"linkVisualInfo":[{"sourcePortLocation":"rightCenter","showCoachControlLabel":false,"labelPosition":0.0,"targetPortLocation":"leftCenter","declaredType":"TLinkVisualInfo","saveExecutionContext":false,"showLabel":false}]},"name":"To Linked service flow","declaredType":"sequenceFlow","id":"2027.6eb942f9-4480-4184-89b3-67e7deaff687","sourceRef":"cf7ac1c1-d263-4f78-8114-02f8d86eb8d6"},{"startQuantity":1,"outgoing":["0ffc6176-8129-4311-8f68-f8639ddc2d47"],"incoming":["2027.6eb942f9-4480-4184-89b3-67e7deaff687"],"extensionElements":{"nodeVisualInfo":[{"width":95,"x":286,"y":57,"declaredType":"TNodeVisualInfo","height":70}],"activityType":["CalledProcess"]},"name":"Linked service flow","dataInputAssociation":[{"targetRef":"2055.2b49033b-357a-4be6-88d5-f20d0cae7642","assignment":[{"from":{"evaluatesToTypeRef":"itm.12.c09c9b6e-aabd-4897-bef2-ed61db106297","declaredType":"TFormalExpression","content":["tw.local.data"]}}]},{"targetRef":"2055.deb7bc28-152b-4bab-8409-af3fae6815de","assignment":[{"from":{"evaluatesToTypeRef":"itm.12.83ff975e-8dbc-42e5-b738-fa8bc08274a2","declaredType":"TFormalExpression","content":["false"]}}]}],"isForCompensation":false,"completionQuantity":1,"declaredType":"callActivity","id":"b9d3de05-fd86-4170-82c9-a5ed061c0292","dataOutputAssociation":[{"assignment":[{"to":{"evaluatesToTypeRef":"itm.12.c09c9b6e-aabd-4897-bef2-ed61db106297","declaredType":"TFormalExpression","content":["tw.local.results"]}}],"sourceRef":["2055.98bd1354-e093-4b6b-827d-57f4abe94592"]}],"calledElement":"1.06ab16c4-4d4c-4c6f-81e4-4c064dc725e6"},{"targetRef":"954eb164-e05d-4315-8e91-29b705c4f096","extensionElements":{"sequenceFlowImplementation":[{"fireValidation":"Never","sboSyncEnabled":true,"declaredType":"com.ibm.bpmsdk.model.bpmn20.ibmext.TSequenceFlowImplementation"}],"endStateId":["guid:8b0c8ed1dccfb194:-60544698:18f06b936dc:-7bb2"],"linkVisualInfo":[{"sourcePortLocation":"rightCenter","showCoachControlLabel":false,"labelPosition":0.0,"targetPortLocation":"leftCenter","declaredType":"TLinkVisualInfo","saveExecutionContext":true,"showLabel":false}]},"name":"To Script task","declaredType":"sequenceFlow","id":"0ffc6176-8129-4311-8f68-f8639ddc2d47","sourceRef":"b9d3de05-fd86-4170-82c9-a5ed061c0292"},{"startQuantity":1,"outgoing":["b47c6c3e-9fc5-425c-8786-5918d4776bd8"],"incoming":["0ffc6176-8129-4311-8f68-f8639ddc2d47"],"extensionElements":{"nodeVisualInfo":[{"width":95,"x":470,"y":57,"declaredType":"TNodeVisualInfo","height":70}]},"name":"Script task","isForCompensation":false,"completionQuantity":1,"declaredType":"scriptTask","id":"954eb164-e05d-4315-8e91-29b705c4f096","scriptFormat":"text\/x-javascript","script":{"content":["tw.local.results = tw.local.results.split(\"\\n\").join(\"&lt;br&gt;\");"]}},{"targetRef":"c8a0b6e3-0296-4424-8a37-ba60e8605021","extensionElements":{"sequenceFlowImplementation":[{"fireValidation":"Never","sboSyncEnabled":true,"declaredType":"com.ibm.bpmsdk.model.bpmn20.ibmext.TSequenceFlowImplementation"}],"linkVisualInfo":[{"sourcePortLocation":"rightCenter","showCoachControlLabel":false,"labelPosition":0.0,"targetPortLocation":"leftCenter","declaredType":"TLinkVisualInfo","saveExecutionContext":true,"showLabel":false}]},"name":"To End","declaredType":"sequenceFlow","id":"b47c6c3e-9fc5-425c-8786-5918d4776bd8","sourceRef":"954eb164-e05d-4315-8e91-29b705c4f096"},{"itemSubjectRef":"itm.12.db884a3c-c533-44b7-bb2d-47bec8ad4022","name":"variable1","isCollection":false,"declaredType":"dataObject","id":"2056.eb44ba76-7a28-44f1-85e7-a48960d0df9e"}],"laneSet":[{"id":"8862e430-2cc9-4eef-8f3f-cbdd81fef4cf","lane":[{"flowNodeRef":["cf7ac1c1-d263-4f78-8114-02f8d86eb8d6","c8a0b6e3-0296-4424-8a37-ba60e8605021","b9d3de05-fd86-4170-82c9-a5ed061c0292","954eb164-e05d-4315-8e91-29b705c4f096"],"extensionElements":{"nodeVisualInfo":[{"color":"#F8F8F8","width":3000,"x":0,"y":0,"declaredType":"TNodeVisualInfo","height":500}]},"name":"System","partitionElementRef":"24.6fd38d02-81cf-48ab-bd42-8ff4c0a1628b","declaredType":"lane","id":"583c884d-a668-4cff-8e9c-0ae1a139ef13","otherAttributes":{"{http:\/\/www.ibm.com\/xmlns\/prod\/bpm\/bpmn\/ext\/process\/wle}isSystemLane":"true"}}]}],"isClosed":false,"extensionElements":{"isSecured":[false],"isAjaxExposed":[true],"isTransactionalFlow":[false],"sboSyncEnabled":[true],"isInvokedAsynchronously":[false]},"documentation":[{"textFormat":"text\/plain"}],"name":"Extract Transcript Info","declaredType":"process","id":"1.60d69e1f-0ea5-47ca-8f54-97e9c6cfb9f6","processType":"None","otherAttributes":{"{http:\/\/www.ibm.com\/xmlns\/prod\/bpm\/bpmn\/ext\/process}executionMode":"microflow"},"ioSpecification":{"dataOutput":[{"itemSubjectRef":"itm.12.c09c9b6e-aabd-4897-bef2-ed61db106297","name":"results","isCollection":false,"id":"2055.5f95b05b-b757-4f96-84ed-5658081c50f7"},{"itemSubjectRef":"itm.12.5551644c-3dc6-4161-a939-4e7f27f8ce45","name":"error","isCollection":false,"id":"2055.9bfeb2ae-f625-4ccb-8751-a175c64f4bce"}],"inputSet":[{}],"outputSet":[{}],"dataInput":[{"itemSubjectRef":"itm.12.c09c9b6e-aabd-4897-bef2-ed61db106297","name":"data","isCollection":false,"id":"2055.05e5373e-24bd-4fe4-81bf-5ae123fcbead"}]}}],"targetNamespace":"","typeLanguage":"http:\/\/www.w3.org\/2001\/XMLSchema","expressionLanguage":"http:\/\/www.ibm.com\/xmlns\/prod\/bpm\/expression-lang\/javascript"}</jsonData>
        <field1 isNull="true" />
        <field2 isNull="true" />
        <field3>0</field3>
        <field4 isNull="true" />
        <field5>false</field5>
        <clobField1 isNull="true" />
        <blobField1 isNull="true" />
        <processParameter name="data">
            <lastModified isNull="true" />
            <lastModifiedBy isNull="true" />
            <tenantId isNull="true" />
            <processParameterId>2055.05e5373e-24bd-4fe4-81bf-5ae123fcbead</processParameterId>
            <processId>1.60d69e1f-0ea5-47ca-8f54-97e9c6cfb9f6</processId>
            <parameterType>1</parameterType>
            <isArrayOf>false</isArrayOf>
            <classId>f9bfad03-1cba-408d-921f-41cfbdd4600c/12.c09c9b6e-aabd-4897-bef2-ed61db106297</classId>
            <seq>1</seq>
            <hasDefault>false</hasDefault>
            <defaultValue isNull="true" />
            <isLocked>false</isLocked>
            <description isNull="true" />
            <guid>guid:11891d87-f84e-4267-8c82-849ae4f847bb</guid>
            <versionId>a34cc609-5cd3-4bad-9708-7faf4c3626dd</versionId>
        </processParameter>
        <processParameter name="results">
            <lastModified isNull="true" />
            <lastModifiedBy isNull="true" />
            <tenantId isNull="true" />
            <processParameterId>2055.5f95b05b-b757-4f96-84ed-5658081c50f7</processParameterId>
            <processId>1.60d69e1f-0ea5-47ca-8f54-97e9c6cfb9f6</processId>
            <parameterType>2</parameterType>
            <isArrayOf>false</isArrayOf>
            <classId>f9bfad03-1cba-408d-921f-41cfbdd4600c/12.c09c9b6e-aabd-4897-bef2-ed61db106297</classId>
            <seq>2</seq>
            <hasDefault>false</hasDefault>
            <defaultValue isNull="true" />
            <isLocked>false</isLocked>
            <description isNull="true" />
            <guid>guid:8e1e2ab0-485a-4671-9677-ceb56106bfb2</guid>
            <versionId>170b5e4d-38fd-4c5d-b6f2-884cfcbb075f</versionId>
        </processParameter>
        <processParameter name="error">
            <lastModified isNull="true" />
            <lastModifiedBy isNull="true" />
            <tenantId isNull="true" />
            <processParameterId>2055.9bfeb2ae-f625-4ccb-8751-a175c64f4bce</processParameterId>
            <processId>1.60d69e1f-0ea5-47ca-8f54-97e9c6cfb9f6</processId>
            <parameterType>2</parameterType>
            <isArrayOf>false</isArrayOf>
            <classId>9b766f05-41c8-44ae-8ce7-ca32db253f3c/12.5551644c-3dc6-4161-a939-4e7f27f8ce45</classId>
            <seq>3</seq>
            <hasDefault>false</hasDefault>
            <defaultValue isNull="true" />
            <isLocked>false</isLocked>
            <description isNull="true" />
            <guid>guid:68812daf-34ab-4d38-b4dc-cb1261880893</guid>
            <versionId>53cb67cc-602e-4875-af63-4a3949ad9a85</versionId>
        </processParameter>
        <processVariable name="variable1">
            <lastModified isNull="true" />
            <lastModifiedBy isNull="true" />
            <tenantId isNull="true" />
            <processVariableId>2056.eb44ba76-7a28-44f1-85e7-a48960d0df9e</processVariableId>
            <description isNull="true" />
            <processId>1.60d69e1f-0ea5-47ca-8f54-97e9c6cfb9f6</processId>
            <namespace>2</namespace>
            <seq>1</seq>
            <isArrayOf>false</isArrayOf>
            <isTransient>false</isTransient>
            <classId>f9bfad03-1cba-408d-921f-41cfbdd4600c/12.db884a3c-c533-44b7-bb2d-47bec8ad4022</classId>
            <hasDefault>false</hasDefault>
            <defaultValue isNull="true" />
            <guid>guid:91b43e77-ad55-4f92-bb96-a6158a5e1dcd</guid>
            <versionId>352bb4f9-26b5-4f5e-9904-da7b4845b8bb</versionId>
        </processVariable>
        <item>
            <lastModified isNull="true" />
            <lastModifiedBy isNull="true" />
            <tenantId isNull="true" />
            <processItemId>2025.c8a0b6e3-0296-4424-8a37-ba60e8605021</processItemId>
            <processId>1.60d69e1f-0ea5-47ca-8f54-97e9c6cfb9f6</processId>
            <name>End</name>
            <tWComponentName>ExitPoint</tWComponentName>
            <tWComponentId>3008.2e9984be-2908-4be0-9919-021737b12e8a</tWComponentId>
            <isLogEnabled>false</isLogEnabled>
            <isTraceEnabled>false</isTraceEnabled>
            <traceCategory isNull="true" />
            <traceLevel isNull="true" />
            <traceMessage isNull="true" />
            <traceSymbolTable isNull="true" />
            <isExecutionContextTraced>false</isExecutionContextTraced>
            <saveExecutionContext>true</saveExecutionContext>
            <documentation isNull="true" />
            <isErrorHandlerEnabled>false</isErrorHandlerEnabled>
            <errorHandlerItemId isNull="true" />
            <guid>guid:8b0c8ed1dccfb194:-60544698:18f06b936dc:-796e</guid>
            <versionId>08206ee1-cda9-40ad-b8b7-b54612f7c35a</versionId>
            <externalServiceRef isNull="true" />
            <externalServiceOp isNull="true" />
            <nodeColor isNull="true" />
            <layoutData x="650" y="80">
                <errorLink>
                    <controlPoints />
                    <showEndState>false</showEndState>
                    <showName>false</showName>
                </errorLink>
            </layoutData>
            <TWComponent>
                <lastModified isNull="true" />
                <lastModifiedBy isNull="true" />
                <tenantId isNull="true" />
                <exitPointId>3008.2e9984be-2908-4be0-9919-021737b12e8a</exitPointId>
                <haltProcess>false</haltProcess>
                <guid>guid:2a0eaa7d-a6c4-4b4c-a3c1-8c9a29cd16ef</guid>
                <versionId>023de750-75c8-46de-a7c6-563b702cdce1</versionId>
            </TWComponent>
        </item>
        <item>
            <lastModified isNull="true" />
            <lastModifiedBy isNull="true" />
            <tenantId isNull="true" />
            <processItemId>2025.b9d3de05-fd86-4170-82c9-a5ed061c0292</processItemId>
            <processId>1.60d69e1f-0ea5-47ca-8f54-97e9c6cfb9f6</processId>
            <name>Linked service flow</name>
            <tWComponentName>SubProcess</tWComponentName>
            <tWComponentId>3012.9e365234-3443-425e-8c0d-ed2c152f2876</tWComponentId>
            <isLogEnabled>false</isLogEnabled>
            <isTraceEnabled>false</isTraceEnabled>
            <traceCategory isNull="true" />
            <traceLevel isNull="true" />
            <traceMessage isNull="true" />
            <traceSymbolTable isNull="true" />
            <isExecutionContextTraced>false</isExecutionContextTraced>
            <saveExecutionContext>false</saveExecutionContext>
            <documentation isNull="true" />
            <isErrorHandlerEnabled>false</isErrorHandlerEnabled>
            <errorHandlerItemId isNull="true" />
            <guid>guid:8b0c8ed1dccfb194:-60544698:18f06b936dc:-796c</guid>
            <versionId>7e4ca519-967d-4cc4-9a1e-ae6294898155</versionId>
            <externalServiceRef isNull="true" />
            <externalServiceOp isNull="true" />
            <nodeColor isNull="true" />
            <layoutData x="286" y="57">
                <errorLink>
                    <controlPoints />
                    <showEndState>false</showEndState>
                    <showName>false</showName>
                </errorLink>
            </layoutData>
            <TWComponent>
                <lastModified isNull="true" />
                <lastModifiedBy isNull="true" />
                <tenantId isNull="true" />
                <subProcessId>3012.9e365234-3443-425e-8c0d-ed2c152f2876</subProcessId>
                <attachedProcessRef>/1.06ab16c4-4d4c-4c6f-81e4-4c064dc725e6</attachedProcessRef>
                <guid>guid:ffec1e74-f47d-4f17-b046-59c7fb4fb48c</guid>
                <versionId>a53bb0bf-fc3c-4f4e-a92c-e8cccc6302bc</versionId>
                <parameterMapping name="DocID">
                    <lastModified isNull="true" />
                    <lastModifiedBy isNull="true" />
                    <tenantId isNull="true" />
                    <parameterMappingId>2054.fe1170fd-d2c6-4cc3-8037-ec4dbfb4667a</parameterMappingId>
                    <processParameterId>2055.2b49033b-357a-4be6-88d5-f20d0cae7642</processParameterId>
                    <parameterMappingParentId>3012.9e365234-3443-425e-8c0d-ed2c152f2876</parameterMappingParentId>
                    <useDefault>false</useDefault>
                    <value>tw.local.data</value>
                    <classRef>f9bfad03-1cba-408d-921f-41cfbdd4600c/12.db884a3c-c533-44b7-bb2d-47bec8ad4022</classRef>
                    <isList>false</isList>
                    <isInput>true</isInput>
                    <mappingMode isNull="true" />
                    <sourcePath isNull="true" />
                    <targetPath isNull="true" />
                    <guid>guid:fe1170fd-d2c6-4cc3-8037-ec4dbfb4667a</guid>
                    <versionId>0ae2ee32-b257-4332-b01e-7f3f12a37d09</versionId>
                    <description isNull="true" />
                </parameterMapping>
                <parameterMapping name="Text">
                    <lastModified isNull="true" />
                    <lastModifiedBy isNull="true" />
                    <tenantId isNull="true" />
                    <parameterMappingId>2054.0bc8d102-4b69-4004-b622-3e33a5ff7265</parameterMappingId>
                    <processParameterId>2055.98bd1354-e093-4b6b-827d-57f4abe94592</processParameterId>
                    <parameterMappingParentId>3012.9e365234-3443-425e-8c0d-ed2c152f2876</parameterMappingParentId>
                    <useDefault>false</useDefault>
                    <value>tw.local.results</value>
                    <classRef>f9bfad03-1cba-408d-921f-41cfbdd4600c/12.db884a3c-c533-44b7-bb2d-47bec8ad4022</classRef>
                    <isList>false</isList>
                    <isInput>false</isInput>
                    <mappingMode isNull="true" />
                    <sourcePath isNull="true" />
                    <targetPath isNull="true" />
                    <guid>guid:0bc8d102-4b69-4004-b622-3e33a5ff7265</guid>
                    <versionId>01734a9e-fe78-41a7-8b3d-f67d23b2729f</versionId>
                    <description isNull="true" />
                </parameterMapping>
                <parameterMapping name="base64">
                    <lastModified isNull="true" />
                    <lastModifiedBy isNull="true" />
                    <tenantId isNull="true" />
                    <parameterMappingId>2054.59338ae9-481f-444c-b5bc-7fe064f37c55</parameterMappingId>
                    <processParameterId>2055.deb7bc28-152b-4bab-8409-af3fae6815de</processParameterId>
                    <parameterMappingParentId>3012.9e365234-3443-425e-8c0d-ed2c152f2876</parameterMappingParentId>
                    <useDefault>false</useDefault>
                    <value>false</value>
                    <classRef>f9bfad03-1cba-408d-921f-41cfbdd4600c/12.83ff975e-8dbc-42e5-b738-fa8bc08274a2</classRef>
                    <isList>false</isList>
                    <isInput>true</isInput>
                    <mappingMode isNull="true" />
                    <sourcePath isNull="true" />
                    <targetPath isNull="true" />
                    <guid>guid:59338ae9-481f-444c-b5bc-7fe064f37c55</guid>
                    <versionId>3dfd05d8-f509-49de-8a00-058e6b5afdb5</versionId>
                    <description isNull="true" />
                </parameterMapping>
            </TWComponent>
        </item>
        <item>
            <lastModified isNull="true" />
            <lastModifiedBy isNull="true" />
            <tenantId isNull="true" />
            <processItemId>2025.954eb164-e05d-4315-8e91-29b705c4f096</processItemId>
            <processId>1.60d69e1f-0ea5-47ca-8f54-97e9c6cfb9f6</processId>
            <name>Script task</name>
            <tWComponentName>Script</tWComponentName>
            <tWComponentId>3011.b9bc2a97-210f-4d26-868a-41ebe44639ec</tWComponentId>
            <isLogEnabled>false</isLogEnabled>
            <isTraceEnabled>false</isTraceEnabled>
            <traceCategory isNull="true" />
            <traceLevel isNull="true" />
            <traceMessage isNull="true" />
            <traceSymbolTable isNull="true" />
            <isExecutionContextTraced>false</isExecutionContextTraced>
            <saveExecutionContext>false</saveExecutionContext>
            <documentation isNull="true" />
            <isErrorHandlerEnabled>false</isErrorHandlerEnabled>
            <errorHandlerItemId isNull="true" />
            <guid>guid:8b0c8ed1dccfb194:-60544698:18f06b936dc:-7957</guid>
            <versionId>9961f1aa-781b-4af8-87c7-c59121e54950</versionId>
            <externalServiceRef isNull="true" />
            <externalServiceOp isNull="true" />
            <nodeColor isNull="true" />
            <layoutData x="470" y="57">
                <errorLink>
                    <controlPoints />
                    <showEndState>false</showEndState>
                    <showName>false</showName>
                </errorLink>
            </layoutData>
            <TWComponent>
                <lastModified isNull="true" />
                <lastModifiedBy isNull="true" />
                <tenantId isNull="true" />
                <scriptId>3011.b9bc2a97-210f-4d26-868a-41ebe44639ec</scriptId>
                <scriptTypeId>2</scriptTypeId>
                <isActive>true</isActive>
                <script>tw.local.results = tw.local.results.split("\n").join("&lt;br&gt;");</script>
                <isRule>false</isRule>
                <guid>guid:98006c87-ff1b-407b-b07c-02151c7591df</guid>
                <versionId>e420563b-690a-4169-8def-d6c3be3a27f6</versionId>
            </TWComponent>
        </item>
        <startingProcessItemId>2025.b9d3de05-fd86-4170-82c9-a5ed061c0292</startingProcessItemId>
        <errorHandlerItemId isNull="true" />
        <layoutData noConversion="true">
            <errorLink>
                <controlPoints />
                <showEndState>false</showEndState>
                <showName>false</showName>
            </errorLink>
        </layoutData>
        <startPoint>
            <layoutData x="25" y="80">
                <errorLink>
                    <controlPoints />
                    <showEndState>false</showEndState>
                    <showName>false</showName>
                </errorLink>
            </layoutData>
        </startPoint>
        <startLink>
            <fromPort locationId="rightCenter" portType="1" />
            <toPort locationId="leftCenter" portType="2" />
            <layoutData>
                <controlPoints />
                <showEndState>false</showEndState>
                <showName>false</showName>
            </layoutData>
        </startLink>
        <bpmn2Model>
            <ns16:definitions xmlns:ns16="http://www.omg.org/spec/BPMN/20100524/MODEL" xmlns:ns2="http://www.ibm.com/xmlns/prod/bpm/bpmn/ext/process" xmlns:ns3="http://www.ibm.com/xmlns/prod/bpm/bpmn/ext/process/wle" xmlns:ns4="http://www.ibm.com/xmlns/prod/bpm/bpmn/ext/process/case" xmlns:ns5="http://www.ibm.com/bpm/Extensions" xmlns:ns6="http://www.ibm.com/xmlns/prod/bpm/uca" xmlns:ns7="http://www.ibm.com/xmlns/prod/bpm/bpmn/ext/team" xmlns:ns8="http://www.ibm.com/xmlns/prod/bpm/bpmn/ext/trackinggroup" xmlns:ns9="http://www.ibm.com/xmlns/bpmnx/20100524/v1/BusinessVocabulary" xmlns:ns10="http://www.omg.org/spec/DD/20100524/DI" xmlns:ns11="http://www.omg.org/spec/DD/20100524/DC" xmlns:ns12="http://www.omg.org/spec/BPMN/20100524/BPMNDI" xmlns:ns13="http://www.ibm.com/xmlns/prod/bpm/graph" xmlns:ns14="http://www.ibm.com/xmlns/prod/bpm/bpmn/ext/process/auth" xmlns:ns15="http://www.ibm.com/xmlns/prod/bpm/bpmn/ext/extservice" xmlns:ns17="http://www.ibm.com/bpm/processappsettings" xmlns:ns18="http://www.ibm.com/xmlns/links" xmlns:ns19="http://www.ibm.com/bpm/CoachDesignerNG" xmlns:ns20="http://www.ibm.com/xmlns/tagging" xmlns:ns21="http://www.ibm.com/bpm/uitheme" xmlns:ns22="http://www.ibm.com/bpm/coachview" targetNamespace="" expressionLanguage="http://www.ibm.com/xmlns/prod/bpm/expression-lang/javascript" typeLanguage="http://www.w3.org/2001/XMLSchema">
                
                
                <ns16:process name="Extract Transcript Info" id="1.60d69e1f-0ea5-47ca-8f54-97e9c6cfb9f6" ns2:executionMode="microflow">
                    
                    
                    <ns16:documentation textFormat="text/plain" />
                    
                    
                    <ns16:extensionElements>
                        
                        
                        <ns2:isTransactionalFlow>false</ns2:isTransactionalFlow>
                        
                        
                        <ns2:sboSyncEnabled>true</ns2:sboSyncEnabled>
                        
                        
                        <ns2:isInvokedAsynchronously>false</ns2:isInvokedAsynchronously>
                        
                        
                        <ns2:isSecured>false</ns2:isSecured>
                        
                        
                        <ns2:isAjaxExposed>true</ns2:isAjaxExposed>
                        
                    
                    </ns16:extensionElements>
                    
                    
                    <ns16:ioSpecification>
                        
                        
                        <ns16:dataInput name="data" itemSubjectRef="itm.12.c09c9b6e-aabd-4897-bef2-ed61db106297" isCollection="false" id="2055.05e5373e-24bd-4fe4-81bf-5ae123fcbead" />
                        
                        
                        <ns16:dataOutput name="results" itemSubjectRef="itm.12.c09c9b6e-aabd-4897-bef2-ed61db106297" isCollection="false" id="2055.5f95b05b-b757-4f96-84ed-5658081c50f7" />
                        
                        
                        <ns16:dataOutput name="error" itemSubjectRef="itm.12.5551644c-3dc6-4161-a939-4e7f27f8ce45" isCollection="false" id="2055.9bfeb2ae-f625-4ccb-8751-a175c64f4bce" />
                        
                        
                        <ns16:inputSet />
                        
                        
                        <ns16:outputSet />
                        
                    
                    </ns16:ioSpecification>
                    
                    
                    <ns16:laneSet id="8862e430-2cc9-4eef-8f3f-cbdd81fef4cf">
                        
                        
                        <ns16:lane name="System" partitionElementRef="24.6fd38d02-81cf-48ab-bd42-8ff4c0a1628b" id="583c884d-a668-4cff-8e9c-0ae1a139ef13" ns3:isSystemLane="true">
                            
                            
                            <ns16:extensionElements>
                                
                                
                                <ns13:nodeVisualInfo x="0" y="0" width="3000" height="500" color="#F8F8F8" />
                                
                            
                            </ns16:extensionElements>
                            
                            
                            <ns16:flowNodeRef>cf7ac1c1-d263-4f78-8114-02f8d86eb8d6</ns16:flowNodeRef>
                            
                            
                            <ns16:flowNodeRef>c8a0b6e3-0296-4424-8a37-ba60e8605021</ns16:flowNodeRef>
                            
                            
                            <ns16:flowNodeRef>b9d3de05-fd86-4170-82c9-a5ed061c0292</ns16:flowNodeRef>
                            
                            
                            <ns16:flowNodeRef>954eb164-e05d-4315-8e91-29b705c4f096</ns16:flowNodeRef>
                            
                        
                        </ns16:lane>
                        
                    
                    </ns16:laneSet>
                    
                    
                    <ns16:startEvent isInterrupting="false" parallelMultiple="false" name="Start" id="cf7ac1c1-d263-4f78-8114-02f8d86eb8d6">
                        
                        
                        <ns16:extensionElements>
                            
                            
                            <ns13:nodeVisualInfo x="25" y="80" width="24" height="24" color="#F8F8F8" />
                            
                        
                        </ns16:extensionElements>
                        
                        
                        <ns16:outgoing>2027.6eb942f9-4480-4184-89b3-67e7deaff687</ns16:outgoing>
                        
                    
                    </ns16:startEvent>
                    
                    
                    <ns16:endEvent name="End" id="c8a0b6e3-0296-4424-8a37-ba60e8605021">
                        
                        
                        <ns16:extensionElements>
                            
                            
                            <ns13:nodeVisualInfo x="650" y="80" width="24" height="24" color="#F8F8F8" />
                            
                            
                            <ns3:saveExecutionContext>true</ns3:saveExecutionContext>
                            
                            
                            <ns2:endStateId>guid:8b0c8ed1dccfb194:-60544698:18f06b936dc:-796e</ns2:endStateId>
                            
                        
                        </ns16:extensionElements>
                        
                        
                        <ns16:incoming>b47c6c3e-9fc5-425c-8786-5918d4776bd8</ns16:incoming>
                        
                    
                    </ns16:endEvent>
                    
                    
                    <ns16:sequenceFlow sourceRef="cf7ac1c1-d263-4f78-8114-02f8d86eb8d6" targetRef="b9d3de05-fd86-4170-82c9-a5ed061c0292" name="To Linked service flow" id="2027.6eb942f9-4480-4184-89b3-67e7deaff687">
                        
                        
                        <ns16:extensionElements>
                            
                            
                            <ns13:linkVisualInfo>
                                
                                
                                <ns13:sourcePortLocation>rightCenter</ns13:sourcePortLocation>
                                
                                
                                <ns13:targetPortLocation>leftCenter</ns13:targetPortLocation>
                                
                                
                                <ns13:showLabel>false</ns13:showLabel>
                                
                                
                                <ns13:showCoachControlLabel>false</ns13:showCoachControlLabel>
                                
                                
                                <ns13:labelPosition>0.0</ns13:labelPosition>
                                
                                
                                <ns13:saveExecutionContext>false</ns13:saveExecutionContext>
                                
                            
                            </ns13:linkVisualInfo>
                            
                        
                        </ns16:extensionElements>
                        
                    
                    </ns16:sequenceFlow>
                    
                    
                    <ns16:callActivity calledElement="1.06ab16c4-4d4c-4c6f-81e4-4c064dc725e6" name="Linked service flow" id="b9d3de05-fd86-4170-82c9-a5ed061c0292">
                        
                        
                        <ns16:extensionElements>
                            
                            
                            <ns13:nodeVisualInfo x="286" y="57" width="95" height="70" />
                            
                            
                            <ns3:activityType>CalledProcess</ns3:activityType>
                            
                        
                        </ns16:extensionElements>
                        
                        
                        <ns16:incoming>2027.6eb942f9-4480-4184-89b3-67e7deaff687</ns16:incoming>
                        
                        
                        <ns16:outgoing>0ffc6176-8129-4311-8f68-f8639ddc2d47</ns16:outgoing>
                        
                        
                        <ns16:dataInputAssociation>
                            
                            
                            <ns16:targetRef>2055.2b49033b-357a-4be6-88d5-f20d0cae7642</ns16:targetRef>
                            
                            
                            <ns16:assignment>
                                
                                
                                <ns16:from xmlns:xsi="http://www.w3.org/2001/XMLSchema-instance" xsi:type="ns16:tFormalExpression" evaluatesToTypeRef="itm.12.c09c9b6e-aabd-4897-bef2-ed61db106297">tw.local.data</ns16:from>
                                
                            
                            </ns16:assignment>
                            
                        
                        </ns16:dataInputAssociation>
                        
                        
                        <ns16:dataInputAssociation>
                            
                            
                            <ns16:targetRef>2055.deb7bc28-152b-4bab-8409-af3fae6815de</ns16:targetRef>
                            
                            
                            <ns16:assignment>
                                
                                
                                <ns16:from xmlns:xsi="http://www.w3.org/2001/XMLSchema-instance" xsi:type="ns16:tFormalExpression" evaluatesToTypeRef="itm.12.83ff975e-8dbc-42e5-b738-fa8bc08274a2">false</ns16:from>
                                
                            
                            </ns16:assignment>
                            
                        
                        </ns16:dataInputAssociation>
                        
                        
                        <ns16:dataOutputAssociation>
                            
                            
                            <ns16:sourceRef>2055.98bd1354-e093-4b6b-827d-57f4abe94592</ns16:sourceRef>
                            
                            
                            <ns16:assignment>
                                
                                
                                <ns16:to xmlns:xsi="http://www.w3.org/2001/XMLSchema-instance" xsi:type="ns16:tFormalExpression" evaluatesToTypeRef="itm.12.c09c9b6e-aabd-4897-bef2-ed61db106297">tw.local.results</ns16:to>
                                
                            
                            </ns16:assignment>
                            
                        
                        </ns16:dataOutputAssociation>
                        
                    
                    </ns16:callActivity>
                    
                    
                    <ns16:sequenceFlow sourceRef="b9d3de05-fd86-4170-82c9-a5ed061c0292" targetRef="954eb164-e05d-4315-8e91-29b705c4f096" name="To Script task" id="0ffc6176-8129-4311-8f68-f8639ddc2d47">
                        
                        
                        <ns16:extensionElements>
                            
                            
                            <ns2:sequenceFlowImplementation sboSyncEnabled="true" />
                            
                            
                            <ns13:linkVisualInfo>
                                
                                
                                <ns13:sourcePortLocation>rightCenter</ns13:sourcePortLocation>
                                
                                
                                <ns13:targetPortLocation>leftCenter</ns13:targetPortLocation>
                                
                                
                                <ns13:showLabel>false</ns13:showLabel>
                                
                                
                                <ns13:showCoachControlLabel>false</ns13:showCoachControlLabel>
                                
                                
                                <ns13:labelPosition>0.0</ns13:labelPosition>
                                
                                
                                <ns13:saveExecutionContext>true</ns13:saveExecutionContext>
                                
                            
                            </ns13:linkVisualInfo>
                            
                            
                            <ns2:endStateId>guid:8b0c8ed1dccfb194:-60544698:18f06b936dc:-7bb2</ns2:endStateId>
                            
                        
                        </ns16:extensionElements>
                        
                    
                    </ns16:sequenceFlow>
                    
                    
                    <ns16:scriptTask scriptFormat="text/x-javascript" name="Script task" id="954eb164-e05d-4315-8e91-29b705c4f096">
                        
                        
                        <ns16:extensionElements>
                            
                            
                            <ns13:nodeVisualInfo x="470" y="57" width="95" height="70" />
                            
                        
                        </ns16:extensionElements>
                        
                        
                        <ns16:incoming>0ffc6176-8129-4311-8f68-f8639ddc2d47</ns16:incoming>
                        
                        
                        <ns16:outgoing>b47c6c3e-9fc5-425c-8786-5918d4776bd8</ns16:outgoing>
                        
                        
                        <ns16:script>tw.local.results = tw.local.results.split("\n").join("&lt;br&gt;");</ns16:script>
                        
                    
                    </ns16:scriptTask>
                    
                    
                    <ns16:sequenceFlow sourceRef="954eb164-e05d-4315-8e91-29b705c4f096" targetRef="c8a0b6e3-0296-4424-8a37-ba60e8605021" name="To End" id="b47c6c3e-9fc5-425c-8786-5918d4776bd8">
                        
                        
                        <ns16:extensionElements>
                            
                            
                            <ns2:sequenceFlowImplementation sboSyncEnabled="true" />
                            
                            
                            <ns13:linkVisualInfo>
                                
                                
                                <ns13:sourcePortLocation>rightCenter</ns13:sourcePortLocation>
                                
                                
                                <ns13:targetPortLocation>leftCenter</ns13:targetPortLocation>
                                
                                
                                <ns13:showLabel>false</ns13:showLabel>
                                
                                
                                <ns13:showCoachControlLabel>false</ns13:showCoachControlLabel>
                                
                                
                                <ns13:labelPosition>0.0</ns13:labelPosition>
                                
                                
                                <ns13:saveExecutionContext>true</ns13:saveExecutionContext>
                                
                            
                            </ns13:linkVisualInfo>
                            
                        
                        </ns16:extensionElements>
                        
                    
                    </ns16:sequenceFlow>
                    
                    
                    <ns16:dataObject itemSubjectRef="itm.12.db884a3c-c533-44b7-bb2d-47bec8ad4022" isCollection="false" name="variable1" id="2056.eb44ba76-7a28-44f1-85e7-a48960d0df9e" />
                    
                
                </ns16:process>
                
            
            </ns16:definitions>
        </bpmn2Model>
        <link name="To Script task">
            <lastModified isNull="true" />
            <lastModifiedBy isNull="true" />
            <tenantId isNull="true" />
            <processLinkId>2027.0ffc6176-8129-4311-8f68-f8639ddc2d47</processLinkId>
            <processId>1.60d69e1f-0ea5-47ca-8f54-97e9c6cfb9f6</processId>
            <description isNull="true" />
            <fromProcessItemId>2025.b9d3de05-fd86-4170-82c9-a5ed061c0292</fromProcessItemId>
            <endStateId>guid:8b0c8ed1dccfb194:-60544698:18f06b936dc:-7bb2</endStateId>
            <toProcessItemId>2025.954eb164-e05d-4315-8e91-29b705c4f096</toProcessItemId>
            <guid>guid:f9a0493b-a481-4d3c-9964-d2ada2048e12</guid>
            <versionId>6d54f8ff-9d21-4afc-90d5-f0d50d3442e1</versionId>
            <layoutData>
                <controlPoints />
                <showEndState>false</showEndState>
                <showName>false</showName>
            </layoutData>
            <fromItemPort locationId="rightCenter" portType="1" />
            <toItemPort locationId="leftCenter" portType="2" />
            <fromProcessItemId>2025.b9d3de05-fd86-4170-82c9-a5ed061c0292</fromProcessItemId>
            <toProcessItemId>2025.954eb164-e05d-4315-8e91-29b705c4f096</toProcessItemId>
        </link>
        <link name="To End">
            <lastModified isNull="true" />
            <lastModifiedBy isNull="true" />
            <tenantId isNull="true" />
            <processLinkId>2027.b47c6c3e-9fc5-425c-8786-5918d4776bd8</processLinkId>
            <processId>1.60d69e1f-0ea5-47ca-8f54-97e9c6cfb9f6</processId>
            <description isNull="true" />
            <fromProcessItemId>2025.954eb164-e05d-4315-8e91-29b705c4f096</fromProcessItemId>
            <endStateId>Out</endStateId>
            <toProcessItemId>2025.c8a0b6e3-0296-4424-8a37-ba60e8605021</toProcessItemId>
            <guid>guid:e45fbe7f-5592-4650-b58b-29d0de12e97f</guid>
            <versionId>344aaa03-aae2-4cd2-bfe6-74c88c052a6a</versionId>
            <layoutData>
                <controlPoints />
                <showEndState>false</showEndState>
                <showName>false</showName>
            </layoutData>
            <fromItemPort locationId="rightCenter" portType="1" />
            <toItemPort locationId="leftCenter" portType="2" />
            <fromProcessItemId>2025.954eb164-e05d-4315-8e91-29b705c4f096</fromProcessItemId>
            <toProcessItemId>2025.c8a0b6e3-0296-4424-8a37-ba60e8605021</toProcessItemId>
        </link>
    </process>
</teamworks>

