<?xml version="1.0" encoding="UTF-8"?>
<teamworks>
    <process id="1.7149b78a-611c-42af-8b5a-d666c6e90d73" name="Type of Incidence DP">
        <lastModified>1714478326031</lastModified>
        <lastModifiedBy>cp4admin</lastModifiedBy>
        <tenantId isNull="true" />
        <processId>1.7149b78a-611c-42af-8b5a-d666c6e90d73</processId>
        <image isNull="true" />
        <tabGroup isNull="true" />
        <startingProcessItemId>2025.676137c4-2492-40da-8880-80b6929c415d</startingProcessItemId>
        <isRootProcess>false</isRootProcess>
        <processType>12</processType>
        <isErrorHandlerEnabled>false</isErrorHandlerEnabled>
        <errorHandlerItemId isNull="true" />
        <isLoggingVariables>false</isLoggingVariables>
        <isTransactional>false</isTransactional>
        <processTimingLevel isNull="true" />
        <participantRef isNull="true" />
        <exposedType>0</exposedType>
        <isTrackingEnabled>true</isTrackingEnabled>
        <xmlData isNull="true" />
        <cachingType>false</cachingType>
        <itemLabel isNull="true" />
        <cacheLength>0</cacheLength>
        <mobileReady>false</mobileReady>
        <sboSyncEnabled>true</sboSyncEnabled>
        <externalId isNull="true" />
        <isSecured>true</isSecured>
        <isAjaxExposed>true</isAjaxExposed>
        <isInvokedAsynchronously>false</isInvokedAsynchronously>
        <isTransactionalFlow>false</isTransactionalFlow>
        <description isNull="true" />
        <guid>guid:8b0c8ed1dccfb194:-60544698:18f06b936dc:-761f</guid>
        <versionId>838fca34-1374-4a9d-b4ef-f2aa7c817f0f</versionId>
        <dependencySummary>&lt;dependencySummary id="bpdid:8b0c8ed1dccfb194:-60544698:18f06b936dc:-7618" /&gt;</dependencySummary>
        <jsonData>{"rootElement":[{"flowElement":[{"parallelMultiple":false,"outgoing":["2027.b34e89f8-b2f9-44b2-8b58-289590acaed2"],"isInterrupting":false,"extensionElements":{"nodeVisualInfo":[{"color":"#F8F8F8","width":24,"x":25,"y":80,"declaredType":"TNodeVisualInfo","height":24}]},"name":"Start","declaredType":"startEvent","id":"5c1af3aa-4d49-4926-8124-03e0c4d79ad1"},{"incoming":["6ff1b5cb-d981-4c49-81dd-016f91dd9693"],"extensionElements":{"nodeVisualInfo":[{"color":"#F8F8F8","width":24,"x":650,"y":80,"declaredType":"TNodeVisualInfo","height":24}],"endStateId":["guid:8b0c8ed1dccfb194:-60544698:18f06b936dc:-761d"],"saveExecutionContext":[true]},"name":"End","declaredType":"endEvent","id":"be8b3136-bcd6-458d-87bc-e42b58e99fe7"},{"targetRef":"676137c4-2492-40da-8880-80b6929c415d","extensionElements":{"linkVisualInfo":[{"sourcePortLocation":"rightCenter","showCoachControlLabel":false,"labelPosition":0.0,"targetPortLocation":"leftCenter","declaredType":"TLinkVisualInfo","saveExecutionContext":false,"showLabel":false}]},"name":"To Type of Incidence","declaredType":"sequenceFlow","id":"2027.b34e89f8-b2f9-44b2-8b58-289590acaed2","sourceRef":"5c1af3aa-4d49-4926-8124-03e0c4d79ad1"},{"startQuantity":1,"outgoing":["6ff1b5cb-d981-4c49-81dd-016f91dd9693"],"incoming":["2027.b34e89f8-b2f9-44b2-8b58-289590acaed2"],"extensionElements":{"nodeVisualInfo":[{"width":95,"x":284,"y":57,"declaredType":"TNodeVisualInfo","height":70}]},"name":"Type of Incidence","isForCompensation":false,"completionQuantity":1,"declaredType":"scriptTask","id":"676137c4-2492-40da-8880-80b6929c415d","scriptFormat":"text\/x-javascript","script":{"content":["tw.local.results = new tw.object.listOf.String();\nvar i=0;\ntw.local.results[i++] = \"Multi-vehicle Collision\";\ntw.local.results[i++] = \"Single Vehicle Collision\";\ntw.local.results[i++] = \"Vehicle Theft\";\ntw.local.results[i++] = \"Parked Car\";"]}},{"targetRef":"be8b3136-bcd6-458d-87bc-e42b58e99fe7","extensionElements":{"sequenceFlowImplementation":[{"fireValidation":"Never","sboSyncEnabled":true,"declaredType":"com.ibm.bpmsdk.model.bpmn20.ibmext.TSequenceFlowImplementation"}],"linkVisualInfo":[{"sourcePortLocation":"rightCenter","showCoachControlLabel":false,"labelPosition":0.0,"targetPortLocation":"leftCenter","declaredType":"TLinkVisualInfo","saveExecutionContext":true,"showLabel":false}]},"name":"To End","declaredType":"sequenceFlow","id":"6ff1b5cb-d981-4c49-81dd-016f91dd9693","sourceRef":"676137c4-2492-40da-8880-80b6929c415d"}],"laneSet":[{"id":"08a7c3a9-1e6d-4252-8ff8-f192bb1b8ef5","lane":[{"flowNodeRef":["5c1af3aa-4d49-4926-8124-03e0c4d79ad1","be8b3136-bcd6-458d-87bc-e42b58e99fe7","676137c4-2492-40da-8880-80b6929c415d"],"extensionElements":{"nodeVisualInfo":[{"color":"#F8F8F8","width":3000,"x":0,"y":0,"declaredType":"TNodeVisualInfo","height":500}]},"name":"System","partitionElementRef":"24.6fd38d02-81cf-48ab-bd42-8ff4c0a1628b","declaredType":"lane","id":"75041423-8a59-4a88-8b49-b7e8825bd006","otherAttributes":{"{http:\/\/www.ibm.com\/xmlns\/prod\/bpm\/bpmn\/ext\/process\/wle}isSystemLane":"true"}}]}],"isClosed":false,"extensionElements":{"isSecured":[true],"isAjaxExposed":[true],"isTransactionalFlow":[false],"sboSyncEnabled":[true],"isInvokedAsynchronously":[false]},"documentation":[{"textFormat":"text\/plain"}],"name":"Type of Incidence DP","declaredType":"process","id":"1.7149b78a-611c-42af-8b5a-d666c6e90d73","processType":"None","otherAttributes":{"{http:\/\/www.ibm.com\/xmlns\/prod\/bpm\/bpmn\/ext\/process}executionMode":"microflow"},"ioSpecification":{"dataOutput":[{"itemSubjectRef":"itm.12.c09c9b6e-aabd-4897-bef2-ed61db106297","name":"results","isCollection":true,"id":"2055.1245dc96-3d0a-4972-8813-ab0e5850079a"}],"inputSet":[{}],"outputSet":[{}],"dataInput":[{"itemSubjectRef":"itm.12.c09c9b6e-aabd-4897-bef2-ed61db106297","name":"data","isCollection":false,"id":"2055.c4642a89-5a12-4a33-8f16-4ea2961a8206"}]}}],"targetNamespace":"","typeLanguage":"http:\/\/www.w3.org\/2001\/XMLSchema","expressionLanguage":"http:\/\/www.ibm.com\/xmlns\/prod\/bpm\/expression-lang\/javascript"}</jsonData>
        <field1 isNull="true" />
        <field2 isNull="true" />
        <field3>0</field3>
        <field4 isNull="true" />
        <field5>false</field5>
        <clobField1 isNull="true" />
        <blobField1 isNull="true" />
        <processParameter name="data">
            <lastModified isNull="true" />
            <lastModifiedBy isNull="true" />
            <tenantId isNull="true" />
            <processParameterId>2055.c4642a89-5a12-4a33-8f16-4ea2961a8206</processParameterId>
            <processId>1.7149b78a-611c-42af-8b5a-d666c6e90d73</processId>
            <parameterType>1</parameterType>
            <isArrayOf>false</isArrayOf>
            <classId>f9bfad03-1cba-408d-921f-41cfbdd4600c/12.c09c9b6e-aabd-4897-bef2-ed61db106297</classId>
            <seq>1</seq>
            <hasDefault>false</hasDefault>
            <defaultValue isNull="true" />
            <isLocked>false</isLocked>
            <description isNull="true" />
            <guid>guid:5f8b0de5-e738-47d6-9469-67caa638632e</guid>
            <versionId>febc6f97-6263-460d-a597-693f2fcd60b7</versionId>
        </processParameter>
        <processParameter name="results">
            <lastModified isNull="true" />
            <lastModifiedBy isNull="true" />
            <tenantId isNull="true" />
            <processParameterId>2055.1245dc96-3d0a-4972-8813-ab0e5850079a</processParameterId>
            <processId>1.7149b78a-611c-42af-8b5a-d666c6e90d73</processId>
            <parameterType>2</parameterType>
            <isArrayOf>true</isArrayOf>
            <classId>f9bfad03-1cba-408d-921f-41cfbdd4600c/12.c09c9b6e-aabd-4897-bef2-ed61db106297</classId>
            <seq>2</seq>
            <hasDefault>false</hasDefault>
            <defaultValue isNull="true" />
            <isLocked>false</isLocked>
            <description isNull="true" />
            <guid>guid:d238e7c7-b6d1-445c-a165-da7dca879838</guid>
            <versionId>72682a46-a6ab-427a-bf97-eacad7951e78</versionId>
        </processParameter>
        <item>
            <lastModified isNull="true" />
            <lastModifiedBy isNull="true" />
            <tenantId isNull="true" />
            <processItemId>2025.be8b3136-bcd6-458d-87bc-e42b58e99fe7</processItemId>
            <processId>1.7149b78a-611c-42af-8b5a-d666c6e90d73</processId>
            <name>End</name>
            <tWComponentName>ExitPoint</tWComponentName>
            <tWComponentId>3008.76e88d2c-0742-4741-b59c-854e3db4cd98</tWComponentId>
            <isLogEnabled>false</isLogEnabled>
            <isTraceEnabled>false</isTraceEnabled>
            <traceCategory isNull="true" />
            <traceLevel isNull="true" />
            <traceMessage isNull="true" />
            <traceSymbolTable isNull="true" />
            <isExecutionContextTraced>false</isExecutionContextTraced>
            <saveExecutionContext>true</saveExecutionContext>
            <documentation isNull="true" />
            <isErrorHandlerEnabled>false</isErrorHandlerEnabled>
            <errorHandlerItemId isNull="true" />
            <guid>guid:8b0c8ed1dccfb194:-60544698:18f06b936dc:-761d</guid>
            <versionId>87f5c5db-e011-4703-ad72-625c2d5cc8ef</versionId>
            <externalServiceRef isNull="true" />
            <externalServiceOp isNull="true" />
            <nodeColor isNull="true" />
            <layoutData x="650" y="80">
                <errorLink>
                    <controlPoints />
                    <showEndState>false</showEndState>
                    <showName>false</showName>
                </errorLink>
            </layoutData>
            <TWComponent>
                <lastModified isNull="true" />
                <lastModifiedBy isNull="true" />
                <tenantId isNull="true" />
                <exitPointId>3008.76e88d2c-0742-4741-b59c-854e3db4cd98</exitPointId>
                <haltProcess>false</haltProcess>
                <guid>guid:4e599b42-374c-413c-a9a4-310921733980</guid>
                <versionId>1eeb2a68-f450-4117-8f49-f1650b0084bd</versionId>
            </TWComponent>
        </item>
        <item>
            <lastModified isNull="true" />
            <lastModifiedBy isNull="true" />
            <tenantId isNull="true" />
            <processItemId>2025.676137c4-2492-40da-8880-80b6929c415d</processItemId>
            <processId>1.7149b78a-611c-42af-8b5a-d666c6e90d73</processId>
            <name>Type of Incidence</name>
            <tWComponentName>Script</tWComponentName>
            <tWComponentId>3011.7e2ac3ba-4947-4070-9f89-3d031bd57a04</tWComponentId>
            <isLogEnabled>false</isLogEnabled>
            <isTraceEnabled>false</isTraceEnabled>
            <traceCategory isNull="true" />
            <traceLevel isNull="true" />
            <traceMessage isNull="true" />
            <traceSymbolTable isNull="true" />
            <isExecutionContextTraced>false</isExecutionContextTraced>
            <saveExecutionContext>false</saveExecutionContext>
            <documentation isNull="true" />
            <isErrorHandlerEnabled>false</isErrorHandlerEnabled>
            <errorHandlerItemId isNull="true" />
            <guid>guid:8b0c8ed1dccfb194:-60544698:18f06b936dc:-761a</guid>
            <versionId>5366869e-65c1-4f33-895d-1947f6b007f2</versionId>
            <externalServiceRef isNull="true" />
            <externalServiceOp isNull="true" />
            <nodeColor isNull="true" />
            <layoutData x="284" y="57">
                <errorLink>
                    <controlPoints />
                    <showEndState>false</showEndState>
                    <showName>false</showName>
                </errorLink>
            </layoutData>
            <TWComponent>
                <lastModified isNull="true" />
                <lastModifiedBy isNull="true" />
                <tenantId isNull="true" />
                <scriptId>3011.7e2ac3ba-4947-4070-9f89-3d031bd57a04</scriptId>
                <scriptTypeId>2</scriptTypeId>
                <isActive>true</isActive>
                <script>tw.local.results = new tw.object.listOf.String();
var i=0;
tw.local.results[i++] = "Multi-vehicle Collision";
tw.local.results[i++] = "Single Vehicle Collision";
tw.local.results[i++] = "Vehicle Theft";
tw.local.results[i++] = "Parked Car";</script>
                <isRule>false</isRule>
                <guid>guid:baedf4e6-82c2-484b-a9d5-9668493bf16b</guid>
                <versionId>e707b573-31f3-4b04-aca5-57432b7e2e3c</versionId>
            </TWComponent>
        </item>
        <startingProcessItemId>2025.676137c4-2492-40da-8880-80b6929c415d</startingProcessItemId>
        <errorHandlerItemId isNull="true" />
        <layoutData noConversion="true">
            <errorLink>
                <controlPoints />
                <showEndState>false</showEndState>
                <showName>false</showName>
            </errorLink>
        </layoutData>
        <startPoint>
            <layoutData x="25" y="80">
                <errorLink>
                    <controlPoints />
                    <showEndState>false</showEndState>
                    <showName>false</showName>
                </errorLink>
            </layoutData>
        </startPoint>
        <startLink>
            <fromPort locationId="rightCenter" portType="1" />
            <toPort locationId="leftCenter" portType="2" />
            <layoutData>
                <controlPoints />
                <showEndState>false</showEndState>
                <showName>false</showName>
            </layoutData>
        </startLink>
        <bpmn2Model>
            <ns16:definitions xmlns:ns16="http://www.omg.org/spec/BPMN/20100524/MODEL" xmlns:ns2="http://www.ibm.com/xmlns/prod/bpm/bpmn/ext/process" xmlns:ns3="http://www.ibm.com/xmlns/prod/bpm/bpmn/ext/process/wle" xmlns:ns4="http://www.ibm.com/xmlns/prod/bpm/bpmn/ext/process/case" xmlns:ns5="http://www.ibm.com/bpm/Extensions" xmlns:ns6="http://www.ibm.com/xmlns/prod/bpm/uca" xmlns:ns7="http://www.ibm.com/xmlns/prod/bpm/bpmn/ext/team" xmlns:ns8="http://www.ibm.com/xmlns/prod/bpm/bpmn/ext/trackinggroup" xmlns:ns9="http://www.ibm.com/xmlns/bpmnx/20100524/v1/BusinessVocabulary" xmlns:ns10="http://www.omg.org/spec/DD/20100524/DI" xmlns:ns11="http://www.omg.org/spec/DD/20100524/DC" xmlns:ns12="http://www.omg.org/spec/BPMN/20100524/BPMNDI" xmlns:ns13="http://www.ibm.com/xmlns/prod/bpm/graph" xmlns:ns14="http://www.ibm.com/xmlns/prod/bpm/bpmn/ext/process/auth" xmlns:ns15="http://www.ibm.com/xmlns/prod/bpm/bpmn/ext/extservice" xmlns:ns17="http://www.ibm.com/bpm/processappsettings" xmlns:ns18="http://www.ibm.com/xmlns/links" xmlns:ns19="http://www.ibm.com/bpm/CoachDesignerNG" xmlns:ns20="http://www.ibm.com/xmlns/tagging" xmlns:ns21="http://www.ibm.com/bpm/uitheme" xmlns:ns22="http://www.ibm.com/bpm/coachview" targetNamespace="" expressionLanguage="http://www.ibm.com/xmlns/prod/bpm/expression-lang/javascript" typeLanguage="http://www.w3.org/2001/XMLSchema">
                
                
                <ns16:process name="Type of Incidence DP" id="1.7149b78a-611c-42af-8b5a-d666c6e90d73" ns2:executionMode="microflow">
                    
                    
                    <ns16:documentation textFormat="text/plain" />
                    
                    
                    <ns16:extensionElements>
                        
                        
                        <ns2:isSecured>true</ns2:isSecured>
                        
                        
                        <ns2:isAjaxExposed>true</ns2:isAjaxExposed>
                        
                        
                        <ns2:isTransactionalFlow>false</ns2:isTransactionalFlow>
                        
                        
                        <ns2:sboSyncEnabled>true</ns2:sboSyncEnabled>
                        
                        
                        <ns2:isInvokedAsynchronously>false</ns2:isInvokedAsynchronously>
                        
                    
                    </ns16:extensionElements>
                    
                    
                    <ns16:ioSpecification>
                        
                        
                        <ns16:dataInput name="data" itemSubjectRef="itm.12.c09c9b6e-aabd-4897-bef2-ed61db106297" isCollection="false" id="2055.c4642a89-5a12-4a33-8f16-4ea2961a8206" />
                        
                        
                        <ns16:dataOutput name="results" itemSubjectRef="itm.12.c09c9b6e-aabd-4897-bef2-ed61db106297" isCollection="true" id="2055.1245dc96-3d0a-4972-8813-ab0e5850079a" />
                        
                        
                        <ns16:inputSet />
                        
                        
                        <ns16:outputSet />
                        
                    
                    </ns16:ioSpecification>
                    
                    
                    <ns16:laneSet id="08a7c3a9-1e6d-4252-8ff8-f192bb1b8ef5">
                        
                        
                        <ns16:lane name="System" partitionElementRef="24.6fd38d02-81cf-48ab-bd42-8ff4c0a1628b" id="75041423-8a59-4a88-8b49-b7e8825bd006" ns3:isSystemLane="true">
                            
                            
                            <ns16:extensionElements>
                                
                                
                                <ns13:nodeVisualInfo x="0" y="0" width="3000" height="500" color="#F8F8F8" />
                                
                            
                            </ns16:extensionElements>
                            
                            
                            <ns16:flowNodeRef>5c1af3aa-4d49-4926-8124-03e0c4d79ad1</ns16:flowNodeRef>
                            
                            
                            <ns16:flowNodeRef>be8b3136-bcd6-458d-87bc-e42b58e99fe7</ns16:flowNodeRef>
                            
                            
                            <ns16:flowNodeRef>676137c4-2492-40da-8880-80b6929c415d</ns16:flowNodeRef>
                            
                        
                        </ns16:lane>
                        
                    
                    </ns16:laneSet>
                    
                    
                    <ns16:startEvent isInterrupting="false" parallelMultiple="false" name="Start" id="5c1af3aa-4d49-4926-8124-03e0c4d79ad1">
                        
                        
                        <ns16:extensionElements>
                            
                            
                            <ns13:nodeVisualInfo x="25" y="80" width="24" height="24" color="#F8F8F8" />
                            
                        
                        </ns16:extensionElements>
                        
                        
                        <ns16:outgoing>2027.b34e89f8-b2f9-44b2-8b58-289590acaed2</ns16:outgoing>
                        
                    
                    </ns16:startEvent>
                    
                    
                    <ns16:endEvent name="End" id="be8b3136-bcd6-458d-87bc-e42b58e99fe7">
                        
                        
                        <ns16:extensionElements>
                            
                            
                            <ns13:nodeVisualInfo x="650" y="80" width="24" height="24" color="#F8F8F8" />
                            
                            
                            <ns3:saveExecutionContext>true</ns3:saveExecutionContext>
                            
                            
                            <ns2:endStateId>guid:8b0c8ed1dccfb194:-60544698:18f06b936dc:-761d</ns2:endStateId>
                            
                        
                        </ns16:extensionElements>
                        
                        
                        <ns16:incoming>6ff1b5cb-d981-4c49-81dd-016f91dd9693</ns16:incoming>
                        
                    
                    </ns16:endEvent>
                    
                    
                    <ns16:sequenceFlow sourceRef="5c1af3aa-4d49-4926-8124-03e0c4d79ad1" targetRef="676137c4-2492-40da-8880-80b6929c415d" name="To Type of Incidence" id="2027.b34e89f8-b2f9-44b2-8b58-289590acaed2">
                        
                        
                        <ns16:extensionElements>
                            
                            
                            <ns13:linkVisualInfo>
                                
                                
                                <ns13:sourcePortLocation>rightCenter</ns13:sourcePortLocation>
                                
                                
                                <ns13:targetPortLocation>leftCenter</ns13:targetPortLocation>
                                
                                
                                <ns13:showLabel>false</ns13:showLabel>
                                
                                
                                <ns13:showCoachControlLabel>false</ns13:showCoachControlLabel>
                                
                                
                                <ns13:labelPosition>0.0</ns13:labelPosition>
                                
                                
                                <ns13:saveExecutionContext>false</ns13:saveExecutionContext>
                                
                            
                            </ns13:linkVisualInfo>
                            
                        
                        </ns16:extensionElements>
                        
                    
                    </ns16:sequenceFlow>
                    
                    
                    <ns16:scriptTask scriptFormat="text/x-javascript" name="Type of Incidence" id="676137c4-2492-40da-8880-80b6929c415d">
                        
                        
                        <ns16:extensionElements>
                            
                            
                            <ns13:nodeVisualInfo x="284" y="57" width="95" height="70" />
                            
                        
                        </ns16:extensionElements>
                        
                        
                        <ns16:incoming>2027.b34e89f8-b2f9-44b2-8b58-289590acaed2</ns16:incoming>
                        
                        
                        <ns16:outgoing>6ff1b5cb-d981-4c49-81dd-016f91dd9693</ns16:outgoing>
                        
                        
                        <ns16:script>tw.local.results = new tw.object.listOf.String();
var i=0;
tw.local.results[i++] = "Multi-vehicle Collision";
tw.local.results[i++] = "Single Vehicle Collision";
tw.local.results[i++] = "Vehicle Theft";
tw.local.results[i++] = "Parked Car";</ns16:script>
                        
                    
                    </ns16:scriptTask>
                    
                    
                    <ns16:sequenceFlow sourceRef="676137c4-2492-40da-8880-80b6929c415d" targetRef="be8b3136-bcd6-458d-87bc-e42b58e99fe7" name="To End" id="6ff1b5cb-d981-4c49-81dd-016f91dd9693">
                        
                        
                        <ns16:extensionElements>
                            
                            
                            <ns2:sequenceFlowImplementation sboSyncEnabled="true" />
                            
                            
                            <ns13:linkVisualInfo>
                                
                                
                                <ns13:sourcePortLocation>rightCenter</ns13:sourcePortLocation>
                                
                                
                                <ns13:targetPortLocation>leftCenter</ns13:targetPortLocation>
                                
                                
                                <ns13:showLabel>false</ns13:showLabel>
                                
                                
                                <ns13:showCoachControlLabel>false</ns13:showCoachControlLabel>
                                
                                
                                <ns13:labelPosition>0.0</ns13:labelPosition>
                                
                                
                                <ns13:saveExecutionContext>true</ns13:saveExecutionContext>
                                
                            
                            </ns13:linkVisualInfo>
                            
                        
                        </ns16:extensionElements>
                        
                    
                    </ns16:sequenceFlow>
                    
                
                </ns16:process>
                
            
            </ns16:definitions>
        </bpmn2Model>
        <link name="To End">
            <lastModified isNull="true" />
            <lastModifiedBy isNull="true" />
            <tenantId isNull="true" />
            <processLinkId>2027.6ff1b5cb-d981-4c49-81dd-016f91dd9693</processLinkId>
            <processId>1.7149b78a-611c-42af-8b5a-d666c6e90d73</processId>
            <description isNull="true" />
            <fromProcessItemId>2025.676137c4-2492-40da-8880-80b6929c415d</fromProcessItemId>
            <endStateId>Out</endStateId>
            <toProcessItemId>2025.be8b3136-bcd6-458d-87bc-e42b58e99fe7</toProcessItemId>
            <guid>guid:f4e4fbf6-218f-46b3-aac5-273d8e9c470a</guid>
            <versionId>b01e1f62-543a-415e-89e4-20d05cd87c53</versionId>
            <layoutData>
                <controlPoints />
                <showEndState>false</showEndState>
                <showName>false</showName>
            </layoutData>
            <fromItemPort locationId="rightCenter" portType="1" />
            <toItemPort locationId="leftCenter" portType="2" />
            <fromProcessItemId>2025.676137c4-2492-40da-8880-80b6929c415d</fromProcessItemId>
            <toProcessItemId>2025.be8b3136-bcd6-458d-87bc-e42b58e99fe7</toProcessItemId>
        </link>
    </process>
</teamworks>

