<?xml version="1.0" encoding="UTF-8"?>
<teamworks>
    <process id="1.7564403f-fc55-4b3f-b35c-5c2aede396a9" name="TypicalRequest">
        <lastModified>1716356092118</lastModified>
        <lastModifiedBy>cp4admin</lastModifiedBy>
        <tenantId isNull="true" />
        <processId>1.7564403f-fc55-4b3f-b35c-5c2aede396a9</processId>
        <image isNull="true" />
        <tabGroup isNull="true" />
        <startingProcessItemId>2025.49276ea8-86d7-4b25-8d8f-d8a416ea141b</startingProcessItemId>
        <isRootProcess>false</isRootProcess>
        <processType>12</processType>
        <isErrorHandlerEnabled>false</isErrorHandlerEnabled>
        <errorHandlerItemId isNull="true" />
        <isLoggingVariables>false</isLoggingVariables>
        <isTransactional>false</isTransactional>
        <processTimingLevel isNull="true" />
        <participantRef isNull="true" />
        <exposedType>0</exposedType>
        <isTrackingEnabled>true</isTrackingEnabled>
        <xmlData isNull="true" />
        <cachingType>false</cachingType>
        <itemLabel isNull="true" />
        <cacheLength>0</cacheLength>
        <mobileReady>false</mobileReady>
        <sboSyncEnabled>true</sboSyncEnabled>
        <externalId isNull="true" />
        <isSecured>false</isSecured>
        <isAjaxExposed>true</isAjaxExposed>
        <isInvokedAsynchronously>false</isInvokedAsynchronously>
        <isTransactionalFlow>false</isTransactionalFlow>
        <description isNull="true" />
        <guid>guid:4de8e7d5da8de40b:66c9899e:18f8878ebd9:-7f52</guid>
        <versionId>379f2b5c-f01b-4315-9f36-f6a3aff87dda</versionId>
        <dependencySummary>&lt;dependencySummary id="bpdid:4de8e7d5da8de40b:66c9899e:18f8878ebd9:-7f36" /&gt;</dependencySummary>
        <jsonData>{"rootElement":[{"flowElement":[{"parallelMultiple":false,"outgoing":["2027.dfd26843-43fa-48b3-84d9-395197590bc0"],"isInterrupting":false,"extensionElements":{"nodeVisualInfo":[{"color":"#F8F8F8","width":24,"x":25,"y":80,"declaredType":"TNodeVisualInfo","height":24}]},"name":"Start","declaredType":"startEvent","id":"60555478-bf53-49f6-8aa5-f46b6002606b"},{"incoming":["22df1953-6ced-48b1-8cfe-ba6534229e48"],"extensionElements":{"nodeVisualInfo":[{"color":"#F8F8F8","width":24,"x":650,"y":80,"declaredType":"TNodeVisualInfo","height":24}],"endStateId":["guid:4de8e7d5da8de40b:66c9899e:18f8878ebd9:-7f50"],"saveExecutionContext":[true]},"name":"End","declaredType":"endEvent","id":"fe237ee9-54c8-4d95-8bfa-db22c5e61355"},{"targetRef":"49276ea8-86d7-4b25-8d8f-d8a416ea141b","extensionElements":{"linkVisualInfo":[{"sourcePortLocation":"rightCenter","showCoachControlLabel":false,"labelPosition":0.0,"targetPortLocation":"leftCenter","declaredType":"TLinkVisualInfo","saveExecutionContext":false,"showLabel":false}]},"name":"To Script task","declaredType":"sequenceFlow","id":"2027.dfd26843-43fa-48b3-84d9-395197590bc0","sourceRef":"60555478-bf53-49f6-8aa5-f46b6002606b"},{"startQuantity":1,"outgoing":["22df1953-6ced-48b1-8cfe-ba6534229e48"],"incoming":["2027.dfd26843-43fa-48b3-84d9-395197590bc0"],"extensionElements":{"nodeVisualInfo":[{"width":95,"x":327,"y":57,"declaredType":"TNodeVisualInfo","height":70}]},"name":"Script task","isForCompensation":false,"completionQuantity":1,"declaredType":"scriptTask","id":"49276ea8-86d7-4b25-8d8f-d8a416ea141b","scriptFormat":"text\/x-javascript","script":{"content":["var i=0;\ntw.local.results = new tw.object.listOf.NameValuePair();\ntw.local.results[i] =  new tw.object.NameValuePair();\ntw.local.results[i].name = tw.resource.ClaimsManagement.RequestPhoto;\ntw.local.results[i].value =  tw.resource.ClaimsManagement.RequestPhoto_details;\ni++;\ntw.local.results[i] =  new tw.object.NameValuePair();\ntw.local.results[i].name = tw.resource.ClaimsManagement.ExpertVisit;\ntw.local.results[i].value =  tw.resource.ClaimsManagement.ExpertVisit_details;\ni++;\ntw.local.results[i] =  new tw.object.NameValuePair();\ntw.local.results[i].name = tw.resource.ClaimsManagement.InformationMissing;\ntw.local.results[i].value =  tw.resource.ClaimsManagement.InformationMissing_details;"]}},{"targetRef":"fe237ee9-54c8-4d95-8bfa-db22c5e61355","extensionElements":{"sequenceFlowImplementation":[{"fireValidation":"Never","sboSyncEnabled":true,"declaredType":"com.ibm.bpmsdk.model.bpmn20.ibmext.TSequenceFlowImplementation"}],"linkVisualInfo":[{"sourcePortLocation":"rightCenter","showCoachControlLabel":false,"labelPosition":0.0,"targetPortLocation":"leftCenter","declaredType":"TLinkVisualInfo","saveExecutionContext":true,"showLabel":false}]},"name":"To End","declaredType":"sequenceFlow","id":"22df1953-6ced-48b1-8cfe-ba6534229e48","sourceRef":"49276ea8-86d7-4b25-8d8f-d8a416ea141b"}],"laneSet":[{"id":"998e80ae-9d8b-483f-82ac-0a0da24a407a","lane":[{"flowNodeRef":["60555478-bf53-49f6-8aa5-f46b6002606b","fe237ee9-54c8-4d95-8bfa-db22c5e61355","49276ea8-86d7-4b25-8d8f-d8a416ea141b"],"extensionElements":{"nodeVisualInfo":[{"color":"#F8F8F8","width":3000,"x":0,"y":0,"declaredType":"TNodeVisualInfo","height":500}]},"name":"System","partitionElementRef":"24.6fd38d02-81cf-48ab-bd42-8ff4c0a1628b","declaredType":"lane","id":"82919444-eacf-4994-886d-ea202409276d","otherAttributes":{"{http:\/\/www.ibm.com\/xmlns\/prod\/bpm\/bpmn\/ext\/process\/wle}isSystemLane":"true"}}]}],"isClosed":false,"extensionElements":{"isSecured":[false],"isAjaxExposed":[true],"isTransactionalFlow":[false],"sboSyncEnabled":[true],"isInvokedAsynchronously":[false]},"documentation":[{"textFormat":"text\/plain"}],"name":"TypicalRequest","declaredType":"process","id":"1.7564403f-fc55-4b3f-b35c-5c2aede396a9","processType":"None","otherAttributes":{"{http:\/\/www.ibm.com\/xmlns\/prod\/bpm\/bpmn\/ext\/process}executionMode":"microflow"},"ioSpecification":{"dataOutput":[{"itemSubjectRef":"itm.12.d2e5a15a-ea53-4793-9e93-29af5bd80b13","name":"results","isCollection":true,"id":"2055.5cbd400b-3476-4532-8e8f-29ec11449777"}],"extensionElements":{"localizationResourceLinks":[{"resourceRef":[{"resourceBundleGroupID":"50.2cd479b1-5944-4848-aa8d-d9e3c9818822","declaredType":"com.ibm.bpmsdk.model.bpmn20.ibmext.TLocalizationResourceRef","id":"69.a461b5ad-386f-4a9a-8030-86181e4e9d6c"}],"declaredType":"com.ibm.bpmsdk.model.bpmn20.ibmext.TLocalizationResourceLinks"}]},"inputSet":[{}],"outputSet":[{}],"dataInput":[{"itemSubjectRef":"itm.12.c09c9b6e-aabd-4897-bef2-ed61db106297","name":"data","isCollection":false,"id":"2055.978eebb6-9c00-4565-8882-bb46f1dda18a"}]}}],"targetNamespace":"","typeLanguage":"http:\/\/www.w3.org\/2001\/XMLSchema","expressionLanguage":"http:\/\/www.ibm.com\/xmlns\/prod\/bpm\/expression-lang\/javascript"}</jsonData>
        <field1 isNull="true" />
        <field2 isNull="true" />
        <field3>0</field3>
        <field4 isNull="true" />
        <field5>false</field5>
        <clobField1 isNull="true" />
        <blobField1 isNull="true" />
        <processParameter name="data">
            <lastModified isNull="true" />
            <lastModifiedBy isNull="true" />
            <tenantId isNull="true" />
            <processParameterId>2055.978eebb6-9c00-4565-8882-bb46f1dda18a</processParameterId>
            <processId>1.7564403f-fc55-4b3f-b35c-5c2aede396a9</processId>
            <parameterType>1</parameterType>
            <isArrayOf>false</isArrayOf>
            <classId>f9bfad03-1cba-408d-921f-41cfbdd4600c/12.c09c9b6e-aabd-4897-bef2-ed61db106297</classId>
            <seq>1</seq>
            <hasDefault>false</hasDefault>
            <defaultValue isNull="true" />
            <isLocked>false</isLocked>
            <description isNull="true" />
            <guid>guid:4f4c519b-34ac-473c-baa2-d0c05c4d25b5</guid>
            <versionId>0d667de8-143b-4dc4-b8c7-19b3d055ef82</versionId>
        </processParameter>
        <processParameter name="results">
            <lastModified isNull="true" />
            <lastModifiedBy isNull="true" />
            <tenantId isNull="true" />
            <processParameterId>2055.5cbd400b-3476-4532-8e8f-29ec11449777</processParameterId>
            <processId>1.7564403f-fc55-4b3f-b35c-5c2aede396a9</processId>
            <parameterType>2</parameterType>
            <isArrayOf>true</isArrayOf>
            <classId>f9bfad03-1cba-408d-921f-41cfbdd4600c/12.d2e5a15a-ea53-4793-9e93-29af5bd80b13</classId>
            <seq>2</seq>
            <hasDefault>false</hasDefault>
            <defaultValue isNull="true" />
            <isLocked>false</isLocked>
            <description isNull="true" />
            <guid>guid:eda180a9-25dd-490e-b7a2-645adcc42d31</guid>
            <versionId>2520e907-1729-4bf1-868c-c8b31e4794b8</versionId>
        </processParameter>
        <item>
            <lastModified isNull="true" />
            <lastModifiedBy isNull="true" />
            <tenantId isNull="true" />
            <processItemId>2025.fe237ee9-54c8-4d95-8bfa-db22c5e61355</processItemId>
            <processId>1.7564403f-fc55-4b3f-b35c-5c2aede396a9</processId>
            <name>End</name>
            <tWComponentName>ExitPoint</tWComponentName>
            <tWComponentId>3008.a9973069-0b8f-445f-8519-5f6b17057d77</tWComponentId>
            <isLogEnabled>false</isLogEnabled>
            <isTraceEnabled>false</isTraceEnabled>
            <traceCategory isNull="true" />
            <traceLevel isNull="true" />
            <traceMessage isNull="true" />
            <traceSymbolTable isNull="true" />
            <isExecutionContextTraced>false</isExecutionContextTraced>
            <saveExecutionContext>true</saveExecutionContext>
            <documentation isNull="true" />
            <isErrorHandlerEnabled>false</isErrorHandlerEnabled>
            <errorHandlerItemId isNull="true" />
            <guid>guid:4de8e7d5da8de40b:66c9899e:18f8878ebd9:-7f50</guid>
            <versionId>abbc26c3-575a-44ef-9f96-51d386022972</versionId>
            <externalServiceRef isNull="true" />
            <externalServiceOp isNull="true" />
            <nodeColor isNull="true" />
            <layoutData x="650" y="80">
                <errorLink>
                    <controlPoints />
                    <showEndState>false</showEndState>
                    <showName>false</showName>
                </errorLink>
            </layoutData>
            <TWComponent>
                <lastModified isNull="true" />
                <lastModifiedBy isNull="true" />
                <tenantId isNull="true" />
                <exitPointId>3008.a9973069-0b8f-445f-8519-5f6b17057d77</exitPointId>
                <haltProcess>false</haltProcess>
                <guid>guid:2daab65a-5c7b-494b-865c-f64de58ecc3b</guid>
                <versionId>cfd416f2-f191-4346-b7c0-90bce7401df1</versionId>
            </TWComponent>
        </item>
        <item>
            <lastModified isNull="true" />
            <lastModifiedBy isNull="true" />
            <tenantId isNull="true" />
            <processItemId>2025.49276ea8-86d7-4b25-8d8f-d8a416ea141b</processItemId>
            <processId>1.7564403f-fc55-4b3f-b35c-5c2aede396a9</processId>
            <name>Script task</name>
            <tWComponentName>Script</tWComponentName>
            <tWComponentId>3011.e86ecb2e-0590-444c-b56a-d8de6f1c323d</tWComponentId>
            <isLogEnabled>false</isLogEnabled>
            <isTraceEnabled>false</isTraceEnabled>
            <traceCategory isNull="true" />
            <traceLevel isNull="true" />
            <traceMessage isNull="true" />
            <traceSymbolTable isNull="true" />
            <isExecutionContextTraced>false</isExecutionContextTraced>
            <saveExecutionContext>false</saveExecutionContext>
            <documentation isNull="true" />
            <isErrorHandlerEnabled>false</isErrorHandlerEnabled>
            <errorHandlerItemId isNull="true" />
            <guid>guid:4de8e7d5da8de40b:66c9899e:18f8878ebd9:-7f4e</guid>
            <versionId>91fcfaff-1eff-493b-a781-4e0137d620d3</versionId>
            <externalServiceRef isNull="true" />
            <externalServiceOp isNull="true" />
            <nodeColor isNull="true" />
            <layoutData x="327" y="57">
                <errorLink>
                    <controlPoints />
                    <showEndState>false</showEndState>
                    <showName>false</showName>
                </errorLink>
            </layoutData>
            <TWComponent>
                <lastModified isNull="true" />
                <lastModifiedBy isNull="true" />
                <tenantId isNull="true" />
                <scriptId>3011.e86ecb2e-0590-444c-b56a-d8de6f1c323d</scriptId>
                <scriptTypeId>2</scriptTypeId>
                <isActive>true</isActive>
                <script>var i=0;
tw.local.results = new tw.object.listOf.NameValuePair();
tw.local.results[i] =  new tw.object.NameValuePair();
tw.local.results[i].name = tw.resource.ClaimsManagement.RequestPhoto;
tw.local.results[i].value =  tw.resource.ClaimsManagement.RequestPhoto_details;
i++;
tw.local.results[i] =  new tw.object.NameValuePair();
tw.local.results[i].name = tw.resource.ClaimsManagement.ExpertVisit;
tw.local.results[i].value =  tw.resource.ClaimsManagement.ExpertVisit_details;
i++;
tw.local.results[i] =  new tw.object.NameValuePair();
tw.local.results[i].name = tw.resource.ClaimsManagement.InformationMissing;
tw.local.results[i].value =  tw.resource.ClaimsManagement.InformationMissing_details;</script>
                <isRule>false</isRule>
                <guid>guid:93759a07-19e0-4f2a-ab5c-c1fe389f3b8b</guid>
                <versionId>55a30e97-9275-4c0c-893f-6ce3101228cb</versionId>
            </TWComponent>
        </item>
        <RESOURCE_PROCESS_LINK>
            <lastModified isNull="true" />
            <lastModifiedBy isNull="true" />
            <tenantId isNull="true" />
            <resourceProcessLinkId>2059.006b1afe-4acc-44ae-b75f-4f938184f1f3</resourceProcessLinkId>
            <resourceBundleGroupId>/50.2cd479b1-5944-4848-aa8d-d9e3c9818822</resourceBundleGroupId>
            <processId>1.7564403f-fc55-4b3f-b35c-5c2aede396a9</processId>
            <guid>guid:006b1afe-4acc-44ae-b75f-4f938184f1f3</guid>
            <versionId>bec0c28e-676f-483e-ae96-6deba1b7b668</versionId>
        </RESOURCE_PROCESS_LINK>
        <startingProcessItemId>2025.49276ea8-86d7-4b25-8d8f-d8a416ea141b</startingProcessItemId>
        <errorHandlerItemId isNull="true" />
        <layoutData noConversion="true">
            <errorLink>
                <controlPoints />
                <showEndState>false</showEndState>
                <showName>false</showName>
            </errorLink>
        </layoutData>
        <startPoint>
            <layoutData x="25" y="80">
                <errorLink>
                    <controlPoints />
                    <showEndState>false</showEndState>
                    <showName>false</showName>
                </errorLink>
            </layoutData>
        </startPoint>
        <startLink>
            <fromPort locationId="rightCenter" portType="1" />
            <toPort locationId="leftCenter" portType="2" />
            <layoutData>
                <controlPoints />
                <showEndState>false</showEndState>
                <showName>false</showName>
            </layoutData>
        </startLink>
        <bpmn2Model>
            <ns16:definitions xmlns:ns16="http://www.omg.org/spec/BPMN/20100524/MODEL" xmlns:ns2="http://www.ibm.com/xmlns/prod/bpm/bpmn/ext/process" xmlns:ns3="http://www.ibm.com/xmlns/prod/bpm/bpmn/ext/process/wle" xmlns:ns4="http://www.ibm.com/xmlns/prod/bpm/bpmn/ext/process/case" xmlns:ns5="http://www.ibm.com/bpm/Extensions" xmlns:ns6="http://www.ibm.com/xmlns/prod/bpm/uca" xmlns:ns7="http://www.ibm.com/xmlns/prod/bpm/bpmn/ext/team" xmlns:ns8="http://www.ibm.com/xmlns/prod/bpm/bpmn/ext/trackinggroup" xmlns:ns9="http://www.ibm.com/xmlns/bpmnx/20100524/v1/BusinessVocabulary" xmlns:ns10="http://www.omg.org/spec/DD/20100524/DI" xmlns:ns11="http://www.omg.org/spec/DD/20100524/DC" xmlns:ns12="http://www.omg.org/spec/BPMN/20100524/BPMNDI" xmlns:ns13="http://www.ibm.com/xmlns/prod/bpm/graph" xmlns:ns14="http://www.ibm.com/xmlns/prod/bpm/bpmn/ext/process/auth" xmlns:ns15="http://www.ibm.com/xmlns/prod/bpm/bpmn/ext/extservice" xmlns:ns17="http://www.ibm.com/bpm/processappsettings" xmlns:ns18="http://www.ibm.com/xmlns/links" xmlns:ns19="http://www.ibm.com/bpm/CoachDesignerNG" xmlns:ns20="http://www.ibm.com/xmlns/tagging" xmlns:ns21="http://www.ibm.com/bpm/uitheme" xmlns:ns22="http://www.ibm.com/bpm/coachview" targetNamespace="" expressionLanguage="http://www.ibm.com/xmlns/prod/bpm/expression-lang/javascript" typeLanguage="http://www.w3.org/2001/XMLSchema">
                
                
                <ns16:process name="TypicalRequest" id="1.7564403f-fc55-4b3f-b35c-5c2aede396a9" ns2:executionMode="microflow">
                    
                    
                    <ns16:documentation textFormat="text/plain" />
                    
                    
                    <ns16:extensionElements>
                        
                        
                        <ns2:isTransactionalFlow>false</ns2:isTransactionalFlow>
                        
                        
                        <ns2:sboSyncEnabled>true</ns2:sboSyncEnabled>
                        
                        
                        <ns2:isInvokedAsynchronously>false</ns2:isInvokedAsynchronously>
                        
                        
                        <ns2:isSecured>false</ns2:isSecured>
                        
                        
                        <ns2:isAjaxExposed>true</ns2:isAjaxExposed>
                        
                    
                    </ns16:extensionElements>
                    
                    
                    <ns16:ioSpecification>
                        
                        
                        <ns16:extensionElements>
                            
                            
                            <ns2:localizationResourceLinks>
                                
                                
                                <ns2:resourceRef>
                                    
                                    
                                    <ns2:resourceBundleGroupID>50.2cd479b1-5944-4848-aa8d-d9e3c9818822</ns2:resourceBundleGroupID>
                                    
                                    
                                    <ns2:id>69.a461b5ad-386f-4a9a-8030-86181e4e9d6c</ns2:id>
                                    
                                
                                </ns2:resourceRef>
                                
                            
                            </ns2:localizationResourceLinks>
                            
                        
                        </ns16:extensionElements>
                        
                        
                        <ns16:dataInput name="data" itemSubjectRef="itm.12.c09c9b6e-aabd-4897-bef2-ed61db106297" isCollection="false" id="2055.978eebb6-9c00-4565-8882-bb46f1dda18a" />
                        
                        
                        <ns16:dataOutput name="results" itemSubjectRef="itm.12.d2e5a15a-ea53-4793-9e93-29af5bd80b13" isCollection="true" id="2055.5cbd400b-3476-4532-8e8f-29ec11449777" />
                        
                        
                        <ns16:inputSet />
                        
                        
                        <ns16:outputSet />
                        
                    
                    </ns16:ioSpecification>
                    
                    
                    <ns16:laneSet id="998e80ae-9d8b-483f-82ac-0a0da24a407a">
                        
                        
                        <ns16:lane name="System" partitionElementRef="24.6fd38d02-81cf-48ab-bd42-8ff4c0a1628b" id="82919444-eacf-4994-886d-ea202409276d" ns3:isSystemLane="true">
                            
                            
                            <ns16:extensionElements>
                                
                                
                                <ns13:nodeVisualInfo x="0" y="0" width="3000" height="500" color="#F8F8F8" />
                                
                            
                            </ns16:extensionElements>
                            
                            
                            <ns16:flowNodeRef>60555478-bf53-49f6-8aa5-f46b6002606b</ns16:flowNodeRef>
                            
                            
                            <ns16:flowNodeRef>fe237ee9-54c8-4d95-8bfa-db22c5e61355</ns16:flowNodeRef>
                            
                            
                            <ns16:flowNodeRef>49276ea8-86d7-4b25-8d8f-d8a416ea141b</ns16:flowNodeRef>
                            
                        
                        </ns16:lane>
                        
                    
                    </ns16:laneSet>
                    
                    
                    <ns16:startEvent isInterrupting="false" parallelMultiple="false" name="Start" id="60555478-bf53-49f6-8aa5-f46b6002606b">
                        
                        
                        <ns16:extensionElements>
                            
                            
                            <ns13:nodeVisualInfo x="25" y="80" width="24" height="24" color="#F8F8F8" />
                            
                        
                        </ns16:extensionElements>
                        
                        
                        <ns16:outgoing>2027.dfd26843-43fa-48b3-84d9-395197590bc0</ns16:outgoing>
                        
                    
                    </ns16:startEvent>
                    
                    
                    <ns16:endEvent name="End" id="fe237ee9-54c8-4d95-8bfa-db22c5e61355">
                        
                        
                        <ns16:extensionElements>
                            
                            
                            <ns13:nodeVisualInfo x="650" y="80" width="24" height="24" color="#F8F8F8" />
                            
                            
                            <ns3:saveExecutionContext>true</ns3:saveExecutionContext>
                            
                            
                            <ns2:endStateId>guid:4de8e7d5da8de40b:66c9899e:18f8878ebd9:-7f50</ns2:endStateId>
                            
                        
                        </ns16:extensionElements>
                        
                        
                        <ns16:incoming>22df1953-6ced-48b1-8cfe-ba6534229e48</ns16:incoming>
                        
                    
                    </ns16:endEvent>
                    
                    
                    <ns16:sequenceFlow sourceRef="60555478-bf53-49f6-8aa5-f46b6002606b" targetRef="49276ea8-86d7-4b25-8d8f-d8a416ea141b" name="To Script task" id="2027.dfd26843-43fa-48b3-84d9-395197590bc0">
                        
                        
                        <ns16:extensionElements>
                            
                            
                            <ns13:linkVisualInfo>
                                
                                
                                <ns13:sourcePortLocation>rightCenter</ns13:sourcePortLocation>
                                
                                
                                <ns13:targetPortLocation>leftCenter</ns13:targetPortLocation>
                                
                                
                                <ns13:showLabel>false</ns13:showLabel>
                                
                                
                                <ns13:showCoachControlLabel>false</ns13:showCoachControlLabel>
                                
                                
                                <ns13:labelPosition>0.0</ns13:labelPosition>
                                
                                
                                <ns13:saveExecutionContext>false</ns13:saveExecutionContext>
                                
                            
                            </ns13:linkVisualInfo>
                            
                        
                        </ns16:extensionElements>
                        
                    
                    </ns16:sequenceFlow>
                    
                    
                    <ns16:scriptTask scriptFormat="text/x-javascript" name="Script task" id="49276ea8-86d7-4b25-8d8f-d8a416ea141b">
                        
                        
                        <ns16:extensionElements>
                            
                            
                            <ns13:nodeVisualInfo x="327" y="57" width="95" height="70" />
                            
                        
                        </ns16:extensionElements>
                        
                        
                        <ns16:incoming>2027.dfd26843-43fa-48b3-84d9-395197590bc0</ns16:incoming>
                        
                        
                        <ns16:outgoing>22df1953-6ced-48b1-8cfe-ba6534229e48</ns16:outgoing>
                        
                        
                        <ns16:script>var i=0;
tw.local.results = new tw.object.listOf.NameValuePair();
tw.local.results[i] =  new tw.object.NameValuePair();
tw.local.results[i].name = tw.resource.ClaimsManagement.RequestPhoto;
tw.local.results[i].value =  tw.resource.ClaimsManagement.RequestPhoto_details;
i++;
tw.local.results[i] =  new tw.object.NameValuePair();
tw.local.results[i].name = tw.resource.ClaimsManagement.ExpertVisit;
tw.local.results[i].value =  tw.resource.ClaimsManagement.ExpertVisit_details;
i++;
tw.local.results[i] =  new tw.object.NameValuePair();
tw.local.results[i].name = tw.resource.ClaimsManagement.InformationMissing;
tw.local.results[i].value =  tw.resource.ClaimsManagement.InformationMissing_details;</ns16:script>
                        
                    
                    </ns16:scriptTask>
                    
                    
                    <ns16:sequenceFlow sourceRef="49276ea8-86d7-4b25-8d8f-d8a416ea141b" targetRef="fe237ee9-54c8-4d95-8bfa-db22c5e61355" name="To End" id="22df1953-6ced-48b1-8cfe-ba6534229e48">
                        
                        
                        <ns16:extensionElements>
                            
                            
                            <ns2:sequenceFlowImplementation sboSyncEnabled="true" />
                            
                            
                            <ns13:linkVisualInfo>
                                
                                
                                <ns13:sourcePortLocation>rightCenter</ns13:sourcePortLocation>
                                
                                
                                <ns13:targetPortLocation>leftCenter</ns13:targetPortLocation>
                                
                                
                                <ns13:showLabel>false</ns13:showLabel>
                                
                                
                                <ns13:showCoachControlLabel>false</ns13:showCoachControlLabel>
                                
                                
                                <ns13:labelPosition>0.0</ns13:labelPosition>
                                
                                
                                <ns13:saveExecutionContext>true</ns13:saveExecutionContext>
                                
                            
                            </ns13:linkVisualInfo>
                            
                        
                        </ns16:extensionElements>
                        
                    
                    </ns16:sequenceFlow>
                    
                
                </ns16:process>
                
            
            </ns16:definitions>
        </bpmn2Model>
        <link name="To End">
            <lastModified isNull="true" />
            <lastModifiedBy isNull="true" />
            <tenantId isNull="true" />
            <processLinkId>2027.22df1953-6ced-48b1-8cfe-ba6534229e48</processLinkId>
            <processId>1.7564403f-fc55-4b3f-b35c-5c2aede396a9</processId>
            <description isNull="true" />
            <fromProcessItemId>2025.49276ea8-86d7-4b25-8d8f-d8a416ea141b</fromProcessItemId>
            <endStateId>Out</endStateId>
            <toProcessItemId>2025.fe237ee9-54c8-4d95-8bfa-db22c5e61355</toProcessItemId>
            <guid>guid:7dbc8819-1cad-4df4-9d9e-778399512158</guid>
            <versionId>dd92ad9f-a7a8-4485-a744-05f518d9d57a</versionId>
            <layoutData>
                <controlPoints />
                <showEndState>false</showEndState>
                <showName>false</showName>
            </layoutData>
            <fromItemPort locationId="rightCenter" portType="1" />
            <toItemPort locationId="leftCenter" portType="2" />
            <fromProcessItemId>2025.49276ea8-86d7-4b25-8d8f-d8a416ea141b</fromProcessItemId>
            <toProcessItemId>2025.fe237ee9-54c8-4d95-8bfa-db22c5e61355</toProcessItemId>
        </link>
    </process>
</teamworks>

