<?xml version="1.0" encoding="UTF-8"?>
<teamworks>
    <process id="1.97b3f1f8-5c2f-4ddb-80b7-7f9eefa85334" name="Save Doc To Folder">
        <lastModified>1718641315787</lastModified>
        <lastModifiedBy>cp4admin</lastModifiedBy>
        <tenantId isNull="true" />
        <processId>1.97b3f1f8-5c2f-4ddb-80b7-7f9eefa85334</processId>
        <image isNull="true" />
        <tabGroup isNull="true" />
        <startingProcessItemId>2025.9baa1025-dd76-4e74-8973-701f15bfb703</startingProcessItemId>
        <isRootProcess>false</isRootProcess>
        <processType>12</processType>
        <isErrorHandlerEnabled>false</isErrorHandlerEnabled>
        <errorHandlerItemId isNull="true" />
        <isLoggingVariables>false</isLoggingVariables>
        <isTransactional>false</isTransactional>
        <processTimingLevel isNull="true" />
        <participantRef isNull="true" />
        <exposedType>0</exposedType>
        <isTrackingEnabled>true</isTrackingEnabled>
        <xmlData isNull="true" />
        <cachingType>false</cachingType>
        <itemLabel isNull="true" />
        <cacheLength>0</cacheLength>
        <mobileReady>false</mobileReady>
        <sboSyncEnabled>true</sboSyncEnabled>
        <externalId isNull="true" />
        <isSecured>false</isSecured>
        <isAjaxExposed>true</isAjaxExposed>
        <isInvokedAsynchronously>false</isInvokedAsynchronously>
        <isTransactionalFlow>false</isTransactionalFlow>
        <description>&lt;div&gt;Compose a document based on a word template  and save it in the IBM BPM Target Store&lt;/div&gt;&lt;div&gt;The document type is the document&lt;br /&gt;&lt;/div&gt;</description>
        <guid>ebb5e260-b704-40e8-9ffa-ff861eb7f853</guid>
        <versionId>63569e72-b7c0-406a-ab83-3182b6a05e74</versionId>
        <dependencySummary>&lt;dependencySummary id="bpdid:5733966303c98ceb:54e7d30:18fe44fdd7b:-717e" /&gt;</dependencySummary>
        <jsonData>{"rootElement":[{"flowElement":[{"parallelMultiple":false,"outgoing":["baf96b25-838a-4a55-bab2-62bb87447ae0"],"isInterrupting":false,"extensionElements":{"nodeVisualInfo":[{"color":"#F8F8F8","width":24,"x":24,"y":140,"declaredType":"TNodeVisualInfo","height":24}]},"name":"Start","declaredType":"startEvent","id":"3ca4151d-f40c-49a4-849b-fa895f64c349"},{"incoming":["ad75dfb5-0b68-4c4f-bceb-30629665d99b"],"extensionElements":{"nodeVisualInfo":[{"color":"#F8F8F8","width":24,"x":1042,"y":138,"declaredType":"TNodeVisualInfo","height":24}],"endStateId":["guid:5733966303c98ceb:54e7d30:18fe44fdd7b:-7192"],"saveExecutionContext":[true]},"name":"End","declaredType":"endEvent","id":"b5fce925-cc0b-4adc-b6ae-a0c0a45b285e"},{"outgoing":["ad75dfb5-0b68-4c4f-bceb-30629665d99b"],"incoming":["d855c9c4-3c7d-4d43-b6dc-c7870e08a496","f6ceaded-bbb7-4028-a874-e56898b568b3"],"matchAllSearchCriteria":true,"extensionElements":{"nodeVisualInfo":[{"width":95,"x":816,"y":116,"declaredType":"TNodeVisualInfo","height":70}],"preAssignmentScript":["\n\n"],"activityType":["ContentTask"]},"operationRef":"DOC_OP_CREATE_DOCUMENT","implementation":"##WebService","serverName":"IBM_TargetObjectStore","declaredType":"com.ibm.bpmsdk.model.bpmn20.ibmwleext.TContentTask","startQuantity":1,"name":"Create Documents","dataInputAssociation":[{"targetRef":"FOLDER_ID","assignment":[{"from":{"evaluatesToTypeRef":"12.3212d5b3-f692-41b3-a893-343dc5c3df01","declaredType":"TFormalExpression","content":["tw.local.folder.objectId"]}}]},{"targetRef":"PROPERTIES","assignment":[{"from":{"evaluatesToTypeRef":"itm.12.a4275847-1a37-4d3c-9289-0462d5afbca9","declaredType":"TFormalExpression","content":["tw.local.properties"]}}]},{"targetRef":"SERVER_NAME","assignment":[{"from":{"evaluatesToTypeRef":"itm.12.db884a3c-c533-44b7-bb2d-47bec8ad4022","declaredType":"TFormalExpression","content":["tw.local.serverName"]}}]},{"targetRef":"VERSIONING_STATE","assignment":[{"from":{"evaluatesToTypeRef":"itm.12.c09c9b6e-aabd-4897-bef2-ed61db106297","declaredType":"TFormalExpression"}}]},{"targetRef":"CONTENT_STREAM","assignment":[{"from":{"evaluatesToTypeRef":"itm.12.918ac73f-6d4a-415e-ad3d-72dfa1b01abf","declaredType":"TFormalExpression","content":["tw.local.contentStream"]}}]},{"targetRef":"NAME","assignment":[{"from":{"evaluatesToTypeRef":"itm.12.db884a3c-c533-44b7-bb2d-47bec8ad4022","declaredType":"TFormalExpression","content":["tw.local.docName"]}}]},{"targetRef":"OBJECT_TYPE_ID","assignment":[{"from":{"evaluatesToTypeRef":"itm.12.3212d5b3-f692-41b3-a893-343dc5c3df01","declaredType":"TFormalExpression","content":["tw.local.objectTypeId"]}}]}],"isForCompensation":false,"useMappedVariable":true,"completionQuantity":1,"id":"edeca08a-e2ab-44d4-94f5-5a14ba3ffdec","dataOutputAssociation":[{"assignment":[{"to":{"evaluatesToTypeRef":"itm.12.3212d5b3-f692-41b3-a893-343dc5c3df01","declaredType":"TFormalExpression","content":["tw.local.documentId"]}}],"sourceRef":["DOCUMENT_ID"]}],"orderOverride":false},{"targetRef":"b5fce925-cc0b-4adc-b6ae-a0c0a45b285e","extensionElements":{"sequenceFlowImplementation":[{"fireValidation":"Never","sboSyncEnabled":true,"declaredType":"com.ibm.bpmsdk.model.bpmn20.ibmext.TSequenceFlowImplementation"}],"linkVisualInfo":[{"sourcePortLocation":"rightCenter","showCoachControlLabel":false,"labelPosition":0.0,"targetPortLocation":"leftCenter","declaredType":"TLinkVisualInfo","saveExecutionContext":true,"showLabel":false}]},"name":"To End","declaredType":"sequenceFlow","id":"ad75dfb5-0b68-4c4f-bceb-30629665d99b","sourceRef":"edeca08a-e2ab-44d4-94f5-5a14ba3ffdec"},{"outgoing":["f6ceaded-bbb7-4028-a874-e56898b568b3"],"incoming":["c328e69c-25eb-4f37-9e07-a2b22b995a8d"],"matchAllSearchCriteria":true,"extensionElements":{"nodeVisualInfo":[{"width":95,"x":567,"y":199,"declaredType":"TNodeVisualInfo","height":70}],"activityType":["ContentTask"]},"operationRef":"FOLDER_OP_GET_FOLDER_BY_PATH","implementation":"##WebService","serverName":"IBM_TargetObjectStore","declaredType":"com.ibm.bpmsdk.model.bpmn20.ibmwleext.TContentTask","startQuantity":1,"name":"Get Folder per path","dataInputAssociation":[{"targetRef":"PATH","assignment":[{"from":{"evaluatesToTypeRef":"itm.12.db884a3c-c533-44b7-bb2d-47bec8ad4022","declaredType":"TFormalExpression","content":["tw.local.pathFolder"]}}]}],"isForCompensation":false,"useMappedVariable":true,"completionQuantity":1,"id":"46cdb5b3-3e19-44ee-9c3f-dc30977bfc6d","dataOutputAssociation":[{"assignment":[{"to":{"evaluatesToTypeRef":"itm.12.240930df-e9da-40a6-a4e8-4b41b42bb183","declaredType":"TFormalExpression","content":["tw.local.folder"]}}],"sourceRef":["FOLDER"]}],"orderOverride":false},{"targetRef":"edeca08a-e2ab-44d4-94f5-5a14ba3ffdec","extensionElements":{"linkVisualInfo":[{"sourcePortLocation":"rightCenter","showCoachControlLabel":false,"labelPosition":0.0,"targetPortLocation":"leftCenter","declaredType":"TLinkVisualInfo","saveExecutionContext":false,"showLabel":false}]},"name":"To Create Documents","declaredType":"sequenceFlow","id":"f6ceaded-bbb7-4028-a874-e56898b568b3","sourceRef":"46cdb5b3-3e19-44ee-9c3f-dc30977bfc6d"},{"itemSubjectRef":"itm.12.240930df-e9da-40a6-a4e8-4b41b42bb183","name":"folder","isCollection":false,"declaredType":"dataObject","id":"2056.b41da10f-7a39-498b-bf35-abb4adb0e4c2"},{"itemSubjectRef":"itm.12.3212d5b3-f692-41b3-a893-343dc5c3df01","name":"folderId","isCollection":false,"declaredType":"dataObject","id":"2056.722e98b5-b998-4ead-871f-6ef554f3b410"},{"itemSubjectRef":"itm.12.3212d5b3-f692-41b3-a893-343dc5c3df01","name":"documentId","isCollection":false,"declaredType":"dataObject","id":"2056.cba88885-e31a-4986-8d90-8012c96b38a7"},{"targetRef":"9baa1025-dd76-4e74-8973-701f15bfb703","extensionElements":{"linkVisualInfo":[{"sourcePortLocation":"rightCenter","showCoachControlLabel":false,"labelPosition":0.0,"targetPortLocation":"leftCenter","declaredType":"TLinkVisualInfo","saveExecutionContext":false,"showLabel":false}]},"name":"To Script task","declaredType":"sequenceFlow","id":"baf96b25-838a-4a55-bab2-62bb87447ae0","sourceRef":"3ca4151d-f40c-49a4-849b-fa895f64c349"},{"outgoing":["c328e69c-25eb-4f37-9e07-a2b22b995a8d","88560d39-039f-46bd-9492-1e25c2e4bcee"],"incoming":["42a00e3c-e0f4-4f6f-8e20-e5783fca8f82"],"default":"c328e69c-25eb-4f37-9e07-a2b22b995a8d","gatewayDirection":"Unspecified","extensionElements":{"nodeVisualInfo":[{"width":32,"x":299,"y":136,"declaredType":"TNodeVisualInfo","height":32}]},"name":"Get Folder","declaredType":"exclusiveGateway","id":"0c3d42ea-5dfb-4de5-a436-a4444bf4cfb1"},{"targetRef":"46cdb5b3-3e19-44ee-9c3f-dc30977bfc6d","extensionElements":{"linkVisualInfo":[{"sourcePortLocation":"rightCenter","showCoachControlLabel":false,"labelPosition":0.0,"targetPortLocation":"leftCenter","declaredType":"TLinkVisualInfo","saveExecutionContext":false,"showLabel":true}]},"name":"To Get Folder per path","declaredType":"sequenceFlow","id":"c328e69c-25eb-4f37-9e07-a2b22b995a8d","sourceRef":"0c3d42ea-5dfb-4de5-a436-a4444bf4cfb1"},{"outgoing":["d855c9c4-3c7d-4d43-b6dc-c7870e08a496"],"incoming":["88560d39-039f-46bd-9492-1e25c2e4bcee"],"matchAllSearchCriteria":true,"extensionElements":{"nodeVisualInfo":[{"width":95,"x":570,"y":30,"declaredType":"TNodeVisualInfo","height":70}],"preAssignmentScript":[],"activityType":["ContentTask"]},"operationRef":"FOLDER_OP_GET_FOLDER","implementation":"##WebService","serverName":"IBM_TargetObjectStore","declaredType":"com.ibm.bpmsdk.model.bpmn20.ibmwleext.TContentTask","startQuantity":1,"name":"Get Folder per  id","dataInputAssociation":[{"targetRef":"FOLDER_ID","assignment":[{"from":{"evaluatesToTypeRef":"itm.12.db884a3c-c533-44b7-bb2d-47bec8ad4022","declaredType":"TFormalExpression","content":["tw.local.FolderID"]}}]}],"isForCompensation":false,"useMappedVariable":true,"completionQuantity":1,"id":"942be870-b260-45c6-91a2-4668c7c2fe2e","dataOutputAssociation":[{"assignment":[{"to":{"evaluatesToTypeRef":"itm.12.240930df-e9da-40a6-a4e8-4b41b42bb183","declaredType":"TFormalExpression","content":["tw.local.folder"]}}],"sourceRef":["FOLDER"]}],"orderOverride":false},{"targetRef":"edeca08a-e2ab-44d4-94f5-5a14ba3ffdec","extensionElements":{"linkVisualInfo":[{"sourcePortLocation":"rightCenter","showCoachControlLabel":false,"labelPosition":0.0,"targetPortLocation":"leftCenter","declaredType":"TLinkVisualInfo","saveExecutionContext":false,"showLabel":false}]},"name":"To Create Documents","declaredType":"sequenceFlow","id":"d855c9c4-3c7d-4d43-b6dc-c7870e08a496","sourceRef":"942be870-b260-45c6-91a2-4668c7c2fe2e"},{"targetRef":"942be870-b260-45c6-91a2-4668c7c2fe2e","conditionExpression":{"declaredType":"TFormalExpression","content":["tw.local.FolderID\t  !=\t  null"]},"extensionElements":{"linkVisualInfo":[{"sourcePortLocation":"rightCenter","showCoachControlLabel":false,"labelPosition":0.0,"targetPortLocation":"leftCenter","declaredType":"TLinkVisualInfo","saveExecutionContext":false,"showLabel":true}]},"name":"To Get Folder per  id","declaredType":"sequenceFlow","id":"88560d39-039f-46bd-9492-1e25c2e4bcee","sourceRef":"0c3d42ea-5dfb-4de5-a436-a4444bf4cfb1"},{"extensionElements":{"defaultValue":[{"declaredType":"com.ibm.bpmsdk.model.bpmn20.ibmext.TDefaultValue","useDefault":true,"value":"var autoObject = new tw.object.toolkit.SYSCM.ECMContentStream();\nautoObject"}]},"itemSubjectRef":"itm.12.918ac73f-6d4a-415e-ad3d-72dfa1b01abf","name":"contentStream","isCollection":false,"declaredType":"dataObject","id":"2056.38825a1d-982b-45c2-8b86-60d623821ee0"},{"startQuantity":1,"outgoing":["42a00e3c-e0f4-4f6f-8e20-e5783fca8f82"],"incoming":["baf96b25-838a-4a55-bab2-62bb87447ae0"],"extensionElements":{"nodeVisualInfo":[{"width":95,"x":126,"y":117,"declaredType":"TNodeVisualInfo","height":70}]},"name":"Script task","isForCompensation":false,"completionQuantity":1,"declaredType":"scriptTask","id":"9baa1025-dd76-4e74-8973-701f15bfb703","scriptFormat":"text\/x-javascript","script":{"content":["\/\/ Script sample code to set and encode the document content\nvar value = tw.local.content;\nvar bytesValue = new Packages.java.lang.String(value).getBytes(\"UTF-8\");\ntw.local.contentStream = new tw.object.ECMContentStream();\ntw.local.contentStream.contentLength = bytesValue.length;\ntw.local.contentStream.mimeType = \"text\/plain\";\ntw.local.contentStream.content = Packages.javax.xml.bind.DatatypeConverter.printBase64Binary(bytesValue);"]}},{"targetRef":"0c3d42ea-5dfb-4de5-a436-a4444bf4cfb1","extensionElements":{"linkVisualInfo":[{"sourcePortLocation":"rightCenter","showCoachControlLabel":false,"labelPosition":0.0,"targetPortLocation":"leftCenter","declaredType":"TLinkVisualInfo","saveExecutionContext":false,"showLabel":false}]},"name":"To Get Folder","declaredType":"sequenceFlow","id":"42a00e3c-e0f4-4f6f-8e20-e5783fca8f82","sourceRef":"9baa1025-dd76-4e74-8973-701f15bfb703"}],"laneSet":[{"id":"ed68bbeb-67ad-41de-ba0e-f116b82b66d7","lane":[{"flowNodeRef":["3ca4151d-f40c-49a4-849b-fa895f64c349","b5fce925-cc0b-4adc-b6ae-a0c0a45b285e","edeca08a-e2ab-44d4-94f5-5a14ba3ffdec","46cdb5b3-3e19-44ee-9c3f-dc30977bfc6d","0c3d42ea-5dfb-4de5-a436-a4444bf4cfb1","942be870-b260-45c6-91a2-4668c7c2fe2e","9baa1025-dd76-4e74-8973-701f15bfb703"],"extensionElements":{"nodeVisualInfo":[{"color":"#F8F8F8","width":3000,"x":0,"y":0,"declaredType":"TNodeVisualInfo","height":351}]},"name":"System","partitionElementRef":"24.6fd38d02-81cf-48ab-bd42-8ff4c0a1628b","declaredType":"lane","id":"4581df0f-328e-4645-a657-b51e0b89f4f8","otherAttributes":{"{http:\/\/www.ibm.com\/xmlns\/prod\/bpm\/bpmn\/ext\/process\/wle}isSystemLane":"true"}}]}],"isClosed":false,"extensionElements":{"isSecured":[false],"isAjaxExposed":[true],"sboSyncEnabled":[true]},"documentation":[{"content":["&lt;div&gt;Compose a document based on a word template\u00a0 and save it in the IBM BPM Target Store&lt;\/div&gt;&lt;div&gt;The document type is the document&lt;br \/&gt;&lt;\/div&gt;"],"textFormat":"text\/plain"}],"name":"Save Doc To Folder","declaredType":"process","id":"1.97b3f1f8-5c2f-4ddb-80b7-7f9eefa85334","processType":"None","otherAttributes":{"{http:\/\/www.ibm.com\/xmlns\/prod\/bpm\/bpmn\/ext\/process}executionMode":"microflow"},"ioSpecification":{"dataOutput":[{"itemSubjectRef":"itm.12.db884a3c-c533-44b7-bb2d-47bec8ad4022","name":"DocumentID","isCollection":false,"id":"2055.655de8eb-3028-43fc-97de-a71634f7aac9"}],"inputSet":[{"dataInputRefs":["2055.f881c1ad-9caa-4307-9fa8-f83a7b13912b","2055.8f00533f-4095-4fe4-86b1-b714abf4519b","2055.3ea3ecdf-b4f7-4937-8264-d83650575f9c","2055.f03c8ecc-1375-4167-9a09-af72e36415c4","2055.d34f4578-643b-4432-b52d-4cc55929eb8e","2055.e7b6ed80-dc76-40fb-977c-ecf7ace46036","2055.b9cb2da2-5bf6-4a02-8405-74cccb1e2629"]}],"outputSet":[{"dataOutputRefs":["2055.655de8eb-3028-43fc-97de-a71634f7aac9"]}],"dataInput":[{"extensionElements":{"defaultValue":[{"declaredType":"com.ibm.bpmsdk.model.bpmn20.ibmext.TDefaultValue","useDefault":true,"value":"\"Signed.txt\""}]},"itemSubjectRef":"itm.12.db884a3c-c533-44b7-bb2d-47bec8ad4022","documentation":[{"content":["&lt;div&gt;The name of document should also contains the extension&lt;br \/&gt;&lt;\/div&gt;"],"textFormat":"text\/plain"}],"name":"docName","isCollection":false,"id":"2055.f881c1ad-9caa-4307-9fa8-f83a7b13912b"},{"extensionElements":{"defaultValue":[{"declaredType":"com.ibm.bpmsdk.model.bpmn20.ibmext.TDefaultValue","useDefault":true,"value":"\"\/Claims\""}]},"itemSubjectRef":"itm.12.db884a3c-c533-44b7-bb2d-47bec8ad4022","documentation":[{"content":["the path of the folder where to store the document"],"textFormat":"text\/plain"}],"name":"pathFolder","isCollection":false,"id":"2055.8f00533f-4095-4fe4-86b1-b714abf4519b"},{"itemSubjectRef":"itm.12.db884a3c-c533-44b7-bb2d-47bec8ad4022","documentation":[{"content":["The id of the folder and where to store\u00a0 the document."],"textFormat":"text\/plain"}],"name":"FolderID","isCollection":false,"id":"2055.3ea3ecdf-b4f7-4937-8264-d83650575f9c"},{"extensionElements":{"defaultValue":[{"declaredType":"com.ibm.bpmsdk.model.bpmn20.ibmext.TDefaultValue","useDefault":true,"value":"var autoObject = new tw.object.listOf.toolkit.SYSCM.ECMProperty();\nautoObject"}]},"itemSubjectRef":"itm.12.a4275847-1a37-4d3c-9289-0462d5afbca9","name":"properties","isCollection":true,"id":"2055.d34f4578-643b-4432-b52d-4cc55929eb8e"},{"extensionElements":{"defaultValue":[{"declaredType":"com.ibm.bpmsdk.model.bpmn20.ibmext.TDefaultValue","useDefault":true,"value":"\"cmis:document\""}]},"itemSubjectRef":"itm.12.3212d5b3-f692-41b3-a893-343dc5c3df01","name":"objectTypeId","isCollection":false,"id":"2055.e7b6ed80-dc76-40fb-977c-ecf7ace46036"},{"itemSubjectRef":"itm.12.db884a3c-c533-44b7-bb2d-47bec8ad4022","name":"content","isCollection":false,"id":"2055.b9cb2da2-5bf6-4a02-8405-74cccb1e2629"}]}}],"targetNamespace":"","typeLanguage":"http:\/\/www.w3.org\/2001\/XMLSchema","expressionLanguage":"http:\/\/www.ibm.com\/xmlns\/prod\/bpm\/expression-lang\/javascript"}</jsonData>
        <field1 isNull="true" />
        <field2 isNull="true" />
        <field3>0</field3>
        <field4 isNull="true" />
        <field5>false</field5>
        <clobField1 isNull="true" />
        <blobField1 isNull="true" />
        <processParameter name="docName">
            <lastModified isNull="true" />
            <lastModifiedBy isNull="true" />
            <tenantId isNull="true" />
            <processParameterId>2055.f881c1ad-9caa-4307-9fa8-f83a7b13912b</processParameterId>
            <processId>1.97b3f1f8-5c2f-4ddb-80b7-7f9eefa85334</processId>
            <parameterType>1</parameterType>
            <isArrayOf>false</isArrayOf>
            <classId>f9bfad03-1cba-408d-921f-41cfbdd4600c/12.db884a3c-c533-44b7-bb2d-47bec8ad4022</classId>
            <seq>1</seq>
            <hasDefault>true</hasDefault>
            <defaultValue>"Signed.txt"</defaultValue>
            <isLocked>false</isLocked>
            <description>&lt;div&gt;The name of document should also contains the extension&lt;br /&gt;&lt;/div&gt;</description>
            <guid>7fcc6811-de50-4283-83ee-cdaa0fa09f1e</guid>
            <versionId>186009bb-8ce5-426f-b9c8-759eea56d25c</versionId>
        </processParameter>
        <processParameter name="pathFolder">
            <lastModified isNull="true" />
            <lastModifiedBy isNull="true" />
            <tenantId isNull="true" />
            <processParameterId>2055.8f00533f-4095-4fe4-86b1-b714abf4519b</processParameterId>
            <processId>1.97b3f1f8-5c2f-4ddb-80b7-7f9eefa85334</processId>
            <parameterType>1</parameterType>
            <isArrayOf>false</isArrayOf>
            <classId>f9bfad03-1cba-408d-921f-41cfbdd4600c/12.db884a3c-c533-44b7-bb2d-47bec8ad4022</classId>
            <seq>2</seq>
            <hasDefault>true</hasDefault>
            <defaultValue>"/Claims"</defaultValue>
            <isLocked>false</isLocked>
            <description>the path of the folder where to store the document</description>
            <guid>1b623b11-bd81-4724-953d-5feaf293d8f7</guid>
            <versionId>ed9b09c1-04b0-4a10-a015-3255d3b721a3</versionId>
        </processParameter>
        <processParameter name="FolderID">
            <lastModified isNull="true" />
            <lastModifiedBy isNull="true" />
            <tenantId isNull="true" />
            <processParameterId>2055.3ea3ecdf-b4f7-4937-8264-d83650575f9c</processParameterId>
            <processId>1.97b3f1f8-5c2f-4ddb-80b7-7f9eefa85334</processId>
            <parameterType>1</parameterType>
            <isArrayOf>false</isArrayOf>
            <classId>f9bfad03-1cba-408d-921f-41cfbdd4600c/12.db884a3c-c533-44b7-bb2d-47bec8ad4022</classId>
            <seq>3</seq>
            <hasDefault>false</hasDefault>
            <defaultValue isNull="true" />
            <isLocked>false</isLocked>
            <description>The id of the folder and where to store  the document.</description>
            <guid>9ed1001c-1b20-4ac1-8193-1d0626ab21ec</guid>
            <versionId>d155ca02-fe73-4909-b503-9562709027eb</versionId>
        </processParameter>
        <processParameter name="properties">
            <lastModified isNull="true" />
            <lastModifiedBy isNull="true" />
            <tenantId isNull="true" />
            <processParameterId>2055.d34f4578-643b-4432-b52d-4cc55929eb8e</processParameterId>
            <processId>1.97b3f1f8-5c2f-4ddb-80b7-7f9eefa85334</processId>
            <parameterType>1</parameterType>
            <isArrayOf>true</isArrayOf>
            <classId>eb06c578-2751-4f88-8d83-11ae81f27089/12.a4275847-1a37-4d3c-9289-0462d5afbca9</classId>
            <seq>4</seq>
            <hasDefault>true</hasDefault>
            <defaultValue>var autoObject = new tw.object.listOf.toolkit.SYSCM.ECMProperty();
autoObject</defaultValue>
            <isLocked>false</isLocked>
            <description isNull="true" />
            <guid>dde1fb8b-bd9a-45a8-8db5-0a3c3022b318</guid>
            <versionId>d7e1cf69-48e6-4898-9e70-e0811dc5c683</versionId>
        </processParameter>
        <processParameter name="objectTypeId">
            <lastModified isNull="true" />
            <lastModifiedBy isNull="true" />
            <tenantId isNull="true" />
            <processParameterId>2055.e7b6ed80-dc76-40fb-977c-ecf7ace46036</processParameterId>
            <processId>1.97b3f1f8-5c2f-4ddb-80b7-7f9eefa85334</processId>
            <parameterType>1</parameterType>
            <isArrayOf>false</isArrayOf>
            <classId>eb06c578-2751-4f88-8d83-11ae81f27089/12.3212d5b3-f692-41b3-a893-343dc5c3df01</classId>
            <seq>5</seq>
            <hasDefault>true</hasDefault>
            <defaultValue>"cmis:document"</defaultValue>
            <isLocked>false</isLocked>
            <description isNull="true" />
            <guid>5b605008-840b-4fe6-a099-2beaa403e448</guid>
            <versionId>05869a7f-9c96-4ff8-a0bf-c9e52fe40852</versionId>
        </processParameter>
        <processParameter name="content">
            <lastModified isNull="true" />
            <lastModifiedBy isNull="true" />
            <tenantId isNull="true" />
            <processParameterId>2055.b9cb2da2-5bf6-4a02-8405-74cccb1e2629</processParameterId>
            <processId>1.97b3f1f8-5c2f-4ddb-80b7-7f9eefa85334</processId>
            <parameterType>1</parameterType>
            <isArrayOf>false</isArrayOf>
            <classId>f9bfad03-1cba-408d-921f-41cfbdd4600c/12.db884a3c-c533-44b7-bb2d-47bec8ad4022</classId>
            <seq>6</seq>
            <hasDefault>false</hasDefault>
            <defaultValue isNull="true" />
            <isLocked>false</isLocked>
            <description isNull="true" />
            <guid>guid:eba75f51-f0c5-4899-ad87-63f45582375e</guid>
            <versionId>2d03b516-b8e9-413b-b0e0-25068532b7ca</versionId>
        </processParameter>
        <processParameter name="DocumentID">
            <lastModified isNull="true" />
            <lastModifiedBy isNull="true" />
            <tenantId isNull="true" />
            <processParameterId>2055.655de8eb-3028-43fc-97de-a71634f7aac9</processParameterId>
            <processId>1.97b3f1f8-5c2f-4ddb-80b7-7f9eefa85334</processId>
            <parameterType>2</parameterType>
            <isArrayOf>false</isArrayOf>
            <classId>f9bfad03-1cba-408d-921f-41cfbdd4600c/12.db884a3c-c533-44b7-bb2d-47bec8ad4022</classId>
            <seq>7</seq>
            <hasDefault>false</hasDefault>
            <defaultValue isNull="true" />
            <isLocked>false</isLocked>
            <description isNull="true" />
            <guid>5d84c85b-5f58-4eec-8a11-e10956d97280</guid>
            <versionId>67b36276-0397-4b13-b681-c361a66e0354</versionId>
        </processParameter>
        <processParameter name="ECMError">
            <lastModified isNull="true" />
            <lastModifiedBy isNull="true" />
            <tenantId isNull="true" />
            <processParameterId>2055.1862ea8b-8554-40f0-97fe-83add98dcefd</processParameterId>
            <processId>1.97b3f1f8-5c2f-4ddb-80b7-7f9eefa85334</processId>
            <parameterType>3</parameterType>
            <isArrayOf>false</isArrayOf>
            <classId>eb06c578-2751-4f88-8d83-11ae81f27089/12.bfb48b9b-8247-49fb-8f78-82b738b817a6</classId>
            <seq>114</seq>
            <hasDefault>false</hasDefault>
            <defaultValue>ECMError</defaultValue>
            <isLocked>false</isLocked>
            <description isNull="true" />
            <guid>guid:1862ea8b-8554-40f0-97fe-83add98dcefd</guid>
            <versionId>e3faa6aa-0de9-4762-af38-dd98d6147fce</versionId>
        </processParameter>
        <processVariable name="folder">
            <lastModified isNull="true" />
            <lastModifiedBy isNull="true" />
            <tenantId isNull="true" />
            <processVariableId>2056.b41da10f-7a39-498b-bf35-abb4adb0e4c2</processVariableId>
            <description isNull="true" />
            <processId>1.97b3f1f8-5c2f-4ddb-80b7-7f9eefa85334</processId>
            <namespace>2</namespace>
            <seq>1</seq>
            <isArrayOf>false</isArrayOf>
            <isTransient>false</isTransient>
            <classId>eb06c578-2751-4f88-8d83-11ae81f27089/12.240930df-e9da-40a6-a4e8-4b41b42bb183</classId>
            <hasDefault>false</hasDefault>
            <defaultValue isNull="true" />
            <guid>1b0fc8d6-82cc-4d9d-afdc-ec07132cd88d</guid>
            <versionId>e0e7bb46-2d10-45f7-b134-993a6ae252cf</versionId>
        </processVariable>
        <processVariable name="folderId">
            <lastModified isNull="true" />
            <lastModifiedBy isNull="true" />
            <tenantId isNull="true" />
            <processVariableId>2056.722e98b5-b998-4ead-871f-6ef554f3b410</processVariableId>
            <description isNull="true" />
            <processId>1.97b3f1f8-5c2f-4ddb-80b7-7f9eefa85334</processId>
            <namespace>2</namespace>
            <seq>2</seq>
            <isArrayOf>false</isArrayOf>
            <isTransient>false</isTransient>
            <classId>eb06c578-2751-4f88-8d83-11ae81f27089/12.3212d5b3-f692-41b3-a893-343dc5c3df01</classId>
            <hasDefault>false</hasDefault>
            <defaultValue isNull="true" />
            <guid>d418219d-5612-4575-9127-66e41f0f751a</guid>
            <versionId>17c945ac-b2e7-4121-9722-742e149da302</versionId>
        </processVariable>
        <processVariable name="documentId">
            <lastModified isNull="true" />
            <lastModifiedBy isNull="true" />
            <tenantId isNull="true" />
            <processVariableId>2056.cba88885-e31a-4986-8d90-8012c96b38a7</processVariableId>
            <description isNull="true" />
            <processId>1.97b3f1f8-5c2f-4ddb-80b7-7f9eefa85334</processId>
            <namespace>2</namespace>
            <seq>3</seq>
            <isArrayOf>false</isArrayOf>
            <isTransient>false</isTransient>
            <classId>eb06c578-2751-4f88-8d83-11ae81f27089/12.3212d5b3-f692-41b3-a893-343dc5c3df01</classId>
            <hasDefault>false</hasDefault>
            <defaultValue isNull="true" />
            <guid>12317c36-5c72-480a-8142-998cd301a5c1</guid>
            <versionId>395fd20e-c384-4e87-b928-8d8db792a4ee</versionId>
        </processVariable>
        <processVariable name="contentStream">
            <lastModified isNull="true" />
            <lastModifiedBy isNull="true" />
            <tenantId isNull="true" />
            <processVariableId>2056.38825a1d-982b-45c2-8b86-60d623821ee0</processVariableId>
            <description isNull="true" />
            <processId>1.97b3f1f8-5c2f-4ddb-80b7-7f9eefa85334</processId>
            <namespace>2</namespace>
            <seq>4</seq>
            <isArrayOf>false</isArrayOf>
            <isTransient>false</isTransient>
            <classId>eb06c578-2751-4f88-8d83-11ae81f27089/12.918ac73f-6d4a-415e-ad3d-72dfa1b01abf</classId>
            <hasDefault>true</hasDefault>
            <defaultValue>var autoObject = new tw.object.toolkit.SYSCM.ECMContentStream();
autoObject</defaultValue>
            <guid>guid:170903f2-8255-4e02-bf46-a6c92f0de7be</guid>
            <versionId>2f526151-6e66-4b96-ab6a-caac5da80a9f</versionId>
        </processVariable>
        <item>
            <lastModified isNull="true" />
            <lastModifiedBy isNull="true" />
            <tenantId isNull="true" />
            <processItemId>2025.b5fce925-cc0b-4adc-b6ae-a0c0a45b285e</processItemId>
            <processId>1.97b3f1f8-5c2f-4ddb-80b7-7f9eefa85334</processId>
            <name>End</name>
            <tWComponentName>ExitPoint</tWComponentName>
            <tWComponentId>3008.dc66f634-9c6c-4eac-b9a7-5d3af3fe0443</tWComponentId>
            <isLogEnabled>false</isLogEnabled>
            <isTraceEnabled>false</isTraceEnabled>
            <traceCategory isNull="true" />
            <traceLevel isNull="true" />
            <traceMessage isNull="true" />
            <traceSymbolTable isNull="true" />
            <isExecutionContextTraced>false</isExecutionContextTraced>
            <saveExecutionContext>true</saveExecutionContext>
            <documentation isNull="true" />
            <isErrorHandlerEnabled>false</isErrorHandlerEnabled>
            <errorHandlerItemId isNull="true" />
            <guid>guid:5733966303c98ceb:54e7d30:18fe44fdd7b:-7192</guid>
            <versionId>08037fa6-28c8-4e8a-bb29-ed1dc336aacf</versionId>
            <externalServiceRef isNull="true" />
            <externalServiceOp isNull="true" />
            <nodeColor isNull="true" />
            <layoutData x="1042" y="138">
                <errorLink>
                    <controlPoints />
                    <showEndState>false</showEndState>
                    <showName>false</showName>
                </errorLink>
            </layoutData>
            <TWComponent>
                <lastModified isNull="true" />
                <lastModifiedBy isNull="true" />
                <tenantId isNull="true" />
                <exitPointId>3008.dc66f634-9c6c-4eac-b9a7-5d3af3fe0443</exitPointId>
                <haltProcess>false</haltProcess>
                <guid>23890e35-95b9-4cf9-9154-eaa7b9d3a521</guid>
                <versionId>f0100bb1-c60c-4b9f-ae55-1eb2403bee2c</versionId>
            </TWComponent>
        </item>
        <item>
            <lastModified isNull="true" />
            <lastModifiedBy isNull="true" />
            <tenantId isNull="true" />
            <processItemId>2025.942be870-b260-45c6-91a2-4668c7c2fe2e</processItemId>
            <processId>1.97b3f1f8-5c2f-4ddb-80b7-7f9eefa85334</processId>
            <name>Get Folder per  id</name>
            <tWComponentName>ECMConnector</tWComponentName>
            <tWComponentId>3030.42486117-4825-4de5-a842-6f4cfbbb45a9</tWComponentId>
            <isLogEnabled>false</isLogEnabled>
            <isTraceEnabled>false</isTraceEnabled>
            <traceCategory isNull="true" />
            <traceLevel isNull="true" />
            <traceMessage isNull="true" />
            <traceSymbolTable isNull="true" />
            <isExecutionContextTraced>false</isExecutionContextTraced>
            <saveExecutionContext>false</saveExecutionContext>
            <documentation isNull="true" />
            <isErrorHandlerEnabled>false</isErrorHandlerEnabled>
            <errorHandlerItemId isNull="true" />
            <guid>guid:5733966303c98ceb:54e7d30:18fe44fdd7b:-7193</guid>
            <versionId>2a06d43b-c897-4680-8430-28910ac5caa0</versionId>
            <externalServiceRef isNull="true" />
            <externalServiceOp isNull="true" />
            <nodeColor isNull="true" />
            <processPrePosts>
                <lastModified isNull="true" />
                <lastModifiedBy isNull="true" />
                <tenantId isNull="true" />
                <processItemPrePostId>2029.0beac2a8-5e6e-425c-8f20-d8f93768872b</processItemPrePostId>
                <processItemId>2025.942be870-b260-45c6-91a2-4668c7c2fe2e</processItemId>
                <location>1</location>
                <script isNull="true" />
                <guid>5f7c2ac8-c2a1-4377-a992-9dec38956dc4</guid>
                <versionId>6749d4a4-7e5e-40b0-9950-5606ad167ab7</versionId>
            </processPrePosts>
            <layoutData x="570" y="30">
                <errorLink>
                    <controlPoints />
                    <showEndState>false</showEndState>
                    <showName>false</showName>
                </errorLink>
            </layoutData>
            <TWComponent>
                <lastModified isNull="true" />
                <lastModifiedBy isNull="true" />
                <tenantId isNull="true" />
                <ecmConnectorId>3030.42486117-4825-4de5-a842-6f4cfbbb45a9</ecmConnectorId>
                <definition>&lt;config type="com.lombardisoftware.client.persistence.ECMConnectorConfiguration"&gt;
  &lt;inputParameters&gt;
    &lt;parameter&gt;
      &lt;name&gt;folderId&lt;/name&gt;
      &lt;type&gt;ECMID&lt;/type&gt;
      &lt;description /&gt;
      &lt;defaultValue /&gt;
      &lt;argumentVariable&gt;tw.local.FolderID&lt;/argumentVariable&gt;
      &lt;isArray /&gt;
      &lt;isList&gt;false&lt;/isList&gt;
    &lt;/parameter&gt;
    &lt;parameter&gt;
      &lt;name&gt;serverName&lt;/name&gt;
      &lt;type&gt;String&lt;/type&gt;
      &lt;description /&gt;
      &lt;defaultValue /&gt;
      &lt;isArray /&gt;
      &lt;isList&gt;false&lt;/isList&gt;
    &lt;/parameter&gt;
  &lt;/inputParameters&gt;
  &lt;outputParameters&gt;
    &lt;parameter&gt;
      &lt;name&gt;folder&lt;/name&gt;
      &lt;type&gt;ECMFolder&lt;/type&gt;
      &lt;description /&gt;
      &lt;defaultValue /&gt;
      &lt;argumentVariable&gt;tw.local.folder&lt;/argumentVariable&gt;
      &lt;isArray /&gt;
      &lt;isList&gt;false&lt;/isList&gt;
    &lt;/parameter&gt;
  &lt;/outputParameters&gt;
  &lt;matchAllSearchCriteria&gt;true&lt;/matchAllSearchCriteria&gt;
  &lt;searchParameters /&gt;
  &lt;selectParameters /&gt;
  &lt;orderOverride&gt;false&lt;/orderOverride&gt;
  &lt;orderOverrideValue /&gt;
  &lt;operationType&gt;FOLDER_OP_GET_FOLDER&lt;/operationType&gt;
  &lt;server&gt;IBM_TargetObjectStore&lt;/server&gt;
  &lt;objectTypeSelection&gt;DOCUMENT&lt;/objectTypeSelection&gt;
  &lt;useMappedVariable&gt;true&lt;/useMappedVariable&gt;
&lt;/config&gt;</definition>
                <guid>guid:42486117-4825-4de5-a842-6f4cfbbb45a9</guid>
                <versionId>8b4d5d83-b24e-4953-9058-58147ff2aa26</versionId>
            </TWComponent>
        </item>
        <item>
            <lastModified isNull="true" />
            <lastModifiedBy isNull="true" />
            <tenantId isNull="true" />
            <processItemId>2025.9baa1025-dd76-4e74-8973-701f15bfb703</processItemId>
            <processId>1.97b3f1f8-5c2f-4ddb-80b7-7f9eefa85334</processId>
            <name>Script task</name>
            <tWComponentName>Script</tWComponentName>
            <tWComponentId>3011.7960d45d-9af7-42c4-9884-8c8b8ac5a1bf</tWComponentId>
            <isLogEnabled>false</isLogEnabled>
            <isTraceEnabled>false</isTraceEnabled>
            <traceCategory isNull="true" />
            <traceLevel isNull="true" />
            <traceMessage isNull="true" />
            <traceSymbolTable isNull="true" />
            <isExecutionContextTraced>false</isExecutionContextTraced>
            <saveExecutionContext>false</saveExecutionContext>
            <documentation isNull="true" />
            <isErrorHandlerEnabled>false</isErrorHandlerEnabled>
            <errorHandlerItemId isNull="true" />
            <guid>guid:5733966303c98ceb:54e7d30:18fe44fdd7b:-7180</guid>
            <versionId>dd1c54a5-6f76-4c44-a1d1-fe94cec946f1</versionId>
            <externalServiceRef isNull="true" />
            <externalServiceOp isNull="true" />
            <nodeColor isNull="true" />
            <layoutData x="126" y="117">
                <errorLink>
                    <controlPoints />
                    <showEndState>false</showEndState>
                    <showName>false</showName>
                </errorLink>
            </layoutData>
            <TWComponent>
                <lastModified isNull="true" />
                <lastModifiedBy isNull="true" />
                <tenantId isNull="true" />
                <scriptId>3011.7960d45d-9af7-42c4-9884-8c8b8ac5a1bf</scriptId>
                <scriptTypeId>2</scriptTypeId>
                <isActive>true</isActive>
                <script>// Script sample code to set and encode the document content
var value = tw.local.content;
var bytesValue = new Packages.java.lang.String(value).getBytes("UTF-8");
tw.local.contentStream = new tw.object.ECMContentStream();
tw.local.contentStream.contentLength = bytesValue.length;
tw.local.contentStream.mimeType = "text/plain";
tw.local.contentStream.content = Packages.javax.xml.bind.DatatypeConverter.printBase64Binary(bytesValue);</script>
                <isRule>false</isRule>
                <guid>guid:7960d45d-9af7-42c4-9884-8c8b8ac5a1bf</guid>
                <versionId>bae3a304-bd84-4f46-929e-d9cd25fbaba1</versionId>
            </TWComponent>
        </item>
        <item>
            <lastModified isNull="true" />
            <lastModifiedBy isNull="true" />
            <tenantId isNull="true" />
            <processItemId>2025.46cdb5b3-3e19-44ee-9c3f-dc30977bfc6d</processItemId>
            <processId>1.97b3f1f8-5c2f-4ddb-80b7-7f9eefa85334</processId>
            <name>Get Folder per path</name>
            <tWComponentName>ECMConnector</tWComponentName>
            <tWComponentId>3030.01270c61-8cc1-4d19-9b3e-685c0f7e8ba5</tWComponentId>
            <isLogEnabled>false</isLogEnabled>
            <isTraceEnabled>false</isTraceEnabled>
            <traceCategory isNull="true" />
            <traceLevel isNull="true" />
            <traceMessage isNull="true" />
            <traceSymbolTable isNull="true" />
            <isExecutionContextTraced>false</isExecutionContextTraced>
            <saveExecutionContext>false</saveExecutionContext>
            <documentation isNull="true" />
            <isErrorHandlerEnabled>false</isErrorHandlerEnabled>
            <errorHandlerItemId isNull="true" />
            <guid>guid:5733966303c98ceb:54e7d30:18fe44fdd7b:-7191</guid>
            <versionId>e6bbed38-8169-4f45-99e2-8081f0ac7733</versionId>
            <externalServiceRef isNull="true" />
            <externalServiceOp isNull="true" />
            <nodeColor isNull="true" />
            <layoutData x="567" y="199">
                <errorLink>
                    <controlPoints />
                    <showEndState>false</showEndState>
                    <showName>false</showName>
                </errorLink>
            </layoutData>
            <TWComponent>
                <lastModified isNull="true" />
                <lastModifiedBy isNull="true" />
                <tenantId isNull="true" />
                <ecmConnectorId>3030.01270c61-8cc1-4d19-9b3e-685c0f7e8ba5</ecmConnectorId>
                <definition>&lt;config type="com.lombardisoftware.client.persistence.ECMConnectorConfiguration"&gt;
  &lt;inputParameters&gt;
    &lt;parameter&gt;
      &lt;name&gt;path&lt;/name&gt;
      &lt;type&gt;String&lt;/type&gt;
      &lt;description /&gt;
      &lt;defaultValue /&gt;
      &lt;argumentVariable&gt;tw.local.pathFolder&lt;/argumentVariable&gt;
      &lt;isArray /&gt;
      &lt;isList&gt;false&lt;/isList&gt;
    &lt;/parameter&gt;
    &lt;parameter&gt;
      &lt;name&gt;serverName&lt;/name&gt;
      &lt;type&gt;String&lt;/type&gt;
      &lt;description /&gt;
      &lt;defaultValue /&gt;
      &lt;isArray /&gt;
      &lt;isList&gt;false&lt;/isList&gt;
    &lt;/parameter&gt;
  &lt;/inputParameters&gt;
  &lt;outputParameters&gt;
    &lt;parameter&gt;
      &lt;name&gt;folder&lt;/name&gt;
      &lt;type&gt;ECMFolder&lt;/type&gt;
      &lt;description /&gt;
      &lt;defaultValue /&gt;
      &lt;argumentVariable&gt;tw.local.folder&lt;/argumentVariable&gt;
      &lt;isArray /&gt;
      &lt;isList&gt;false&lt;/isList&gt;
    &lt;/parameter&gt;
  &lt;/outputParameters&gt;
  &lt;matchAllSearchCriteria&gt;true&lt;/matchAllSearchCriteria&gt;
  &lt;searchParameters /&gt;
  &lt;selectParameters /&gt;
  &lt;orderOverride&gt;false&lt;/orderOverride&gt;
  &lt;orderOverrideValue /&gt;
  &lt;operationType&gt;FOLDER_OP_GET_FOLDER_BY_PATH&lt;/operationType&gt;
  &lt;server&gt;IBM_TargetObjectStore&lt;/server&gt;
  &lt;objectTypeSelection&gt;DOCUMENT&lt;/objectTypeSelection&gt;
  &lt;useMappedVariable&gt;true&lt;/useMappedVariable&gt;
&lt;/config&gt;</definition>
                <guid>guid:01270c61-8cc1-4d19-9b3e-685c0f7e8ba5</guid>
                <versionId>c29f289d-d1f5-4a95-9f36-9b7a57a846bf</versionId>
            </TWComponent>
        </item>
        <item>
            <lastModified isNull="true" />
            <lastModifiedBy isNull="true" />
            <tenantId isNull="true" />
            <processItemId>2025.edeca08a-e2ab-44d4-94f5-5a14ba3ffdec</processItemId>
            <processId>1.97b3f1f8-5c2f-4ddb-80b7-7f9eefa85334</processId>
            <name>Create Documents</name>
            <tWComponentName>ECMConnector</tWComponentName>
            <tWComponentId>3030.9f72f5fd-7f1d-4ab4-b501-468f0e27018c</tWComponentId>
            <isLogEnabled>false</isLogEnabled>
            <isTraceEnabled>false</isTraceEnabled>
            <traceCategory isNull="true" />
            <traceLevel isNull="true" />
            <traceMessage isNull="true" />
            <traceSymbolTable isNull="true" />
            <isExecutionContextTraced>false</isExecutionContextTraced>
            <saveExecutionContext>false</saveExecutionContext>
            <documentation isNull="true" />
            <isErrorHandlerEnabled>false</isErrorHandlerEnabled>
            <errorHandlerItemId isNull="true" />
            <guid>guid:5733966303c98ceb:54e7d30:18fe44fdd7b:-7195</guid>
            <versionId>9b36bc58-5b26-4b53-b1d4-012c23a3155c</versionId>
            <externalServiceRef isNull="true" />
            <externalServiceOp isNull="true" />
            <nodeColor isNull="true" />
            <processPrePosts>
                <lastModified isNull="true" />
                <lastModifiedBy isNull="true" />
                <tenantId isNull="true" />
                <processItemPrePostId>2029.ad4ada41-a930-4103-845e-3c219f885db5</processItemPrePostId>
                <processItemId>2025.edeca08a-e2ab-44d4-94f5-5a14ba3ffdec</processItemId>
                <location>1</location>
                <script>

</script>
                <guid>a39937de-85c2-40d9-9317-5333760a239f</guid>
                <versionId>6fc59908-a5b3-41f5-acd8-1577706e77f6</versionId>
            </processPrePosts>
            <layoutData x="816" y="116">
                <errorLink>
                    <controlPoints />
                    <showEndState>false</showEndState>
                    <showName>false</showName>
                </errorLink>
            </layoutData>
            <TWComponent>
                <lastModified isNull="true" />
                <lastModifiedBy isNull="true" />
                <tenantId isNull="true" />
                <ecmConnectorId>3030.9f72f5fd-7f1d-4ab4-b501-468f0e27018c</ecmConnectorId>
                <definition>&lt;config type="com.lombardisoftware.client.persistence.ECMConnectorConfiguration"&gt;
  &lt;inputParameters&gt;
    &lt;parameter&gt;
      &lt;name&gt;objectTypeId&lt;/name&gt;
      &lt;type&gt;ECMID&lt;/type&gt;
      &lt;description /&gt;
      &lt;defaultValue /&gt;
      &lt;argumentVariable&gt;tw.local.objectTypeId&lt;/argumentVariable&gt;
      &lt;isArray /&gt;
      &lt;isList&gt;false&lt;/isList&gt;
    &lt;/parameter&gt;
    &lt;parameter&gt;
      &lt;name&gt;folderId&lt;/name&gt;
      &lt;type&gt;ECMID&lt;/type&gt;
      &lt;description /&gt;
      &lt;defaultValue /&gt;
      &lt;argumentVariable&gt;tw.local.folder.objectId&lt;/argumentVariable&gt;
      &lt;isArray /&gt;
      &lt;isList&gt;false&lt;/isList&gt;
    &lt;/parameter&gt;
    &lt;parameter&gt;
      &lt;name&gt;name&lt;/name&gt;
      &lt;type&gt;String&lt;/type&gt;
      &lt;description /&gt;
      &lt;defaultValue /&gt;
      &lt;argumentVariable&gt;tw.local.docName&lt;/argumentVariable&gt;
      &lt;isArray /&gt;
      &lt;isList&gt;false&lt;/isList&gt;
    &lt;/parameter&gt;
    &lt;parameter&gt;
      &lt;name&gt;versioningState&lt;/name&gt;
      &lt;type&gt;String&lt;/type&gt;
      &lt;description /&gt;
      &lt;defaultValue /&gt;
      &lt;isArray /&gt;
      &lt;isList&gt;false&lt;/isList&gt;
    &lt;/parameter&gt;
    &lt;parameter&gt;
      &lt;name&gt;contentStream&lt;/name&gt;
      &lt;type&gt;ECMContentStream&lt;/type&gt;
      &lt;description /&gt;
      &lt;defaultValue /&gt;
      &lt;argumentVariable&gt;tw.local.contentStream&lt;/argumentVariable&gt;
      &lt;isArray /&gt;
      &lt;isList&gt;false&lt;/isList&gt;
    &lt;/parameter&gt;
    &lt;parameter&gt;
      &lt;name&gt;properties&lt;/name&gt;
      &lt;type&gt;ECMProperty&lt;/type&gt;
      &lt;description /&gt;
      &lt;defaultValue /&gt;
      &lt;argumentVariable&gt;tw.local.properties&lt;/argumentVariable&gt;
      &lt;isArray /&gt;
      &lt;isList&gt;true&lt;/isList&gt;
    &lt;/parameter&gt;
    &lt;parameter&gt;
      &lt;name&gt;serverName&lt;/name&gt;
      &lt;type&gt;String&lt;/type&gt;
      &lt;description /&gt;
      &lt;defaultValue /&gt;
      &lt;argumentVariable&gt;tw.local.serverName&lt;/argumentVariable&gt;
      &lt;isArray /&gt;
      &lt;isList&gt;false&lt;/isList&gt;
    &lt;/parameter&gt;
  &lt;/inputParameters&gt;
  &lt;outputParameters&gt;
    &lt;parameter&gt;
      &lt;name&gt;documentId&lt;/name&gt;
      &lt;type&gt;ECMID&lt;/type&gt;
      &lt;description /&gt;
      &lt;defaultValue /&gt;
      &lt;argumentVariable&gt;tw.local.documentId&lt;/argumentVariable&gt;
      &lt;isArray /&gt;
      &lt;isList&gt;false&lt;/isList&gt;
    &lt;/parameter&gt;
  &lt;/outputParameters&gt;
  &lt;matchAllSearchCriteria&gt;true&lt;/matchAllSearchCriteria&gt;
  &lt;searchParameters /&gt;
  &lt;selectParameters /&gt;
  &lt;orderOverride&gt;false&lt;/orderOverride&gt;
  &lt;orderOverrideValue /&gt;
  &lt;operationType&gt;DOC_OP_CREATE_DOCUMENT&lt;/operationType&gt;
  &lt;server&gt;IBM_TargetObjectStore&lt;/server&gt;
  &lt;objectTypeSelection&gt;DOCUMENT&lt;/objectTypeSelection&gt;
  &lt;useMappedVariable&gt;true&lt;/useMappedVariable&gt;
&lt;/config&gt;</definition>
                <guid>guid:9f72f5fd-7f1d-4ab4-b501-468f0e27018c</guid>
                <versionId>74893501-d67a-42c5-8a82-1f86afeac54c</versionId>
            </TWComponent>
        </item>
        <item>
            <lastModified isNull="true" />
            <lastModifiedBy isNull="true" />
            <tenantId isNull="true" />
            <processItemId>2025.0c3d42ea-5dfb-4de5-a436-a4444bf4cfb1</processItemId>
            <processId>1.97b3f1f8-5c2f-4ddb-80b7-7f9eefa85334</processId>
            <name>Get Folder</name>
            <tWComponentName>Switch</tWComponentName>
            <tWComponentId>3013.44698eb2-b3bd-4d34-8e67-524aa97fbeaf</tWComponentId>
            <isLogEnabled>false</isLogEnabled>
            <isTraceEnabled>false</isTraceEnabled>
            <traceCategory isNull="true" />
            <traceLevel isNull="true" />
            <traceMessage isNull="true" />
            <traceSymbolTable isNull="true" />
            <isExecutionContextTraced>false</isExecutionContextTraced>
            <saveExecutionContext>false</saveExecutionContext>
            <documentation isNull="true" />
            <isErrorHandlerEnabled>false</isErrorHandlerEnabled>
            <errorHandlerItemId isNull="true" />
            <guid>guid:5733966303c98ceb:54e7d30:18fe44fdd7b:-7194</guid>
            <versionId>beda1ef2-c9a4-4d29-931c-434f0a8583fb</versionId>
            <externalServiceRef isNull="true" />
            <externalServiceOp isNull="true" />
            <nodeColor isNull="true" />
            <layoutData x="299" y="136">
                <errorLink>
                    <controlPoints />
                    <showEndState>false</showEndState>
                    <showName>false</showName>
                </errorLink>
            </layoutData>
            <TWComponent>
                <lastModified isNull="true" />
                <lastModifiedBy isNull="true" />
                <tenantId isNull="true" />
                <switchId>3013.44698eb2-b3bd-4d34-8e67-524aa97fbeaf</switchId>
                <guid>d242b84f-70b3-4f9c-a8d9-7f124075d0b2</guid>
                <versionId>dfd4f696-6982-4c64-960f-c308f5413a66</versionId>
                <SwitchCondition>
                    <lastModified isNull="true" />
                    <lastModifiedBy isNull="true" />
                    <tenantId isNull="true" />
                    <switchConditionId>3014.ffb384a8-a33f-47c7-8b88-6e3aa26efe10</switchConditionId>
                    <switchId>3013.44698eb2-b3bd-4d34-8e67-524aa97fbeaf</switchId>
                    <seq>1</seq>
                    <endStateId>guid:5733966303c98ceb:54e7d30:18fe44fdd7b:-717f</endStateId>
                    <condition>tw.local.FolderID	  !=	  null</condition>
                    <guid>guid:ffb384a8-a33f-47c7-8b88-6e3aa26efe10</guid>
                    <versionId>9d9d7532-0b7b-4747-985d-d2cb42ee204a</versionId>
                </SwitchCondition>
            </TWComponent>
        </item>
        <startingProcessItemId>2025.9baa1025-dd76-4e74-8973-701f15bfb703</startingProcessItemId>
        <errorHandlerItemId isNull="true" />
        <layoutData noConversion="true">
            <errorLink>
                <controlPoints />
                <showEndState>false</showEndState>
                <showName>false</showName>
            </errorLink>
        </layoutData>
        <startPoint>
            <layoutData x="24" y="140">
                <errorLink>
                    <controlPoints />
                    <showEndState>false</showEndState>
                    <showName>false</showName>
                </errorLink>
            </layoutData>
        </startPoint>
        <startLink>
            <fromPort locationId="rightCenter" portType="1" />
            <toPort locationId="leftCenter" portType="2" />
            <layoutData>
                <controlPoints />
                <showEndState>false</showEndState>
                <showName>false</showName>
            </layoutData>
        </startLink>
        <bpmn2Model>
            <ns16:definitions xmlns:ns16="http://www.omg.org/spec/BPMN/20100524/MODEL" xmlns:ns2="http://www.ibm.com/xmlns/prod/bpm/bpmn/ext/process" xmlns:ns3="http://www.ibm.com/xmlns/prod/bpm/bpmn/ext/process/wle" xmlns:ns4="http://www.ibm.com/xmlns/prod/bpm/bpmn/ext/process/case" xmlns:ns5="http://www.ibm.com/bpm/Extensions" xmlns:ns6="http://www.ibm.com/xmlns/prod/bpm/uca" xmlns:ns7="http://www.ibm.com/xmlns/prod/bpm/bpmn/ext/team" xmlns:ns8="http://www.ibm.com/xmlns/prod/bpm/bpmn/ext/trackinggroup" xmlns:ns9="http://www.ibm.com/xmlns/bpmnx/20100524/v1/BusinessVocabulary" xmlns:ns10="http://www.omg.org/spec/DD/20100524/DI" xmlns:ns11="http://www.omg.org/spec/DD/20100524/DC" xmlns:ns12="http://www.omg.org/spec/BPMN/20100524/BPMNDI" xmlns:ns13="http://www.ibm.com/xmlns/prod/bpm/graph" xmlns:ns14="http://www.ibm.com/xmlns/prod/bpm/bpmn/ext/process/auth" xmlns:ns15="http://www.ibm.com/xmlns/prod/bpm/bpmn/ext/extservice" xmlns:ns17="http://www.ibm.com/bpm/processappsettings" xmlns:ns18="http://www.ibm.com/xmlns/links" xmlns:ns19="http://www.ibm.com/bpm/CoachDesignerNG" xmlns:ns20="http://www.ibm.com/xmlns/tagging" xmlns:ns21="http://www.ibm.com/bpm/uitheme" xmlns:ns22="http://www.ibm.com/bpm/coachview" targetNamespace="" expressionLanguage="http://www.ibm.com/xmlns/prod/bpm/expression-lang/javascript" typeLanguage="http://www.w3.org/2001/XMLSchema">
                <ns16:process name="Save Doc To Folder" id="1.97b3f1f8-5c2f-4ddb-80b7-7f9eefa85334" ns2:executionMode="microflow">
                    <ns16:documentation textFormat="text/plain">&lt;div&gt;Compose a document based on a word template  and save it in the IBM BPM Target Store&lt;/div&gt;&lt;div&gt;The document type is the document&lt;br /&gt;&lt;/div&gt;</ns16:documentation>
                    <ns16:extensionElements>
                        <ns2:sboSyncEnabled>true</ns2:sboSyncEnabled>
                        <ns2:isSecured>false</ns2:isSecured>
                        <ns2:isAjaxExposed>true</ns2:isAjaxExposed>
                    </ns16:extensionElements>
                    <ns16:ioSpecification>
                        <ns16:dataInput name="docName" itemSubjectRef="itm.12.db884a3c-c533-44b7-bb2d-47bec8ad4022" isCollection="false" id="2055.f881c1ad-9caa-4307-9fa8-f83a7b13912b">
                            <ns16:documentation textFormat="text/plain">&lt;div&gt;The name of document should also contains the extension&lt;br /&gt;&lt;/div&gt;</ns16:documentation>
                            <ns16:extensionElements>
                                <ns2:defaultValue useDefault="true">"Signed.txt"</ns2:defaultValue>
                            </ns16:extensionElements>
                        </ns16:dataInput>
                        <ns16:dataInput name="pathFolder" itemSubjectRef="itm.12.db884a3c-c533-44b7-bb2d-47bec8ad4022" isCollection="false" id="2055.8f00533f-4095-4fe4-86b1-b714abf4519b">
                            <ns16:documentation textFormat="text/plain">the path of the folder where to store the document</ns16:documentation>
                            <ns16:extensionElements>
                                <ns2:defaultValue useDefault="true">"/Claims"</ns2:defaultValue>
                            </ns16:extensionElements>
                        </ns16:dataInput>
                        <ns16:dataInput name="FolderID" itemSubjectRef="itm.12.db884a3c-c533-44b7-bb2d-47bec8ad4022" isCollection="false" id="2055.3ea3ecdf-b4f7-4937-8264-d83650575f9c">
                            <ns16:documentation textFormat="text/plain">The id of the folder and where to store  the document.</ns16:documentation>
                        </ns16:dataInput>
                        <ns16:dataInput name="properties" itemSubjectRef="itm.12.a4275847-1a37-4d3c-9289-0462d5afbca9" isCollection="true" id="2055.d34f4578-643b-4432-b52d-4cc55929eb8e">
                            <ns16:extensionElements>
                                <ns2:defaultValue useDefault="true">var autoObject = new tw.object.listOf.toolkit.SYSCM.ECMProperty();
autoObject</ns2:defaultValue>
                            </ns16:extensionElements>
                        </ns16:dataInput>
                        <ns16:dataInput name="objectTypeId" itemSubjectRef="itm.12.3212d5b3-f692-41b3-a893-343dc5c3df01" isCollection="false" id="2055.e7b6ed80-dc76-40fb-977c-ecf7ace46036">
                            <ns16:extensionElements>
                                <ns2:defaultValue useDefault="true">"cmis:document"</ns2:defaultValue>
                            </ns16:extensionElements>
                        </ns16:dataInput>
                        <ns16:dataInput name="content" itemSubjectRef="itm.12.db884a3c-c533-44b7-bb2d-47bec8ad4022" isCollection="false" id="2055.b9cb2da2-5bf6-4a02-8405-74cccb1e2629" />
                        <ns16:dataOutput name="DocumentID" itemSubjectRef="itm.12.db884a3c-c533-44b7-bb2d-47bec8ad4022" isCollection="false" id="2055.655de8eb-3028-43fc-97de-a71634f7aac9" />
                        <ns16:inputSet>
                            <ns16:dataInputRefs>2055.f881c1ad-9caa-4307-9fa8-f83a7b13912b</ns16:dataInputRefs>
                            <ns16:dataInputRefs>2055.8f00533f-4095-4fe4-86b1-b714abf4519b</ns16:dataInputRefs>
                            <ns16:dataInputRefs>2055.3ea3ecdf-b4f7-4937-8264-d83650575f9c</ns16:dataInputRefs>
                            <ns16:dataInputRefs>2055.f03c8ecc-1375-4167-9a09-af72e36415c4</ns16:dataInputRefs>
                            <ns16:dataInputRefs>2055.d34f4578-643b-4432-b52d-4cc55929eb8e</ns16:dataInputRefs>
                            <ns16:dataInputRefs>2055.e7b6ed80-dc76-40fb-977c-ecf7ace46036</ns16:dataInputRefs>
                            <ns16:dataInputRefs>2055.b9cb2da2-5bf6-4a02-8405-74cccb1e2629</ns16:dataInputRefs>
                        </ns16:inputSet>
                        <ns16:outputSet>
                            <ns16:dataOutputRefs>2055.655de8eb-3028-43fc-97de-a71634f7aac9</ns16:dataOutputRefs>
                        </ns16:outputSet>
                    </ns16:ioSpecification>
                    <ns16:laneSet id="ed68bbeb-67ad-41de-ba0e-f116b82b66d7">
                        <ns16:lane name="System" partitionElementRef="24.6fd38d02-81cf-48ab-bd42-8ff4c0a1628b" id="4581df0f-328e-4645-a657-b51e0b89f4f8" ns3:isSystemLane="true">
                            <ns16:extensionElements>
                                <ns13:nodeVisualInfo x="0" y="0" width="3000" height="351" color="#F8F8F8" />
                            </ns16:extensionElements>
                            <ns16:flowNodeRef>3ca4151d-f40c-49a4-849b-fa895f64c349</ns16:flowNodeRef>
                            <ns16:flowNodeRef>b5fce925-cc0b-4adc-b6ae-a0c0a45b285e</ns16:flowNodeRef>
                            <ns16:flowNodeRef>edeca08a-e2ab-44d4-94f5-5a14ba3ffdec</ns16:flowNodeRef>
                            <ns16:flowNodeRef>46cdb5b3-3e19-44ee-9c3f-dc30977bfc6d</ns16:flowNodeRef>
                            <ns16:flowNodeRef>0c3d42ea-5dfb-4de5-a436-a4444bf4cfb1</ns16:flowNodeRef>
                            <ns16:flowNodeRef>942be870-b260-45c6-91a2-4668c7c2fe2e</ns16:flowNodeRef>
                            <ns16:flowNodeRef>9baa1025-dd76-4e74-8973-701f15bfb703</ns16:flowNodeRef>
                        </ns16:lane>
                    </ns16:laneSet>
                    <ns16:startEvent isInterrupting="false" parallelMultiple="false" name="Start" id="3ca4151d-f40c-49a4-849b-fa895f64c349">
                        <ns16:extensionElements>
                            <ns13:nodeVisualInfo x="24" y="140" width="24" height="24" color="#F8F8F8" />
                        </ns16:extensionElements>
                        <ns16:outgoing>baf96b25-838a-4a55-bab2-62bb87447ae0</ns16:outgoing>
                    </ns16:startEvent>
                    <ns16:endEvent name="End" id="b5fce925-cc0b-4adc-b6ae-a0c0a45b285e">
                        <ns16:extensionElements>
                            <ns13:nodeVisualInfo x="1042" y="138" width="24" height="24" color="#F8F8F8" />
                            <ns3:saveExecutionContext>true</ns3:saveExecutionContext>
                            <ns2:endStateId>guid:5733966303c98ceb:54e7d30:18fe44fdd7b:-7192</ns2:endStateId>
                        </ns16:extensionElements>
                        <ns16:incoming>ad75dfb5-0b68-4c4f-bceb-30629665d99b</ns16:incoming>
                    </ns16:endEvent>
                    <ns3:contentTask serverName="IBM_TargetObjectStore" operationRef="DOC_OP_CREATE_DOCUMENT" name="Create Documents" id="edeca08a-e2ab-44d4-94f5-5a14ba3ffdec">
                        <ns16:extensionElements>
                            <ns13:nodeVisualInfo x="816" y="116" width="95" height="70" />
                            <ns3:activityType>ContentTask</ns3:activityType>
                            <ns2:preAssignmentScript>

</ns2:preAssignmentScript>
                        </ns16:extensionElements>
                        <ns16:incoming>d855c9c4-3c7d-4d43-b6dc-c7870e08a496</ns16:incoming>
                        <ns16:incoming>f6ceaded-bbb7-4028-a874-e56898b568b3</ns16:incoming>
                        <ns16:outgoing>ad75dfb5-0b68-4c4f-bceb-30629665d99b</ns16:outgoing>
                        <ns16:dataInputAssociation>
                            <ns16:targetRef>FOLDER_ID</ns16:targetRef>
                            <ns16:assignment>
                                <ns16:from xmlns:xsi="http://www.w3.org/2001/XMLSchema-instance" xsi:type="ns16:tFormalExpression" evaluatesToTypeRef="12.3212d5b3-f692-41b3-a893-343dc5c3df01">tw.local.folder.objectId</ns16:from>
                            </ns16:assignment>
                        </ns16:dataInputAssociation>
                        <ns16:dataInputAssociation>
                            <ns16:targetRef>PROPERTIES</ns16:targetRef>
                            <ns16:assignment>
                                <ns16:from xmlns:xsi="http://www.w3.org/2001/XMLSchema-instance" xsi:type="ns16:tFormalExpression" evaluatesToTypeRef="itm.12.a4275847-1a37-4d3c-9289-0462d5afbca9">tw.local.properties</ns16:from>
                            </ns16:assignment>
                        </ns16:dataInputAssociation>
                        <ns16:dataInputAssociation>
                            <ns16:targetRef>SERVER_NAME</ns16:targetRef>
                            <ns16:assignment>
                                <ns16:from xmlns:xsi="http://www.w3.org/2001/XMLSchema-instance" xsi:type="ns16:tFormalExpression" evaluatesToTypeRef="itm.12.db884a3c-c533-44b7-bb2d-47bec8ad4022">tw.local.serverName</ns16:from>
                            </ns16:assignment>
                        </ns16:dataInputAssociation>
                        <ns16:dataInputAssociation>
                            <ns16:targetRef>VERSIONING_STATE</ns16:targetRef>
                            <ns16:assignment>
                                <ns16:from xmlns:xsi="http://www.w3.org/2001/XMLSchema-instance" xsi:type="ns16:tFormalExpression" evaluatesToTypeRef="itm.12.c09c9b6e-aabd-4897-bef2-ed61db106297" />
                            </ns16:assignment>
                        </ns16:dataInputAssociation>
                        <ns16:dataInputAssociation>
                            <ns16:targetRef>CONTENT_STREAM</ns16:targetRef>
                            <ns16:assignment>
                                <ns16:from xmlns:xsi="http://www.w3.org/2001/XMLSchema-instance" xsi:type="ns16:tFormalExpression" evaluatesToTypeRef="itm.12.918ac73f-6d4a-415e-ad3d-72dfa1b01abf">tw.local.contentStream</ns16:from>
                            </ns16:assignment>
                        </ns16:dataInputAssociation>
                        <ns16:dataInputAssociation>
                            <ns16:targetRef>NAME</ns16:targetRef>
                            <ns16:assignment>
                                <ns16:from xmlns:xsi="http://www.w3.org/2001/XMLSchema-instance" xsi:type="ns16:tFormalExpression" evaluatesToTypeRef="itm.12.db884a3c-c533-44b7-bb2d-47bec8ad4022">tw.local.docName</ns16:from>
                            </ns16:assignment>
                        </ns16:dataInputAssociation>
                        <ns16:dataInputAssociation>
                            <ns16:targetRef>OBJECT_TYPE_ID</ns16:targetRef>
                            <ns16:assignment>
                                <ns16:from xmlns:xsi="http://www.w3.org/2001/XMLSchema-instance" xsi:type="ns16:tFormalExpression" evaluatesToTypeRef="itm.12.3212d5b3-f692-41b3-a893-343dc5c3df01">tw.local.objectTypeId</ns16:from>
                            </ns16:assignment>
                        </ns16:dataInputAssociation>
                        <ns16:dataOutputAssociation>
                            <ns16:sourceRef>DOCUMENT_ID</ns16:sourceRef>
                            <ns16:assignment>
                                <ns16:to xmlns:xsi="http://www.w3.org/2001/XMLSchema-instance" xsi:type="ns16:tFormalExpression" evaluatesToTypeRef="itm.12.3212d5b3-f692-41b3-a893-343dc5c3df01">tw.local.documentId</ns16:to>
                            </ns16:assignment>
                        </ns16:dataOutputAssociation>
                    </ns3:contentTask>
                    <ns16:sequenceFlow sourceRef="edeca08a-e2ab-44d4-94f5-5a14ba3ffdec" targetRef="b5fce925-cc0b-4adc-b6ae-a0c0a45b285e" name="To End" id="ad75dfb5-0b68-4c4f-bceb-30629665d99b">
                        <ns16:extensionElements>
                            <ns2:sequenceFlowImplementation sboSyncEnabled="true" />
                            <ns13:linkVisualInfo>
                                <ns13:sourcePortLocation>rightCenter</ns13:sourcePortLocation>
                                <ns13:targetPortLocation>leftCenter</ns13:targetPortLocation>
                                <ns13:showLabel>false</ns13:showLabel>
                                <ns13:showCoachControlLabel>false</ns13:showCoachControlLabel>
                                <ns13:labelPosition>0.0</ns13:labelPosition>
                                <ns13:saveExecutionContext>true</ns13:saveExecutionContext>
                            </ns13:linkVisualInfo>
                        </ns16:extensionElements>
                    </ns16:sequenceFlow>
                    <ns3:contentTask serverName="IBM_TargetObjectStore" operationRef="FOLDER_OP_GET_FOLDER_BY_PATH" name="Get Folder per path" id="46cdb5b3-3e19-44ee-9c3f-dc30977bfc6d">
                        <ns16:extensionElements>
                            <ns13:nodeVisualInfo x="567" y="199" width="95" height="70" />
                            <ns3:activityType>ContentTask</ns3:activityType>
                        </ns16:extensionElements>
                        <ns16:incoming>c328e69c-25eb-4f37-9e07-a2b22b995a8d</ns16:incoming>
                        <ns16:outgoing>f6ceaded-bbb7-4028-a874-e56898b568b3</ns16:outgoing>
                        <ns16:dataInputAssociation>
                            <ns16:targetRef>PATH</ns16:targetRef>
                            <ns16:assignment>
                                <ns16:from xmlns:xsi="http://www.w3.org/2001/XMLSchema-instance" xsi:type="ns16:tFormalExpression" evaluatesToTypeRef="itm.12.db884a3c-c533-44b7-bb2d-47bec8ad4022">tw.local.pathFolder</ns16:from>
                            </ns16:assignment>
                        </ns16:dataInputAssociation>
                        <ns16:dataOutputAssociation>
                            <ns16:sourceRef>FOLDER</ns16:sourceRef>
                            <ns16:assignment>
                                <ns16:to xmlns:xsi="http://www.w3.org/2001/XMLSchema-instance" xsi:type="ns16:tFormalExpression" evaluatesToTypeRef="itm.12.240930df-e9da-40a6-a4e8-4b41b42bb183">tw.local.folder</ns16:to>
                            </ns16:assignment>
                        </ns16:dataOutputAssociation>
                    </ns3:contentTask>
                    <ns16:sequenceFlow sourceRef="46cdb5b3-3e19-44ee-9c3f-dc30977bfc6d" targetRef="edeca08a-e2ab-44d4-94f5-5a14ba3ffdec" name="To Create Documents" id="f6ceaded-bbb7-4028-a874-e56898b568b3">
                        <ns16:extensionElements>
                            <ns13:linkVisualInfo>
                                <ns13:sourcePortLocation>rightCenter</ns13:sourcePortLocation>
                                <ns13:targetPortLocation>leftCenter</ns13:targetPortLocation>
                                <ns13:showLabel>false</ns13:showLabel>
                                <ns13:showCoachControlLabel>false</ns13:showCoachControlLabel>
                                <ns13:labelPosition>0.0</ns13:labelPosition>
                                <ns13:saveExecutionContext>false</ns13:saveExecutionContext>
                            </ns13:linkVisualInfo>
                        </ns16:extensionElements>
                    </ns16:sequenceFlow>
                    <ns16:dataObject itemSubjectRef="itm.12.240930df-e9da-40a6-a4e8-4b41b42bb183" isCollection="false" name="folder" id="2056.b41da10f-7a39-498b-bf35-abb4adb0e4c2" />
                    <ns16:dataObject itemSubjectRef="itm.12.3212d5b3-f692-41b3-a893-343dc5c3df01" isCollection="false" name="folderId" id="2056.722e98b5-b998-4ead-871f-6ef554f3b410" />
                    <ns16:dataObject itemSubjectRef="itm.12.3212d5b3-f692-41b3-a893-343dc5c3df01" isCollection="false" name="documentId" id="2056.cba88885-e31a-4986-8d90-8012c96b38a7" />
                    <ns16:sequenceFlow sourceRef="3ca4151d-f40c-49a4-849b-fa895f64c349" targetRef="9baa1025-dd76-4e74-8973-701f15bfb703" name="To Script task" id="baf96b25-838a-4a55-bab2-62bb87447ae0">
                        <ns16:extensionElements>
                            <ns13:linkVisualInfo>
                                <ns13:sourcePortLocation>rightCenter</ns13:sourcePortLocation>
                                <ns13:targetPortLocation>leftCenter</ns13:targetPortLocation>
                                <ns13:showLabel>false</ns13:showLabel>
                                <ns13:showCoachControlLabel>false</ns13:showCoachControlLabel>
                                <ns13:labelPosition>0.0</ns13:labelPosition>
                                <ns13:saveExecutionContext>false</ns13:saveExecutionContext>
                            </ns13:linkVisualInfo>
                        </ns16:extensionElements>
                    </ns16:sequenceFlow>
                    <ns16:exclusiveGateway default="c328e69c-25eb-4f37-9e07-a2b22b995a8d" name="Get Folder" id="0c3d42ea-5dfb-4de5-a436-a4444bf4cfb1">
                        <ns16:extensionElements>
                            <ns13:nodeVisualInfo x="299" y="136" width="32" height="32" />
                        </ns16:extensionElements>
                        <ns16:incoming>42a00e3c-e0f4-4f6f-8e20-e5783fca8f82</ns16:incoming>
                        <ns16:outgoing>c328e69c-25eb-4f37-9e07-a2b22b995a8d</ns16:outgoing>
                        <ns16:outgoing>88560d39-039f-46bd-9492-1e25c2e4bcee</ns16:outgoing>
                    </ns16:exclusiveGateway>
                    <ns16:sequenceFlow sourceRef="0c3d42ea-5dfb-4de5-a436-a4444bf4cfb1" targetRef="46cdb5b3-3e19-44ee-9c3f-dc30977bfc6d" name="To Get Folder per path" id="c328e69c-25eb-4f37-9e07-a2b22b995a8d">
                        <ns16:extensionElements>
                            <ns13:linkVisualInfo>
                                <ns13:sourcePortLocation>rightCenter</ns13:sourcePortLocation>
                                <ns13:targetPortLocation>leftCenter</ns13:targetPortLocation>
                                <ns13:showLabel>true</ns13:showLabel>
                                <ns13:showCoachControlLabel>false</ns13:showCoachControlLabel>
                                <ns13:labelPosition>0.0</ns13:labelPosition>
                                <ns13:saveExecutionContext>false</ns13:saveExecutionContext>
                            </ns13:linkVisualInfo>
                        </ns16:extensionElements>
                    </ns16:sequenceFlow>
                    <ns3:contentTask serverName="IBM_TargetObjectStore" operationRef="FOLDER_OP_GET_FOLDER" name="Get Folder per  id" id="942be870-b260-45c6-91a2-4668c7c2fe2e">
                        <ns16:extensionElements>
                            <ns13:nodeVisualInfo x="570" y="30" width="95" height="70" />
                            <ns3:activityType>ContentTask</ns3:activityType>
                            <ns2:preAssignmentScript />
                        </ns16:extensionElements>
                        <ns16:incoming>88560d39-039f-46bd-9492-1e25c2e4bcee</ns16:incoming>
                        <ns16:outgoing>d855c9c4-3c7d-4d43-b6dc-c7870e08a496</ns16:outgoing>
                        <ns16:dataInputAssociation>
                            <ns16:targetRef>FOLDER_ID</ns16:targetRef>
                            <ns16:assignment>
                                <ns16:from xmlns:xsi="http://www.w3.org/2001/XMLSchema-instance" xsi:type="ns16:tFormalExpression" evaluatesToTypeRef="itm.12.db884a3c-c533-44b7-bb2d-47bec8ad4022">tw.local.FolderID</ns16:from>
                            </ns16:assignment>
                        </ns16:dataInputAssociation>
                        <ns16:dataOutputAssociation>
                            <ns16:sourceRef>FOLDER</ns16:sourceRef>
                            <ns16:assignment>
                                <ns16:to xmlns:xsi="http://www.w3.org/2001/XMLSchema-instance" xsi:type="ns16:tFormalExpression" evaluatesToTypeRef="itm.12.240930df-e9da-40a6-a4e8-4b41b42bb183">tw.local.folder</ns16:to>
                            </ns16:assignment>
                        </ns16:dataOutputAssociation>
                    </ns3:contentTask>
                    <ns16:sequenceFlow sourceRef="942be870-b260-45c6-91a2-4668c7c2fe2e" targetRef="edeca08a-e2ab-44d4-94f5-5a14ba3ffdec" name="To Create Documents" id="d855c9c4-3c7d-4d43-b6dc-c7870e08a496">
                        <ns16:extensionElements>
                            <ns13:linkVisualInfo>
                                <ns13:sourcePortLocation>rightCenter</ns13:sourcePortLocation>
                                <ns13:targetPortLocation>leftCenter</ns13:targetPortLocation>
                                <ns13:showLabel>false</ns13:showLabel>
                                <ns13:showCoachControlLabel>false</ns13:showCoachControlLabel>
                                <ns13:labelPosition>0.0</ns13:labelPosition>
                                <ns13:saveExecutionContext>false</ns13:saveExecutionContext>
                            </ns13:linkVisualInfo>
                        </ns16:extensionElements>
                    </ns16:sequenceFlow>
                    <ns16:sequenceFlow sourceRef="0c3d42ea-5dfb-4de5-a436-a4444bf4cfb1" targetRef="942be870-b260-45c6-91a2-4668c7c2fe2e" name="To Get Folder per  id" id="88560d39-039f-46bd-9492-1e25c2e4bcee">
                        <ns16:extensionElements>
                            <ns13:linkVisualInfo>
                                <ns13:sourcePortLocation>rightCenter</ns13:sourcePortLocation>
                                <ns13:targetPortLocation>leftCenter</ns13:targetPortLocation>
                                <ns13:showLabel>true</ns13:showLabel>
                                <ns13:showCoachControlLabel>false</ns13:showCoachControlLabel>
                                <ns13:labelPosition>0.0</ns13:labelPosition>
                                <ns13:saveExecutionContext>false</ns13:saveExecutionContext>
                            </ns13:linkVisualInfo>
                        </ns16:extensionElements>
                        <ns16:conditionExpression xmlns:xsi="http://www.w3.org/2001/XMLSchema-instance" xsi:type="ns16:tFormalExpression">tw.local.FolderID	  !=	  null</ns16:conditionExpression>
                    </ns16:sequenceFlow>
                    <ns16:dataObject itemSubjectRef="itm.12.918ac73f-6d4a-415e-ad3d-72dfa1b01abf" isCollection="false" name="contentStream" id="2056.38825a1d-982b-45c2-8b86-60d623821ee0">
                        <ns16:extensionElements>
                            <ns2:defaultValue useDefault="true">var autoObject = new tw.object.toolkit.SYSCM.ECMContentStream();
autoObject</ns2:defaultValue>
                        </ns16:extensionElements>
                    </ns16:dataObject>
                    <ns16:scriptTask scriptFormat="text/x-javascript" name="Script task" id="9baa1025-dd76-4e74-8973-701f15bfb703">
                        <ns16:extensionElements>
                            <ns13:nodeVisualInfo x="126" y="117" width="95" height="70" />
                        </ns16:extensionElements>
                        <ns16:incoming>baf96b25-838a-4a55-bab2-62bb87447ae0</ns16:incoming>
                        <ns16:outgoing>42a00e3c-e0f4-4f6f-8e20-e5783fca8f82</ns16:outgoing>
                        <ns16:script>// Script sample code to set and encode the document content
var value = tw.local.content;
var bytesValue = new Packages.java.lang.String(value).getBytes("UTF-8");
tw.local.contentStream = new tw.object.ECMContentStream();
tw.local.contentStream.contentLength = bytesValue.length;
tw.local.contentStream.mimeType = "text/plain";
tw.local.contentStream.content = Packages.javax.xml.bind.DatatypeConverter.printBase64Binary(bytesValue);</ns16:script>
                    </ns16:scriptTask>
                    <ns16:sequenceFlow sourceRef="9baa1025-dd76-4e74-8973-701f15bfb703" targetRef="0c3d42ea-5dfb-4de5-a436-a4444bf4cfb1" name="To Get Folder" id="42a00e3c-e0f4-4f6f-8e20-e5783fca8f82">
                        <ns16:extensionElements>
                            <ns13:linkVisualInfo>
                                <ns13:sourcePortLocation>rightCenter</ns13:sourcePortLocation>
                                <ns13:targetPortLocation>leftCenter</ns13:targetPortLocation>
                                <ns13:showLabel>false</ns13:showLabel>
                                <ns13:showCoachControlLabel>false</ns13:showCoachControlLabel>
                                <ns13:labelPosition>0.0</ns13:labelPosition>
                                <ns13:saveExecutionContext>false</ns13:saveExecutionContext>
                            </ns13:linkVisualInfo>
                        </ns16:extensionElements>
                    </ns16:sequenceFlow>
                </ns16:process>
            </ns16:definitions>
        </bpmn2Model>
        <link name="To End">
            <lastModified isNull="true" />
            <lastModifiedBy isNull="true" />
            <tenantId isNull="true" />
            <processLinkId>2027.ad75dfb5-0b68-4c4f-bceb-30629665d99b</processLinkId>
            <processId>1.97b3f1f8-5c2f-4ddb-80b7-7f9eefa85334</processId>
            <description isNull="true" />
            <fromProcessItemId>2025.edeca08a-e2ab-44d4-94f5-5a14ba3ffdec</fromProcessItemId>
            <endStateId>Out</endStateId>
            <toProcessItemId>2025.b5fce925-cc0b-4adc-b6ae-a0c0a45b285e</toProcessItemId>
            <guid>guid:109c496d-8d79-4d6a-aa26-0f5c31622af3</guid>
            <versionId>5173d7ec-f671-4be0-80ea-8c348c81bb4c</versionId>
            <layoutData>
                <controlPoints />
                <showEndState>false</showEndState>
                <showName>false</showName>
            </layoutData>
            <fromItemPort locationId="rightCenter" portType="1" />
            <toItemPort locationId="leftCenter" portType="2" />
            <fromProcessItemId>2025.edeca08a-e2ab-44d4-94f5-5a14ba3ffdec</fromProcessItemId>
            <toProcessItemId>2025.b5fce925-cc0b-4adc-b6ae-a0c0a45b285e</toProcessItemId>
        </link>
        <link name="To Get Folder per  id">
            <lastModified isNull="true" />
            <lastModifiedBy isNull="true" />
            <tenantId isNull="true" />
            <processLinkId>2027.88560d39-039f-46bd-9492-1e25c2e4bcee</processLinkId>
            <processId>1.97b3f1f8-5c2f-4ddb-80b7-7f9eefa85334</processId>
            <description isNull="true" />
            <fromProcessItemId>2025.0c3d42ea-5dfb-4de5-a436-a4444bf4cfb1</fromProcessItemId>
            <endStateId>guid:5733966303c98ceb:54e7d30:18fe44fdd7b:-717f</endStateId>
            <toProcessItemId>2025.942be870-b260-45c6-91a2-4668c7c2fe2e</toProcessItemId>
            <guid>guid:2d2481a8-fe24-499c-8922-dac257dce987</guid>
            <versionId>d5946d81-1374-4182-b4a2-e7d41bfe75a1</versionId>
            <layoutData>
                <controlPoints />
                <showEndState>false</showEndState>
                <showName>true</showName>
            </layoutData>
            <fromItemPort locationId="rightCenter" portType="1" />
            <toItemPort locationId="leftCenter" portType="2" />
            <fromProcessItemId>2025.0c3d42ea-5dfb-4de5-a436-a4444bf4cfb1</fromProcessItemId>
            <toProcessItemId>2025.942be870-b260-45c6-91a2-4668c7c2fe2e</toProcessItemId>
        </link>
        <link name="To Create Documents">
            <lastModified isNull="true" />
            <lastModifiedBy isNull="true" />
            <tenantId isNull="true" />
            <processLinkId>2027.f6ceaded-bbb7-4028-a874-e56898b568b3</processLinkId>
            <processId>1.97b3f1f8-5c2f-4ddb-80b7-7f9eefa85334</processId>
            <description isNull="true" />
            <fromProcessItemId>2025.46cdb5b3-3e19-44ee-9c3f-dc30977bfc6d</fromProcessItemId>
            <endStateId>Out</endStateId>
            <toProcessItemId>2025.edeca08a-e2ab-44d4-94f5-5a14ba3ffdec</toProcessItemId>
            <guid>guid:c8c7a08e-ec9a-4163-863e-e3ffa6cfb226</guid>
            <versionId>485c758c-a790-4d8c-accd-e8fe00a2e714</versionId>
            <layoutData>
                <controlPoints />
                <showEndState>false</showEndState>
                <showName>false</showName>
            </layoutData>
            <fromItemPort locationId="rightCenter" portType="1" />
            <toItemPort locationId="leftCenter" portType="2" />
            <fromProcessItemId>2025.46cdb5b3-3e19-44ee-9c3f-dc30977bfc6d</fromProcessItemId>
            <toProcessItemId>2025.edeca08a-e2ab-44d4-94f5-5a14ba3ffdec</toProcessItemId>
        </link>
        <link name="To Create Documents">
            <lastModified isNull="true" />
            <lastModifiedBy isNull="true" />
            <tenantId isNull="true" />
            <processLinkId>2027.d855c9c4-3c7d-4d43-b6dc-c7870e08a496</processLinkId>
            <processId>1.97b3f1f8-5c2f-4ddb-80b7-7f9eefa85334</processId>
            <description isNull="true" />
            <fromProcessItemId>2025.942be870-b260-45c6-91a2-4668c7c2fe2e</fromProcessItemId>
            <endStateId>Out</endStateId>
            <toProcessItemId>2025.edeca08a-e2ab-44d4-94f5-5a14ba3ffdec</toProcessItemId>
            <guid>guid:b5ee5458-af58-453e-9fd6-248ccd6fd998</guid>
            <versionId>5a56fe20-7830-48d7-899e-df2e73ff7c36</versionId>
            <layoutData>
                <controlPoints />
                <showEndState>false</showEndState>
                <showName>false</showName>
            </layoutData>
            <fromItemPort locationId="rightCenter" portType="1" />
            <toItemPort locationId="leftCenter" portType="2" />
            <fromProcessItemId>2025.942be870-b260-45c6-91a2-4668c7c2fe2e</fromProcessItemId>
            <toProcessItemId>2025.edeca08a-e2ab-44d4-94f5-5a14ba3ffdec</toProcessItemId>
        </link>
        <link name="To Get Folder">
            <lastModified isNull="true" />
            <lastModifiedBy isNull="true" />
            <tenantId isNull="true" />
            <processLinkId>2027.42a00e3c-e0f4-4f6f-8e20-e5783fca8f82</processLinkId>
            <processId>1.97b3f1f8-5c2f-4ddb-80b7-7f9eefa85334</processId>
            <description isNull="true" />
            <fromProcessItemId>2025.9baa1025-dd76-4e74-8973-701f15bfb703</fromProcessItemId>
            <endStateId>Out</endStateId>
            <toProcessItemId>2025.0c3d42ea-5dfb-4de5-a436-a4444bf4cfb1</toProcessItemId>
            <guid>guid:3910221a-ae5c-4114-a62c-fad1b23a4e7b</guid>
            <versionId>48a3c8a3-efa7-40d4-8ac6-fa73fdcb9ca5</versionId>
            <layoutData>
                <controlPoints />
                <showEndState>false</showEndState>
                <showName>false</showName>
            </layoutData>
            <fromItemPort locationId="rightCenter" portType="1" />
            <toItemPort locationId="leftCenter" portType="2" />
            <fromProcessItemId>2025.9baa1025-dd76-4e74-8973-701f15bfb703</fromProcessItemId>
            <toProcessItemId>2025.0c3d42ea-5dfb-4de5-a436-a4444bf4cfb1</toProcessItemId>
        </link>
        <link name="To Get Folder per path">
            <lastModified isNull="true" />
            <lastModifiedBy isNull="true" />
            <tenantId isNull="true" />
            <processLinkId>2027.c328e69c-25eb-4f37-9e07-a2b22b995a8d</processLinkId>
            <processId>1.97b3f1f8-5c2f-4ddb-80b7-7f9eefa85334</processId>
            <description isNull="true" />
            <fromProcessItemId>2025.0c3d42ea-5dfb-4de5-a436-a4444bf4cfb1</fromProcessItemId>
            <endStateId>DEFAULT</endStateId>
            <toProcessItemId>2025.46cdb5b3-3e19-44ee-9c3f-dc30977bfc6d</toProcessItemId>
            <guid>guid:f948790e-0514-4fa8-b111-884caa4de786</guid>
            <versionId>737f8cbf-440c-4784-af0d-b7b49e84e904</versionId>
            <layoutData>
                <controlPoints />
                <showEndState>false</showEndState>
                <showName>true</showName>
            </layoutData>
            <fromItemPort locationId="rightCenter" portType="1" />
            <toItemPort locationId="leftCenter" portType="2" />
            <fromProcessItemId>2025.0c3d42ea-5dfb-4de5-a436-a4444bf4cfb1</fromProcessItemId>
            <toProcessItemId>2025.46cdb5b3-3e19-44ee-9c3f-dc30977bfc6d</toProcessItemId>
        </link>
    </process>
</teamworks>

