<?xml version="1.0" encoding="UTF-8"?>
<teamworks>
    <process id="1.b890bc17-b9b1-43c6-833c-fd4fbacf9734" name="Get Documents">
        <lastModified>1716367216395</lastModified>
        <lastModifiedBy>cp4admin</lastModifiedBy>
        <tenantId isNull="true" />
        <processId>1.b890bc17-b9b1-43c6-833c-fd4fbacf9734</processId>
        <image isNull="true" />
        <tabGroup isNull="true" />
        <startingProcessItemId>2025.507ae519-56ec-4555-80f7-b70cfb44645a</startingProcessItemId>
        <isRootProcess>false</isRootProcess>
        <processType>12</processType>
        <isErrorHandlerEnabled>false</isErrorHandlerEnabled>
        <errorHandlerItemId isNull="true" />
        <isLoggingVariables>false</isLoggingVariables>
        <isTransactional>false</isTransactional>
        <processTimingLevel isNull="true" />
        <participantRef isNull="true" />
        <exposedType>0</exposedType>
        <isTrackingEnabled>true</isTrackingEnabled>
        <xmlData isNull="true" />
        <cachingType>false</cachingType>
        <itemLabel isNull="true" />
        <cacheLength>0</cacheLength>
        <mobileReady>false</mobileReady>
        <sboSyncEnabled>true</sboSyncEnabled>
        <externalId isNull="true" />
        <isSecured>false</isSecured>
        <isAjaxExposed>true</isAjaxExposed>
        <isInvokedAsynchronously>false</isInvokedAsynchronously>
        <isTransactionalFlow>false</isTransactionalFlow>
        <description isNull="true" />
        <guid>guid:8b0c8ed1dccfb194:-60544698:18f06b936dc:-7b96</guid>
        <versionId>bcc354ca-39db-4165-ba9f-808984d16af9</versionId>
        <dependencySummary>&lt;dependencySummary id="bpdid:4de8e7d5da8de40b:66c9899e:18f8878ebd9:-7913" /&gt;</dependencySummary>
        <jsonData>{"rootElement":[{"flowElement":[{"parallelMultiple":false,"outgoing":["2027.33fcf872-ee00-4249-8cd9-89229eeee078"],"isInterrupting":false,"extensionElements":{"nodeVisualInfo":[{"color":"#F8F8F8","width":24,"x":25,"y":80,"declaredType":"TNodeVisualInfo","height":24}]},"name":"Start","declaredType":"startEvent","id":"16c0370e-8e07-4252-8c18-9c094f20d0ba"},{"incoming":["d586e75c-4c1f-48c5-8415-d8bbc173aa92"],"extensionElements":{"nodeVisualInfo":[{"color":"#F8F8F8","width":24,"x":650,"y":80,"declaredType":"TNodeVisualInfo","height":24}],"endStateId":["guid:8b0c8ed1dccfb194:-60544698:18f06b936dc:-7b94"],"saveExecutionContext":[true]},"name":"End","declaredType":"endEvent","id":"abd8d2f1-6954-4d1b-83e6-4062f901ccc7"},{"targetRef":"507ae519-56ec-4555-80f7-b70cfb44645a","extensionElements":{"linkVisualInfo":[{"sourcePortLocation":"rightCenter","showCoachControlLabel":false,"labelPosition":0.0,"targetPortLocation":"leftCenter","declaredType":"TLinkVisualInfo","saveExecutionContext":false,"showLabel":false}]},"name":"To Linked service flow","declaredType":"sequenceFlow","id":"2027.33fcf872-ee00-4249-8cd9-89229eeee078","sourceRef":"16c0370e-8e07-4252-8c18-9c094f20d0ba"},{"startQuantity":1,"outgoing":["d586e75c-4c1f-48c5-8415-d8bbc173aa92"],"incoming":["2027.33fcf872-ee00-4249-8cd9-89229eeee078"],"extensionElements":{"nodeVisualInfo":[{"width":95,"x":518,"y":57,"declaredType":"TNodeVisualInfo","height":70}],"activityType":["ServiceTask"]},"implementation":"##WebService","name":"Linked service flow","dataInputAssociation":[{"targetRef":"2055.1a77801d-ed15-41fd-83bf-91a90abaa788","assignment":[{"from":{"evaluatesToTypeRef":"itm.12.db884a3c-c533-44b7-bb2d-47bec8ad4022","declaredType":"TFormalExpression","content":["tw.local.data"]}}]}],"isForCompensation":false,"completionQuantity":1,"declaredType":"serviceTask","id":"507ae519-56ec-4555-80f7-b70cfb44645a","dataOutputAssociation":[{"assignment":[{"to":{"evaluatesToTypeRef":"itm.12.c09c9b6e-aabd-4897-bef2-ed61db106297","declaredType":"TFormalExpression","content":["tw.local.results"]}}],"sourceRef":["2055.d7791d8a-59c7-4aa8-86fa-c510e8bb716f"]}]},{"targetRef":"abd8d2f1-6954-4d1b-83e6-4062f901ccc7","extensionElements":{"sequenceFlowImplementation":[{"fireValidation":"Never","sboSyncEnabled":true,"declaredType":"com.ibm.bpmsdk.model.bpmn20.ibmext.TSequenceFlowImplementation"}],"linkVisualInfo":[{"sourcePortLocation":"rightCenter","showCoachControlLabel":false,"labelPosition":0.0,"targetPortLocation":"leftCenter","declaredType":"TLinkVisualInfo","saveExecutionContext":true,"showLabel":false}]},"name":"To End","declaredType":"sequenceFlow","id":"d586e75c-4c1f-48c5-8415-d8bbc173aa92","sourceRef":"507ae519-56ec-4555-80f7-b70cfb44645a"}],"laneSet":[{"id":"6de1e413-d669-477f-8a1b-91238cc8ece1","lane":[{"flowNodeRef":["16c0370e-8e07-4252-8c18-9c094f20d0ba","abd8d2f1-6954-4d1b-83e6-4062f901ccc7","507ae519-56ec-4555-80f7-b70cfb44645a"],"extensionElements":{"nodeVisualInfo":[{"color":"#F8F8F8","width":3000,"x":0,"y":0,"declaredType":"TNodeVisualInfo","height":500}]},"name":"System","partitionElementRef":"24.6fd38d02-81cf-48ab-bd42-8ff4c0a1628b","declaredType":"lane","id":"aa717a19-8247-4949-803f-5142b18f5b51","otherAttributes":{"{http:\/\/www.ibm.com\/xmlns\/prod\/bpm\/bpmn\/ext\/process\/wle}isSystemLane":"true"}}]}],"isClosed":false,"extensionElements":{"isSecured":[false],"isAjaxExposed":[true],"isTransactionalFlow":[false],"sboSyncEnabled":[true],"isInvokedAsynchronously":[false]},"documentation":[{"textFormat":"text\/plain"}],"name":"Get Documents","declaredType":"process","id":"1.b890bc17-b9b1-43c6-833c-fd4fbacf9734","processType":"None","otherAttributes":{"{http:\/\/www.ibm.com\/xmlns\/prod\/bpm\/bpmn\/ext\/process}executionMode":"microflow"},"ioSpecification":{"dataOutput":[{"itemSubjectRef":"itm.12.c09c9b6e-aabd-4897-bef2-ed61db106297","name":"results","isCollection":false,"id":"2055.37701ada-c1c4-43e5-862b-a7c19c176097"},{"itemSubjectRef":"itm.12.5551644c-3dc6-4161-a939-4e7f27f8ce45","name":"error","isCollection":false,"id":"2055.2f5e9f4a-0ac2-4b73-8e1a-caf778c8ec58"}],"inputSet":[{}],"outputSet":[{}],"dataInput":[{"extensionElements":{"defaultValue":[{"declaredType":"com.ibm.bpmsdk.model.bpmn20.ibmext.TDefaultValue","useDefault":true,"value":"\"\u202a\/Claims\/Transcripts\""}]},"itemSubjectRef":"itm.12.db884a3c-c533-44b7-bb2d-47bec8ad4022","name":"data","isCollection":false,"id":"2055.7503a839-cfb5-4eae-8e43-e5c90442bb2b"}]}}],"targetNamespace":"","typeLanguage":"http:\/\/www.w3.org\/2001\/XMLSchema","expressionLanguage":"http:\/\/www.ibm.com\/xmlns\/prod\/bpm\/expression-lang\/javascript"}</jsonData>
        <field1 isNull="true" />
        <field2 isNull="true" />
        <field3>0</field3>
        <field4 isNull="true" />
        <field5>false</field5>
        <clobField1 isNull="true" />
        <blobField1 isNull="true" />
        <processParameter name="data">
            <lastModified isNull="true" />
            <lastModifiedBy isNull="true" />
            <tenantId isNull="true" />
            <processParameterId>2055.7503a839-cfb5-4eae-8e43-e5c90442bb2b</processParameterId>
            <processId>1.b890bc17-b9b1-43c6-833c-fd4fbacf9734</processId>
            <parameterType>1</parameterType>
            <isArrayOf>false</isArrayOf>
            <classId>f9bfad03-1cba-408d-921f-41cfbdd4600c/12.db884a3c-c533-44b7-bb2d-47bec8ad4022</classId>
            <seq>1</seq>
            <hasDefault>true</hasDefault>
            <defaultValue>"‪/Claims/Transcripts"</defaultValue>
            <isLocked>false</isLocked>
            <description isNull="true" />
            <guid>guid:01929a5b-b5d3-4992-af5b-7def7ae8d524</guid>
            <versionId>60f615cf-d672-44c1-a58e-d4e1b14c394e</versionId>
        </processParameter>
        <processParameter name="results">
            <lastModified isNull="true" />
            <lastModifiedBy isNull="true" />
            <tenantId isNull="true" />
            <processParameterId>2055.37701ada-c1c4-43e5-862b-a7c19c176097</processParameterId>
            <processId>1.b890bc17-b9b1-43c6-833c-fd4fbacf9734</processId>
            <parameterType>2</parameterType>
            <isArrayOf>false</isArrayOf>
            <classId>f9bfad03-1cba-408d-921f-41cfbdd4600c/12.c09c9b6e-aabd-4897-bef2-ed61db106297</classId>
            <seq>2</seq>
            <hasDefault>false</hasDefault>
            <defaultValue isNull="true" />
            <isLocked>false</isLocked>
            <description isNull="true" />
            <guid>guid:fc5a1229-269f-45fc-9a16-2fe44c66297e</guid>
            <versionId>46d554ea-ab02-4c65-a9c3-21ec2da3920d</versionId>
        </processParameter>
        <processParameter name="error">
            <lastModified isNull="true" />
            <lastModifiedBy isNull="true" />
            <tenantId isNull="true" />
            <processParameterId>2055.2f5e9f4a-0ac2-4b73-8e1a-caf778c8ec58</processParameterId>
            <processId>1.b890bc17-b9b1-43c6-833c-fd4fbacf9734</processId>
            <parameterType>2</parameterType>
            <isArrayOf>false</isArrayOf>
            <classId>9b766f05-41c8-44ae-8ce7-ca32db253f3c/12.5551644c-3dc6-4161-a939-4e7f27f8ce45</classId>
            <seq>3</seq>
            <hasDefault>false</hasDefault>
            <defaultValue isNull="true" />
            <isLocked>false</isLocked>
            <description isNull="true" />
            <guid>guid:b754436a-07ba-49d6-927d-8ec138b6ace6</guid>
            <versionId>d7eb8c89-8ad4-4b10-9aba-b4c0aa06be5c</versionId>
        </processParameter>
        <item>
            <lastModified isNull="true" />
            <lastModifiedBy isNull="true" />
            <tenantId isNull="true" />
            <processItemId>2025.507ae519-56ec-4555-80f7-b70cfb44645a</processItemId>
            <processId>1.b890bc17-b9b1-43c6-833c-fd4fbacf9734</processId>
            <name>Linked service flow</name>
            <tWComponentName>Script</tWComponentName>
            <tWComponentId>3011.f497326e-ddfb-43ac-aa63-765025fb7dc2</tWComponentId>
            <isLogEnabled>false</isLogEnabled>
            <isTraceEnabled>false</isTraceEnabled>
            <traceCategory isNull="true" />
            <traceLevel isNull="true" />
            <traceMessage isNull="true" />
            <traceSymbolTable isNull="true" />
            <isExecutionContextTraced>false</isExecutionContextTraced>
            <saveExecutionContext>false</saveExecutionContext>
            <documentation isNull="true" />
            <isErrorHandlerEnabled>false</isErrorHandlerEnabled>
            <errorHandlerItemId isNull="true" />
            <guid>guid:4de8e7d5da8de40b:66c9899e:18f8878ebd9:-7916</guid>
            <versionId>c21186a7-44c6-4233-8772-74aa36718e83</versionId>
            <externalServiceRef isNull="true" />
            <externalServiceOp isNull="true" />
            <nodeColor isNull="true" />
            <layoutData x="518" y="57">
                <errorLink>
                    <controlPoints />
                    <showEndState>false</showEndState>
                    <showName>false</showName>
                </errorLink>
            </layoutData>
            <TWComponent>
                <lastModified isNull="true" />
                <lastModifiedBy isNull="true" />
                <tenantId isNull="true" />
                <scriptId>3011.f497326e-ddfb-43ac-aa63-765025fb7dc2</scriptId>
                <scriptTypeId isNull="true" />
                <isActive>false</isActive>
                <script isNull="true" />
                <isRule>false</isRule>
                <guid>guid:3f20a213-7178-4131-8198-cc52f5477ab7</guid>
                <versionId>f5339efe-b81b-4e34-99c1-4e595307a481</versionId>
            </TWComponent>
        </item>
        <item>
            <lastModified isNull="true" />
            <lastModifiedBy isNull="true" />
            <tenantId isNull="true" />
            <processItemId>2025.abd8d2f1-6954-4d1b-83e6-4062f901ccc7</processItemId>
            <processId>1.b890bc17-b9b1-43c6-833c-fd4fbacf9734</processId>
            <name>End</name>
            <tWComponentName>ExitPoint</tWComponentName>
            <tWComponentId>3008.4e5bb3f0-4642-48e9-9c7a-e9cd07f1fa39</tWComponentId>
            <isLogEnabled>false</isLogEnabled>
            <isTraceEnabled>false</isTraceEnabled>
            <traceCategory isNull="true" />
            <traceLevel isNull="true" />
            <traceMessage isNull="true" />
            <traceSymbolTable isNull="true" />
            <isExecutionContextTraced>false</isExecutionContextTraced>
            <saveExecutionContext>true</saveExecutionContext>
            <documentation isNull="true" />
            <isErrorHandlerEnabled>false</isErrorHandlerEnabled>
            <errorHandlerItemId isNull="true" />
            <guid>guid:8b0c8ed1dccfb194:-60544698:18f06b936dc:-7b94</guid>
            <versionId>33a16820-a1ff-4733-9b72-92ba6e4c7a1f</versionId>
            <externalServiceRef isNull="true" />
            <externalServiceOp isNull="true" />
            <nodeColor isNull="true" />
            <layoutData x="650" y="80">
                <errorLink>
                    <controlPoints />
                    <showEndState>false</showEndState>
                    <showName>false</showName>
                </errorLink>
            </layoutData>
            <TWComponent>
                <lastModified isNull="true" />
                <lastModifiedBy isNull="true" />
                <tenantId isNull="true" />
                <exitPointId>3008.4e5bb3f0-4642-48e9-9c7a-e9cd07f1fa39</exitPointId>
                <haltProcess>false</haltProcess>
                <guid>guid:9068199e-7d02-4c4a-ba07-5c89371c41f2</guid>
                <versionId>ef029bf6-eac6-432f-ad90-c0bdc492a593</versionId>
            </TWComponent>
        </item>
        <startingProcessItemId>2025.507ae519-56ec-4555-80f7-b70cfb44645a</startingProcessItemId>
        <errorHandlerItemId isNull="true" />
        <layoutData noConversion="true">
            <errorLink>
                <controlPoints />
                <showEndState>false</showEndState>
                <showName>false</showName>
            </errorLink>
        </layoutData>
        <startPoint>
            <layoutData x="25" y="80">
                <errorLink>
                    <controlPoints />
                    <showEndState>false</showEndState>
                    <showName>false</showName>
                </errorLink>
            </layoutData>
        </startPoint>
        <startLink>
            <fromPort locationId="rightCenter" portType="1" />
            <toPort locationId="leftCenter" portType="2" />
            <layoutData>
                <controlPoints />
                <showEndState>false</showEndState>
                <showName>false</showName>
            </layoutData>
        </startLink>
        <bpmn2Model>
            <ns16:definitions xmlns:ns16="http://www.omg.org/spec/BPMN/20100524/MODEL" xmlns:ns2="http://www.ibm.com/xmlns/prod/bpm/bpmn/ext/process" xmlns:ns3="http://www.ibm.com/xmlns/prod/bpm/bpmn/ext/process/wle" xmlns:ns4="http://www.ibm.com/xmlns/prod/bpm/bpmn/ext/process/case" xmlns:ns5="http://www.ibm.com/bpm/Extensions" xmlns:ns6="http://www.ibm.com/xmlns/prod/bpm/uca" xmlns:ns7="http://www.ibm.com/xmlns/prod/bpm/bpmn/ext/team" xmlns:ns8="http://www.ibm.com/xmlns/prod/bpm/bpmn/ext/trackinggroup" xmlns:ns9="http://www.ibm.com/xmlns/bpmnx/20100524/v1/BusinessVocabulary" xmlns:ns10="http://www.omg.org/spec/DD/20100524/DI" xmlns:ns11="http://www.omg.org/spec/DD/20100524/DC" xmlns:ns12="http://www.omg.org/spec/BPMN/20100524/BPMNDI" xmlns:ns13="http://www.ibm.com/xmlns/prod/bpm/graph" xmlns:ns14="http://www.ibm.com/xmlns/prod/bpm/bpmn/ext/process/auth" xmlns:ns15="http://www.ibm.com/xmlns/prod/bpm/bpmn/ext/extservice" xmlns:ns17="http://www.ibm.com/bpm/processappsettings" xmlns:ns18="http://www.ibm.com/xmlns/links" xmlns:ns19="http://www.ibm.com/bpm/CoachDesignerNG" xmlns:ns20="http://www.ibm.com/xmlns/tagging" xmlns:ns21="http://www.ibm.com/bpm/uitheme" xmlns:ns22="http://www.ibm.com/bpm/coachview" targetNamespace="" expressionLanguage="http://www.ibm.com/xmlns/prod/bpm/expression-lang/javascript" typeLanguage="http://www.w3.org/2001/XMLSchema">
                
                
                <ns16:process name="Get Documents" id="1.b890bc17-b9b1-43c6-833c-fd4fbacf9734" ns2:executionMode="microflow">
                    
                    
                    <ns16:documentation textFormat="text/plain" />
                    
                    
                    <ns16:extensionElements>
                        
                        
                        <ns2:isTransactionalFlow>false</ns2:isTransactionalFlow>
                        
                        
                        <ns2:sboSyncEnabled>true</ns2:sboSyncEnabled>
                        
                        
                        <ns2:isInvokedAsynchronously>false</ns2:isInvokedAsynchronously>
                        
                        
                        <ns2:isSecured>false</ns2:isSecured>
                        
                        
                        <ns2:isAjaxExposed>true</ns2:isAjaxExposed>
                        
                    
                    </ns16:extensionElements>
                    
                    
                    <ns16:ioSpecification>
                        
                        
                        <ns16:dataInput name="data" itemSubjectRef="itm.12.db884a3c-c533-44b7-bb2d-47bec8ad4022" isCollection="false" id="2055.7503a839-cfb5-4eae-8e43-e5c90442bb2b">
                            
                            
                            <ns16:extensionElements>
                                
                                
                                <ns2:defaultValue useDefault="true">"‪/Claims/Transcripts"</ns2:defaultValue>
                                
                            
                            </ns16:extensionElements>
                            
                        
                        </ns16:dataInput>
                        
                        
                        <ns16:dataOutput name="results" itemSubjectRef="itm.12.c09c9b6e-aabd-4897-bef2-ed61db106297" isCollection="false" id="2055.37701ada-c1c4-43e5-862b-a7c19c176097" />
                        
                        
                        <ns16:dataOutput name="error" itemSubjectRef="itm.12.5551644c-3dc6-4161-a939-4e7f27f8ce45" isCollection="false" id="2055.2f5e9f4a-0ac2-4b73-8e1a-caf778c8ec58" />
                        
                        
                        <ns16:inputSet />
                        
                        
                        <ns16:outputSet />
                        
                    
                    </ns16:ioSpecification>
                    
                    
                    <ns16:laneSet id="6de1e413-d669-477f-8a1b-91238cc8ece1">
                        
                        
                        <ns16:lane name="System" partitionElementRef="24.6fd38d02-81cf-48ab-bd42-8ff4c0a1628b" id="aa717a19-8247-4949-803f-5142b18f5b51" ns3:isSystemLane="true">
                            
                            
                            <ns16:extensionElements>
                                
                                
                                <ns13:nodeVisualInfo x="0" y="0" width="3000" height="500" color="#F8F8F8" />
                                
                            
                            </ns16:extensionElements>
                            
                            
                            <ns16:flowNodeRef>16c0370e-8e07-4252-8c18-9c094f20d0ba</ns16:flowNodeRef>
                            
                            
                            <ns16:flowNodeRef>abd8d2f1-6954-4d1b-83e6-4062f901ccc7</ns16:flowNodeRef>
                            
                            
                            <ns16:flowNodeRef>507ae519-56ec-4555-80f7-b70cfb44645a</ns16:flowNodeRef>
                            
                        
                        </ns16:lane>
                        
                    
                    </ns16:laneSet>
                    
                    
                    <ns16:startEvent isInterrupting="false" parallelMultiple="false" name="Start" id="16c0370e-8e07-4252-8c18-9c094f20d0ba">
                        
                        
                        <ns16:extensionElements>
                            
                            
                            <ns13:nodeVisualInfo x="25" y="80" width="24" height="24" color="#F8F8F8" />
                            
                        
                        </ns16:extensionElements>
                        
                        
                        <ns16:outgoing>2027.33fcf872-ee00-4249-8cd9-89229eeee078</ns16:outgoing>
                        
                    
                    </ns16:startEvent>
                    
                    
                    <ns16:endEvent name="End" id="abd8d2f1-6954-4d1b-83e6-4062f901ccc7">
                        
                        
                        <ns16:extensionElements>
                            
                            
                            <ns13:nodeVisualInfo x="650" y="80" width="24" height="24" color="#F8F8F8" />
                            
                            
                            <ns3:saveExecutionContext>true</ns3:saveExecutionContext>
                            
                            
                            <ns2:endStateId>guid:8b0c8ed1dccfb194:-60544698:18f06b936dc:-7b94</ns2:endStateId>
                            
                        
                        </ns16:extensionElements>
                        
                        
                        <ns16:incoming>d586e75c-4c1f-48c5-8415-d8bbc173aa92</ns16:incoming>
                        
                    
                    </ns16:endEvent>
                    
                    
                    <ns16:sequenceFlow sourceRef="16c0370e-8e07-4252-8c18-9c094f20d0ba" targetRef="507ae519-56ec-4555-80f7-b70cfb44645a" name="To Linked service flow" id="2027.33fcf872-ee00-4249-8cd9-89229eeee078">
                        
                        
                        <ns16:extensionElements>
                            
                            
                            <ns13:linkVisualInfo>
                                
                                
                                <ns13:sourcePortLocation>rightCenter</ns13:sourcePortLocation>
                                
                                
                                <ns13:targetPortLocation>leftCenter</ns13:targetPortLocation>
                                
                                
                                <ns13:showLabel>false</ns13:showLabel>
                                
                                
                                <ns13:showCoachControlLabel>false</ns13:showCoachControlLabel>
                                
                                
                                <ns13:labelPosition>0.0</ns13:labelPosition>
                                
                                
                                <ns13:saveExecutionContext>false</ns13:saveExecutionContext>
                                
                            
                            </ns13:linkVisualInfo>
                            
                        
                        </ns16:extensionElements>
                        
                    
                    </ns16:sequenceFlow>
                    
                    
                    <ns16:serviceTask isForCompensation="false" startQuantity="1" completionQuantity="1" name="Linked service flow" id="507ae519-56ec-4555-80f7-b70cfb44645a">
                        
                        
                        <ns16:extensionElements>
                            
                            
                            <ns13:nodeVisualInfo x="518" y="57" width="95" height="70" />
                            
                            
                            <ns3:activityType>ServiceTask</ns3:activityType>
                            
                        
                        </ns16:extensionElements>
                        
                        
                        <ns16:incoming>2027.33fcf872-ee00-4249-8cd9-89229eeee078</ns16:incoming>
                        
                        
                        <ns16:outgoing>d586e75c-4c1f-48c5-8415-d8bbc173aa92</ns16:outgoing>
                        
                        
                        <ns16:dataInputAssociation>
                            
                            
                            <ns16:targetRef>2055.1a77801d-ed15-41fd-83bf-91a90abaa788</ns16:targetRef>
                            
                            
                            <ns16:assignment>
                                
                                
                                <ns16:from xmlns:xsi="http://www.w3.org/2001/XMLSchema-instance" xsi:type="ns16:tFormalExpression" evaluatesToTypeRef="itm.12.db884a3c-c533-44b7-bb2d-47bec8ad4022">tw.local.data</ns16:from>
                                
                            
                            </ns16:assignment>
                            
                        
                        </ns16:dataInputAssociation>
                        
                        
                        <ns16:dataOutputAssociation>
                            
                            
                            <ns16:sourceRef>2055.d7791d8a-59c7-4aa8-86fa-c510e8bb716f</ns16:sourceRef>
                            
                            
                            <ns16:assignment>
                                
                                
                                <ns16:to xmlns:xsi="http://www.w3.org/2001/XMLSchema-instance" xsi:type="ns16:tFormalExpression" evaluatesToTypeRef="itm.12.c09c9b6e-aabd-4897-bef2-ed61db106297">tw.local.results</ns16:to>
                                
                            
                            </ns16:assignment>
                            
                        
                        </ns16:dataOutputAssociation>
                        
                    
                    </ns16:serviceTask>
                    
                    
                    <ns16:sequenceFlow sourceRef="507ae519-56ec-4555-80f7-b70cfb44645a" targetRef="abd8d2f1-6954-4d1b-83e6-4062f901ccc7" name="To End" id="d586e75c-4c1f-48c5-8415-d8bbc173aa92">
                        
                        
                        <ns16:extensionElements>
                            
                            
                            <ns2:sequenceFlowImplementation sboSyncEnabled="true" />
                            
                            
                            <ns13:linkVisualInfo>
                                
                                
                                <ns13:sourcePortLocation>rightCenter</ns13:sourcePortLocation>
                                
                                
                                <ns13:targetPortLocation>leftCenter</ns13:targetPortLocation>
                                
                                
                                <ns13:showLabel>false</ns13:showLabel>
                                
                                
                                <ns13:showCoachControlLabel>false</ns13:showCoachControlLabel>
                                
                                
                                <ns13:labelPosition>0.0</ns13:labelPosition>
                                
                                
                                <ns13:saveExecutionContext>true</ns13:saveExecutionContext>
                                
                            
                            </ns13:linkVisualInfo>
                            
                        
                        </ns16:extensionElements>
                        
                    
                    </ns16:sequenceFlow>
                    
                
                </ns16:process>
                
            
            </ns16:definitions>
        </bpmn2Model>
        <link name="To End">
            <lastModified isNull="true" />
            <lastModifiedBy isNull="true" />
            <tenantId isNull="true" />
            <processLinkId>2027.d586e75c-4c1f-48c5-8415-d8bbc173aa92</processLinkId>
            <processId>1.b890bc17-b9b1-43c6-833c-fd4fbacf9734</processId>
            <description isNull="true" />
            <fromProcessItemId>2025.507ae519-56ec-4555-80f7-b70cfb44645a</fromProcessItemId>
            <endStateId>Out</endStateId>
            <toProcessItemId>2025.abd8d2f1-6954-4d1b-83e6-4062f901ccc7</toProcessItemId>
            <guid>guid:28a8f72e-62ee-4f8a-adf2-4e594e5e3801</guid>
            <versionId>65cfa5d1-67b8-40ca-8385-5d67ad28171a</versionId>
            <layoutData>
                <controlPoints />
                <showEndState>false</showEndState>
                <showName>false</showName>
            </layoutData>
            <fromItemPort locationId="rightCenter" portType="1" />
            <toItemPort locationId="leftCenter" portType="2" />
            <fromProcessItemId>2025.507ae519-56ec-4555-80f7-b70cfb44645a</fromProcessItemId>
            <toProcessItemId>2025.abd8d2f1-6954-4d1b-83e6-4062f901ccc7</toProcessItemId>
        </link>
    </process>
</teamworks>

