<?xml version="1.0" encoding="UTF-8"?>
<teamworks>
    <process id="1.e330c252-b4dc-400b-8348-e170a8e65a30" name="Send SMS">
        <lastModified>1715973586585</lastModified>
        <lastModifiedBy>cp4admin</lastModifiedBy>
        <tenantId isNull="true" />
        <processId>1.e330c252-b4dc-400b-8348-e170a8e65a30</processId>
        <image isNull="true" />
        <tabGroup isNull="true" />
        <startingProcessItemId>2025.d1f87f9f-7ea5-492f-8837-ff0e5095040c</startingProcessItemId>
        <isRootProcess>false</isRootProcess>
        <processType>12</processType>
        <isErrorHandlerEnabled>false</isErrorHandlerEnabled>
        <errorHandlerItemId isNull="true" />
        <isLoggingVariables>false</isLoggingVariables>
        <isTransactional>false</isTransactional>
        <processTimingLevel isNull="true" />
        <participantRef isNull="true" />
        <exposedType>0</exposedType>
        <isTrackingEnabled>true</isTrackingEnabled>
        <xmlData isNull="true" />
        <cachingType>false</cachingType>
        <itemLabel isNull="true" />
        <cacheLength>0</cacheLength>
        <mobileReady>false</mobileReady>
        <sboSyncEnabled>true</sboSyncEnabled>
        <externalId isNull="true" />
        <isSecured>true</isSecured>
        <isAjaxExposed>true</isAjaxExposed>
        <isInvokedAsynchronously>false</isInvokedAsynchronously>
        <isTransactionalFlow>false</isTransactionalFlow>
        <description isNull="true" />
        <guid>guid:cc90e269813961f2:-6d44b79:18f361f07e6:-6b3e</guid>
        <versionId>894dfae8-0ab6-4bd8-9f9f-f6324c3ef885</versionId>
        <dependencySummary>&lt;dependencySummary id="bpdid:dbf9acf9c88654db:-50650b7:18f55283b66:-6d98"&gt;
  &lt;artifactReference id="bpdid:dbf9acf9c88654db:-50650b7:18f55283b66:-6d97"&gt;
    &lt;refId&gt;1.db1a0a20-9138-4b60-9b73-4301da08152a&lt;/refId&gt;
    &lt;refType&gt;1&lt;/refType&gt;
    &lt;nameValuePair id="bpdid:dbf9acf9c88654db:-50650b7:18f55283b66:-6d96"&gt;
      &lt;name&gt;operationId&lt;/name&gt;
      &lt;value&gt;{http://www.ibm.com/xmlns/prod/bpm/bpmn/ext/externalservice/swagger/6974b313-2739-48fe-a8fa-1e6922d15969Service}_f45281b0-74d6-46ef-84fb-8073631053ca&lt;/value&gt;
    &lt;/nameValuePair&gt;
  &lt;/artifactReference&gt;
&lt;/dependencySummary&gt;</dependencySummary>
        <jsonData>{"rootElement":[{"flowElement":[{"parallelMultiple":false,"outgoing":["2027.3e4a62f3-b61b-4fd6-88a5-cb017a469d89"],"isInterrupting":false,"extensionElements":{"nodeVisualInfo":[{"color":"#F8F8F8","width":24,"x":25,"y":80,"declaredType":"TNodeVisualInfo","height":24}]},"name":"Start","declaredType":"startEvent","id":"30db67a9-08d0-4630-8644-841c33f7381a"},{"incoming":["7243f60a-78d7-4c00-82d9-4690241dfc3c"],"extensionElements":{"nodeVisualInfo":[{"color":"#F8F8F8","width":24,"x":650,"y":80,"declaredType":"TNodeVisualInfo","height":24}],"endStateId":["guid:cc90e269813961f2:-6d44b79:18f361f07e6:-6b3c"],"saveExecutionContext":[true]},"name":"End","declaredType":"endEvent","id":"fb5131fd-6187-4352-84af-037c63312c4c"},{"targetRef":"d1f87f9f-7ea5-492f-8837-ff0e5095040c","extensionElements":{"linkVisualInfo":[{"sourcePortLocation":"rightCenter","showCoachControlLabel":false,"labelPosition":0.0,"targetPortLocation":"leftCenter","declaredType":"TLinkVisualInfo","saveExecutionContext":false,"showLabel":false}]},"name":"To Send sms","declaredType":"sequenceFlow","id":"2027.3e4a62f3-b61b-4fd6-88a5-cb017a469d89","sourceRef":"30db67a9-08d0-4630-8644-841c33f7381a"},{"startQuantity":1,"outgoing":["7243f60a-78d7-4c00-82d9-4690241dfc3c"],"incoming":["2027.3e4a62f3-b61b-4fd6-88a5-cb017a469d89"],"extensionElements":{"nodeVisualInfo":[{"width":95,"x":281,"y":57,"declaredType":"TNodeVisualInfo","height":70}],"preAssignmentScript":["tw.local.body.content = tw.local.txt;"],"activityType":["ServiceTask"],"externalServiceRefPO":["1.db1a0a20-9138-4b60-9b73-4301da08152a"],"externalServiceRef":["{http:\/\/www.ibm.com\/xmlns\/prod\/bpm\/bpmn\/ext\/externalservice\/swagger\/6974b313-2739-48fe-a8fa-1e6922d15969Service}_d5a3f7dc-565c-4898-8ad0-7737203e0b26"]},"operationRef":"{http:\/\/www.ibm.com\/xmlns\/prod\/bpm\/bpmn\/ext\/externalservice\/swagger\/6974b313-2739-48fe-a8fa-1e6922d15969Service}_f45281b0-74d6-46ef-84fb-8073631053ca","implementation":"##WebService","name":"Send sms","dataInputAssociation":[{"targetRef":"_65af65ab-d020-4a05-bcf1-0ceb870a879f","assignment":[{"from":{"evaluatesToTypeRef":"itm.12.0c1863ec-2cfb-46f2-98d4-4e641d8e9935","declaredType":"TFormalExpression","content":["tw.local.body"]}}]}],"isForCompensation":false,"completionQuantity":1,"declaredType":"serviceTask","id":"d1f87f9f-7ea5-492f-8837-ff0e5095040c"},{"targetRef":"fb5131fd-6187-4352-84af-037c63312c4c","extensionElements":{"sequenceFlowImplementation":[{"fireValidation":"Never","sboSyncEnabled":true,"declaredType":"com.ibm.bpmsdk.model.bpmn20.ibmext.TSequenceFlowImplementation"}],"linkVisualInfo":[{"sourcePortLocation":"rightCenter","showCoachControlLabel":false,"labelPosition":0.0,"targetPortLocation":"leftCenter","declaredType":"TLinkVisualInfo","saveExecutionContext":true,"showLabel":false}]},"name":"To End","declaredType":"sequenceFlow","id":"7243f60a-78d7-4c00-82d9-4690241dfc3c","sourceRef":"d1f87f9f-7ea5-492f-8837-ff0e5095040c"},{"extensionElements":{"defaultValue":[{"declaredType":"com.ibm.bpmsdk.model.bpmn20.ibmext.TDefaultValue","useDefault":true,"value":"var autoObject = new tw.object.toolkit.TMJ.SMS();\nautoObject.to = new tw.object.listOf.toolkit.TWSYS.String();\nautoObject.to[0]=\"32479642812\";\nautoObject.channnel = \"SMS\";\nautoObject.text = \"test\";\nautoObject"}]},"itemSubjectRef":"itm.12.0c1863ec-2cfb-46f2-98d4-4e641d8e9935","name":"body","isCollection":false,"declaredType":"dataObject","id":"2056.de5345bd-b675-4724-894d-ea170dc64c28"}],"laneSet":[{"id":"63c7d3fc-b1f5-4076-8ba5-0873778f685b","lane":[{"flowNodeRef":["30db67a9-08d0-4630-8644-841c33f7381a","fb5131fd-6187-4352-84af-037c63312c4c","d1f87f9f-7ea5-492f-8837-ff0e5095040c"],"extensionElements":{"nodeVisualInfo":[{"color":"#F8F8F8","width":3000,"x":0,"y":0,"declaredType":"TNodeVisualInfo","height":500}]},"name":"System","partitionElementRef":"24.6fd38d02-81cf-48ab-bd42-8ff4c0a1628b","declaredType":"lane","id":"c57734b2-4fbe-4dfa-8423-a89d2001ef57","otherAttributes":{"{http:\/\/www.ibm.com\/xmlns\/prod\/bpm\/bpmn\/ext\/process\/wle}isSystemLane":"true"}}]}],"isClosed":false,"extensionElements":{"isSecured":[true],"isAjaxExposed":[true],"isTransactionalFlow":[false],"sboSyncEnabled":[true],"isInvokedAsynchronously":[false]},"documentation":[{"textFormat":"text\/plain"}],"name":"Send SMS","declaredType":"process","id":"1.e330c252-b4dc-400b-8348-e170a8e65a30","processType":"None","otherAttributes":{"{http:\/\/www.ibm.com\/xmlns\/prod\/bpm\/bpmn\/ext\/process}executionMode":"microflow"},"ioSpecification":{"inputSet":[{"dataInputRefs":["2055.1489d962-58b6-4159-8dd9-19c33ad5d39f"]}],"outputSet":[{}],"dataInput":[{"extensionElements":{"defaultValue":[{"declaredType":"com.ibm.bpmsdk.model.bpmn20.ibmext.TDefaultValue","useDefault":true,"value":"\"Cc i est une demo \""}]},"itemSubjectRef":"itm.12.db884a3c-c533-44b7-bb2d-47bec8ad4022","name":"txt","isCollection":false,"id":"2055.1489d962-58b6-4159-8dd9-19c33ad5d39f"}]}}],"targetNamespace":"","typeLanguage":"http:\/\/www.w3.org\/2001\/XMLSchema","expressionLanguage":"http:\/\/www.ibm.com\/xmlns\/prod\/bpm\/expression-lang\/javascript"}</jsonData>
        <field1 isNull="true" />
        <field2 isNull="true" />
        <field3>0</field3>
        <field4 isNull="true" />
        <field5>false</field5>
        <clobField1 isNull="true" />
        <blobField1 isNull="true" />
        <processParameter name="txt">
            <lastModified isNull="true" />
            <lastModifiedBy isNull="true" />
            <tenantId isNull="true" />
            <processParameterId>2055.1489d962-58b6-4159-8dd9-19c33ad5d39f</processParameterId>
            <processId>1.e330c252-b4dc-400b-8348-e170a8e65a30</processId>
            <parameterType>1</parameterType>
            <isArrayOf>false</isArrayOf>
            <classId>f9bfad03-1cba-408d-921f-41cfbdd4600c/12.db884a3c-c533-44b7-bb2d-47bec8ad4022</classId>
            <seq>1</seq>
            <hasDefault>true</hasDefault>
            <defaultValue>"Cc i est une demo "</defaultValue>
            <isLocked>false</isLocked>
            <description isNull="true" />
            <guid>guid:1be70db7-f1b7-451b-95ac-05ded98bb00a</guid>
            <versionId>64e835a5-0e00-4947-8a8e-fb37f4d8536f</versionId>
        </processParameter>
        <processVariable name="body">
            <lastModified isNull="true" />
            <lastModifiedBy isNull="true" />
            <tenantId isNull="true" />
            <processVariableId>2056.de5345bd-b675-4724-894d-ea170dc64c28</processVariableId>
            <description isNull="true" />
            <processId>1.e330c252-b4dc-400b-8348-e170a8e65a30</processId>
            <namespace>2</namespace>
            <seq>1</seq>
            <isArrayOf>false</isArrayOf>
            <isTransient>false</isTransient>
            <classId>a5f8825a-6726-48a3-86dc-d78b09778a38/12.0c1863ec-2cfb-46f2-98d4-4e641d8e9935</classId>
            <hasDefault>true</hasDefault>
            <defaultValue>var autoObject = new tw.object.toolkit.TMJ.SMS();
autoObject.to = new tw.object.listOf.toolkit.TWSYS.String();
autoObject.to[0]="32479642812";
autoObject.channnel = "SMS";
autoObject.text = "test";
autoObject</defaultValue>
            <guid>guid:21bc073d-c058-4116-984e-21368d842687</guid>
            <versionId>38875a61-2ca6-4123-a8a2-de8a23775013</versionId>
        </processVariable>
        <item>
            <lastModified isNull="true" />
            <lastModifiedBy isNull="true" />
            <tenantId isNull="true" />
            <processItemId>2025.fb5131fd-6187-4352-84af-037c63312c4c</processItemId>
            <processId>1.e330c252-b4dc-400b-8348-e170a8e65a30</processId>
            <name>End</name>
            <tWComponentName>ExitPoint</tWComponentName>
            <tWComponentId>3008.fe164d84-fba2-4814-8a58-230b3d8181a4</tWComponentId>
            <isLogEnabled>false</isLogEnabled>
            <isTraceEnabled>false</isTraceEnabled>
            <traceCategory isNull="true" />
            <traceLevel isNull="true" />
            <traceMessage isNull="true" />
            <traceSymbolTable isNull="true" />
            <isExecutionContextTraced>false</isExecutionContextTraced>
            <saveExecutionContext>true</saveExecutionContext>
            <documentation isNull="true" />
            <isErrorHandlerEnabled>false</isErrorHandlerEnabled>
            <errorHandlerItemId isNull="true" />
            <guid>guid:cc90e269813961f2:-6d44b79:18f361f07e6:-6b3c</guid>
            <versionId>7bb82fb6-8d5f-486e-a446-7f80caf0f9ba</versionId>
            <externalServiceRef isNull="true" />
            <externalServiceOp isNull="true" />
            <nodeColor isNull="true" />
            <layoutData x="650" y="80">
                <errorLink>
                    <controlPoints />
                    <showEndState>false</showEndState>
                    <showName>false</showName>
                </errorLink>
            </layoutData>
            <TWComponent>
                <lastModified isNull="true" />
                <lastModifiedBy isNull="true" />
                <tenantId isNull="true" />
                <exitPointId>3008.fe164d84-fba2-4814-8a58-230b3d8181a4</exitPointId>
                <haltProcess>false</haltProcess>
                <guid>guid:f0675191-3738-4c10-9be7-5f7db27fb921</guid>
                <versionId>66dbb145-eb49-4006-84c1-3e82cb22d91d</versionId>
            </TWComponent>
        </item>
        <item>
            <lastModified isNull="true" />
            <lastModifiedBy isNull="true" />
            <tenantId isNull="true" />
            <processItemId>2025.d1f87f9f-7ea5-492f-8837-ff0e5095040c</processItemId>
            <processId>1.e330c252-b4dc-400b-8348-e170a8e65a30</processId>
            <name>Send sms</name>
            <tWComponentName>SKELConnector</tWComponentName>
            <tWComponentId>3034.4aaf70f7-40a6-4b62-b5c2-dd51edcc4f40</tWComponentId>
            <isLogEnabled>false</isLogEnabled>
            <isTraceEnabled>false</isTraceEnabled>
            <traceCategory isNull="true" />
            <traceLevel isNull="true" />
            <traceMessage isNull="true" />
            <traceSymbolTable isNull="true" />
            <isExecutionContextTraced>false</isExecutionContextTraced>
            <saveExecutionContext>false</saveExecutionContext>
            <documentation isNull="true" />
            <isErrorHandlerEnabled>false</isErrorHandlerEnabled>
            <errorHandlerItemId isNull="true" />
            <guid>guid:cc90e269813961f2:-6d44b79:18f361f07e6:-6b3a</guid>
            <versionId>f478dccf-933d-4f1e-b800-1d11c8ba3f8f</versionId>
            <externalServiceRef>a5f8825a-6726-48a3-86dc-d78b09778a38/1.db1a0a20-9138-4b60-9b73-4301da08152a</externalServiceRef>
            <externalServiceOp>_f45281b0-74d6-46ef-84fb-8073631053ca</externalServiceOp>
            <nodeColor isNull="true" />
            <processPrePosts>
                <lastModified isNull="true" />
                <lastModifiedBy isNull="true" />
                <tenantId isNull="true" />
                <processItemPrePostId>2029.7f51ec64-8b46-4503-83c6-ee21240a4d7d</processItemPrePostId>
                <processItemId>2025.d1f87f9f-7ea5-492f-8837-ff0e5095040c</processItemId>
                <location>1</location>
                <script>tw.local.body.content = tw.local.txt;</script>
                <guid>guid:7f51ec64-8b46-4503-83c6-ee21240a4d7d</guid>
                <versionId>351ca5bb-dd4f-4199-b30d-8c9c8b87f0b7</versionId>
            </processPrePosts>
            <layoutData x="281" y="57">
                <errorLink>
                    <controlPoints />
                    <showEndState>false</showEndState>
                    <showName>false</showName>
                </errorLink>
            </layoutData>
            <TWComponent>
                <lastModified isNull="true" />
                <lastModifiedBy isNull="true" />
                <tenantId isNull="true" />
                <skelConnectorId>3034.4aaf70f7-40a6-4b62-b5c2-dd51edcc4f40</skelConnectorId>
                <definition>&lt;config type="com.lombardisoftware.client.persistence.SKELConnectorConfiguration"&gt;
  &lt;inputParameters&gt;
    &lt;parameter&gt;
      &lt;name&gt;_65af65ab-d020-4a05-bcf1-0ceb870a879f&lt;/name&gt;
      &lt;type&gt;itm.12.0c1863ec-2cfb-46f2-98d4-4e641d8e9935&lt;/type&gt;
      &lt;description /&gt;
      &lt;defaultValue /&gt;
      &lt;argumentVariable&gt;tw.local.body&lt;/argumentVariable&gt;
      &lt;isArray&gt;&lt;/isArray&gt;
    &lt;/parameter&gt;
  &lt;/inputParameters&gt;
  &lt;outputParameters /&gt;
  &lt;extendedProperties /&gt;
&lt;/config&gt;</definition>
                <guid>guid:cccebb26-9228-405a-bd1b-55d0df4fe7b2</guid>
                <versionId>1928d6fb-5a9d-48e2-8e9e-48780b110f73</versionId>
            </TWComponent>
        </item>
        <startingProcessItemId>2025.d1f87f9f-7ea5-492f-8837-ff0e5095040c</startingProcessItemId>
        <errorHandlerItemId isNull="true" />
        <layoutData noConversion="true">
            <errorLink>
                <controlPoints />
                <showEndState>false</showEndState>
                <showName>false</showName>
            </errorLink>
        </layoutData>
        <startPoint>
            <layoutData x="25" y="80">
                <errorLink>
                    <controlPoints />
                    <showEndState>false</showEndState>
                    <showName>false</showName>
                </errorLink>
            </layoutData>
        </startPoint>
        <startLink>
            <fromPort locationId="rightCenter" portType="1" />
            <toPort locationId="leftCenter" portType="2" />
            <layoutData>
                <controlPoints />
                <showEndState>false</showEndState>
                <showName>false</showName>
            </layoutData>
        </startLink>
        <bpmn2Model>
            <ns16:definitions xmlns:ns16="http://www.omg.org/spec/BPMN/20100524/MODEL" xmlns:ns2="http://www.ibm.com/xmlns/prod/bpm/bpmn/ext/process" xmlns:ns3="http://www.ibm.com/xmlns/prod/bpm/bpmn/ext/process/wle" xmlns:ns4="http://www.ibm.com/xmlns/prod/bpm/bpmn/ext/process/case" xmlns:ns5="http://www.ibm.com/bpm/Extensions" xmlns:ns6="http://www.ibm.com/xmlns/prod/bpm/uca" xmlns:ns7="http://www.ibm.com/xmlns/prod/bpm/bpmn/ext/team" xmlns:ns8="http://www.ibm.com/xmlns/prod/bpm/bpmn/ext/trackinggroup" xmlns:ns9="http://www.ibm.com/xmlns/bpmnx/20100524/v1/BusinessVocabulary" xmlns:ns10="http://www.omg.org/spec/DD/20100524/DI" xmlns:ns11="http://www.omg.org/spec/DD/20100524/DC" xmlns:ns12="http://www.omg.org/spec/BPMN/20100524/BPMNDI" xmlns:ns13="http://www.ibm.com/xmlns/prod/bpm/graph" xmlns:ns14="http://www.ibm.com/xmlns/prod/bpm/bpmn/ext/process/auth" xmlns:ns15="http://www.ibm.com/xmlns/prod/bpm/bpmn/ext/extservice" xmlns:ns17="http://www.ibm.com/bpm/processappsettings" xmlns:ns18="http://www.ibm.com/xmlns/links" xmlns:ns19="http://www.ibm.com/bpm/CoachDesignerNG" xmlns:ns20="http://www.ibm.com/xmlns/tagging" xmlns:ns21="http://www.ibm.com/bpm/uitheme" xmlns:ns22="http://www.ibm.com/bpm/coachview" targetNamespace="" expressionLanguage="http://www.ibm.com/xmlns/prod/bpm/expression-lang/javascript" typeLanguage="http://www.w3.org/2001/XMLSchema">
                
                
                <ns16:process name="Send SMS" id="1.e330c252-b4dc-400b-8348-e170a8e65a30" ns2:executionMode="microflow">
                    
                    
                    <ns16:documentation textFormat="text/plain" />
                    
                    
                    <ns16:extensionElements>
                        
                        
                        <ns2:isSecured>true</ns2:isSecured>
                        
                        
                        <ns2:isAjaxExposed>true</ns2:isAjaxExposed>
                        
                        
                        <ns2:isTransactionalFlow>false</ns2:isTransactionalFlow>
                        
                        
                        <ns2:sboSyncEnabled>true</ns2:sboSyncEnabled>
                        
                        
                        <ns2:isInvokedAsynchronously>false</ns2:isInvokedAsynchronously>
                        
                    
                    </ns16:extensionElements>
                    
                    
                    <ns16:ioSpecification>
                        
                        
                        <ns16:dataInput name="txt" itemSubjectRef="itm.12.db884a3c-c533-44b7-bb2d-47bec8ad4022" isCollection="false" id="2055.1489d962-58b6-4159-8dd9-19c33ad5d39f">
                            
                            
                            <ns16:extensionElements>
                                
                                
                                <ns2:defaultValue useDefault="true">"Cc i est une demo "</ns2:defaultValue>
                                
                            
                            </ns16:extensionElements>
                            
                        
                        </ns16:dataInput>
                        
                        
                        <ns16:inputSet>
                            
                            
                            <ns16:dataInputRefs>2055.1489d962-58b6-4159-8dd9-19c33ad5d39f</ns16:dataInputRefs>
                            
                        
                        </ns16:inputSet>
                        
                        
                        <ns16:outputSet />
                        
                    
                    </ns16:ioSpecification>
                    
                    
                    <ns16:laneSet id="63c7d3fc-b1f5-4076-8ba5-0873778f685b">
                        
                        
                        <ns16:lane name="System" partitionElementRef="24.6fd38d02-81cf-48ab-bd42-8ff4c0a1628b" id="c57734b2-4fbe-4dfa-8423-a89d2001ef57" ns3:isSystemLane="true">
                            
                            
                            <ns16:extensionElements>
                                
                                
                                <ns13:nodeVisualInfo x="0" y="0" width="3000" height="500" color="#F8F8F8" />
                                
                            
                            </ns16:extensionElements>
                            
                            
                            <ns16:flowNodeRef>30db67a9-08d0-4630-8644-841c33f7381a</ns16:flowNodeRef>
                            
                            
                            <ns16:flowNodeRef>fb5131fd-6187-4352-84af-037c63312c4c</ns16:flowNodeRef>
                            
                            
                            <ns16:flowNodeRef>d1f87f9f-7ea5-492f-8837-ff0e5095040c</ns16:flowNodeRef>
                            
                        
                        </ns16:lane>
                        
                    
                    </ns16:laneSet>
                    
                    
                    <ns16:startEvent isInterrupting="false" parallelMultiple="false" name="Start" id="30db67a9-08d0-4630-8644-841c33f7381a">
                        
                        
                        <ns16:extensionElements>
                            
                            
                            <ns13:nodeVisualInfo x="25" y="80" width="24" height="24" color="#F8F8F8" />
                            
                        
                        </ns16:extensionElements>
                        
                        
                        <ns16:outgoing>2027.3e4a62f3-b61b-4fd6-88a5-cb017a469d89</ns16:outgoing>
                        
                    
                    </ns16:startEvent>
                    
                    
                    <ns16:endEvent name="End" id="fb5131fd-6187-4352-84af-037c63312c4c">
                        
                        
                        <ns16:extensionElements>
                            
                            
                            <ns13:nodeVisualInfo x="650" y="80" width="24" height="24" color="#F8F8F8" />
                            
                            
                            <ns3:saveExecutionContext>true</ns3:saveExecutionContext>
                            
                            
                            <ns2:endStateId>guid:cc90e269813961f2:-6d44b79:18f361f07e6:-6b3c</ns2:endStateId>
                            
                        
                        </ns16:extensionElements>
                        
                        
                        <ns16:incoming>7243f60a-78d7-4c00-82d9-4690241dfc3c</ns16:incoming>
                        
                    
                    </ns16:endEvent>
                    
                    
                    <ns16:sequenceFlow sourceRef="30db67a9-08d0-4630-8644-841c33f7381a" targetRef="d1f87f9f-7ea5-492f-8837-ff0e5095040c" name="To Send sms" id="2027.3e4a62f3-b61b-4fd6-88a5-cb017a469d89">
                        
                        
                        <ns16:extensionElements>
                            
                            
                            <ns13:linkVisualInfo>
                                
                                
                                <ns13:sourcePortLocation>rightCenter</ns13:sourcePortLocation>
                                
                                
                                <ns13:targetPortLocation>leftCenter</ns13:targetPortLocation>
                                
                                
                                <ns13:showLabel>false</ns13:showLabel>
                                
                                
                                <ns13:showCoachControlLabel>false</ns13:showCoachControlLabel>
                                
                                
                                <ns13:labelPosition>0.0</ns13:labelPosition>
                                
                                
                                <ns13:saveExecutionContext>false</ns13:saveExecutionContext>
                                
                            
                            </ns13:linkVisualInfo>
                            
                        
                        </ns16:extensionElements>
                        
                    
                    </ns16:sequenceFlow>
                    
                    
                    <ns16:serviceTask xmlns:ns23="http://www.ibm.com/xmlns/prod/bpm/bpmn/ext/externalservice/swagger/6974b313-2739-48fe-a8fa-1e6922d15969Service" operationRef="ns23:_f45281b0-74d6-46ef-84fb-8073631053ca" isForCompensation="false" startQuantity="1" completionQuantity="1" name="Send sms" id="d1f87f9f-7ea5-492f-8837-ff0e5095040c">
                        
                        
                        <ns16:extensionElements>
                            
                            
                            <ns13:nodeVisualInfo x="281" y="57" width="95" height="70" />
                            
                            
                            <ns3:activityType>ServiceTask</ns3:activityType>
                            
                            
                            <ns2:externalServiceRefPO>1.db1a0a20-9138-4b60-9b73-4301da08152a</ns2:externalServiceRefPO>
                            
                            
                            <ns2:externalServiceRef>ns23:_d5a3f7dc-565c-4898-8ad0-7737203e0b26</ns2:externalServiceRef>
                            
                            
                            <ns2:preAssignmentScript>tw.local.body.content = tw.local.txt;</ns2:preAssignmentScript>
                            
                        
                        </ns16:extensionElements>
                        
                        
                        <ns16:incoming>2027.3e4a62f3-b61b-4fd6-88a5-cb017a469d89</ns16:incoming>
                        
                        
                        <ns16:outgoing>7243f60a-78d7-4c00-82d9-4690241dfc3c</ns16:outgoing>
                        
                        
                        <ns16:dataInputAssociation>
                            
                            
                            <ns16:targetRef>_65af65ab-d020-4a05-bcf1-0ceb870a879f</ns16:targetRef>
                            
                            
                            <ns16:assignment>
                                
                                
                                <ns16:from xmlns:xsi="http://www.w3.org/2001/XMLSchema-instance" xsi:type="ns16:tFormalExpression" evaluatesToTypeRef="itm.12.0c1863ec-2cfb-46f2-98d4-4e641d8e9935">tw.local.body</ns16:from>
                                
                            
                            </ns16:assignment>
                            
                        
                        </ns16:dataInputAssociation>
                        
                    
                    </ns16:serviceTask>
                    
                    
                    <ns16:sequenceFlow sourceRef="d1f87f9f-7ea5-492f-8837-ff0e5095040c" targetRef="fb5131fd-6187-4352-84af-037c63312c4c" name="To End" id="7243f60a-78d7-4c00-82d9-4690241dfc3c">
                        
                        
                        <ns16:extensionElements>
                            
                            
                            <ns2:sequenceFlowImplementation sboSyncEnabled="true" />
                            
                            
                            <ns13:linkVisualInfo>
                                
                                
                                <ns13:sourcePortLocation>rightCenter</ns13:sourcePortLocation>
                                
                                
                                <ns13:targetPortLocation>leftCenter</ns13:targetPortLocation>
                                
                                
                                <ns13:showLabel>false</ns13:showLabel>
                                
                                
                                <ns13:showCoachControlLabel>false</ns13:showCoachControlLabel>
                                
                                
                                <ns13:labelPosition>0.0</ns13:labelPosition>
                                
                                
                                <ns13:saveExecutionContext>true</ns13:saveExecutionContext>
                                
                            
                            </ns13:linkVisualInfo>
                            
                        
                        </ns16:extensionElements>
                        
                    
                    </ns16:sequenceFlow>
                    
                    
                    <ns16:dataObject itemSubjectRef="itm.12.0c1863ec-2cfb-46f2-98d4-4e641d8e9935" isCollection="false" name="body" id="2056.de5345bd-b675-4724-894d-ea170dc64c28">
                        
                        
                        <ns16:extensionElements>
                            
                            
                            <ns2:defaultValue useDefault="true">var autoObject = new tw.object.toolkit.TMJ.SMS();
autoObject.to = new tw.object.listOf.toolkit.TWSYS.String();
autoObject.to[0]="32479642812";
autoObject.channnel = "SMS";
autoObject.text = "test";
autoObject</ns2:defaultValue>
                            
                        
                        </ns16:extensionElements>
                        
                    
                    </ns16:dataObject>
                    
                
                </ns16:process>
                
            
            </ns16:definitions>
        </bpmn2Model>
        <link name="To End">
            <lastModified isNull="true" />
            <lastModifiedBy isNull="true" />
            <tenantId isNull="true" />
            <processLinkId>2027.7243f60a-78d7-4c00-82d9-4690241dfc3c</processLinkId>
            <processId>1.e330c252-b4dc-400b-8348-e170a8e65a30</processId>
            <description isNull="true" />
            <fromProcessItemId>2025.d1f87f9f-7ea5-492f-8837-ff0e5095040c</fromProcessItemId>
            <endStateId>Out</endStateId>
            <toProcessItemId>2025.fb5131fd-6187-4352-84af-037c63312c4c</toProcessItemId>
            <guid>guid:1e7bdac5-6232-4b98-8440-cbb7a770c175</guid>
            <versionId>17cc278c-1e51-4488-aea6-d40f230ee737</versionId>
            <layoutData>
                <controlPoints />
                <showEndState>false</showEndState>
                <showName>false</showName>
            </layoutData>
            <fromItemPort locationId="rightCenter" portType="1" />
            <toItemPort locationId="leftCenter" portType="2" />
            <fromProcessItemId>2025.d1f87f9f-7ea5-492f-8837-ff0e5095040c</fromProcessItemId>
            <toProcessItemId>2025.fb5131fd-6187-4352-84af-037c63312c4c</toProcessItemId>
        </link>
    </process>
</teamworks>

