<?xml version="1.0" encoding="UTF-8"?>
<teamworks>
    <process id="1.e3b1241c-e158-4930-b33b-e7d79be80a76" name="EmailDocument">
        <lastModified>1716367931696</lastModified>
        <lastModifiedBy>cp4admin</lastModifiedBy>
        <tenantId isNull="true" />
        <processId>1.e3b1241c-e158-4930-b33b-e7d79be80a76</processId>
        <image isNull="true" />
        <tabGroup isNull="true" />
        <startingProcessItemId>2025.3f22def6-d8a1-484b-9aeb-08b59372da94</startingProcessItemId>
        <isRootProcess>false</isRootProcess>
        <processType>12</processType>
        <isErrorHandlerEnabled>false</isErrorHandlerEnabled>
        <errorHandlerItemId isNull="true" />
        <isLoggingVariables>false</isLoggingVariables>
        <isTransactional>false</isTransactional>
        <processTimingLevel isNull="true" />
        <participantRef isNull="true" />
        <exposedType>0</exposedType>
        <isTrackingEnabled>true</isTrackingEnabled>
        <xmlData isNull="true" />
        <cachingType>false</cachingType>
        <itemLabel isNull="true" />
        <cacheLength>0</cacheLength>
        <mobileReady>false</mobileReady>
        <sboSyncEnabled>true</sboSyncEnabled>
        <externalId isNull="true" />
        <isSecured>false</isSecured>
        <isAjaxExposed>true</isAjaxExposed>
        <isInvokedAsynchronously>false</isInvokedAsynchronously>
        <isTransactionalFlow>false</isTransactionalFlow>
        <description isNull="true" />
        <guid>5d9e68c2-c760-420e-9d3b-bca19714c7d2</guid>
        <versionId>bd8b35f0-72ea-4382-8d5f-25f2b5e15abd</versionId>
        <dependencySummary>&lt;dependencySummary id="bpdid:4de8e7d5da8de40b:66c9899e:18f8878ebd9:-78e0" /&gt;</dependencySummary>
        <jsonData>{"rootElement":[{"flowElement":[{"parallelMultiple":false,"outgoing":["2027.90e64f30-9112-43e6-b471-37985c60b359"],"isInterrupting":false,"extensionElements":{"nodeVisualInfo":[{"color":"#F8F8F8","width":24,"x":70,"y":68,"declaredType":"TNodeVisualInfo","height":24}]},"name":"Start","declaredType":"startEvent","id":"1f6b2e13-1082-4174-b9ac-cca6f16f0dd9"},{"incoming":["585d53c4-8565-4559-a5e7-49a168d898d8"],"extensionElements":{"nodeVisualInfo":[{"color":"#F8F8F8","width":24,"x":687,"y":68,"declaredType":"TNodeVisualInfo","height":24}],"endStateId":["guid:4de8e7d5da8de40b:66c9899e:18f8878ebd9:-78e8"],"saveExecutionContext":[true]},"name":"End","declaredType":"endEvent","id":"be048693-6370-4d42-9635-32206d7e75c6"},{"targetRef":"3f22def6-d8a1-484b-9aeb-08b59372da94","extensionElements":{"linkVisualInfo":[{"sourcePortLocation":"rightCenter","showCoachControlLabel":false,"labelPosition":0.0,"targetPortLocation":"leftCenter","declaredType":"TLinkVisualInfo","saveExecutionContext":false,"showLabel":false}]},"name":"To Get Path","declaredType":"sequenceFlow","id":"2027.90e64f30-9112-43e6-b471-37985c60b359","sourceRef":"1f6b2e13-1082-4174-b9ac-cca6f16f0dd9"},{"outgoing":["9af362e7-2d83-4eef-91f0-a5a9f101bbb0"],"incoming":["1b44630b-599e-4c38-8447-78ba26ee0df3"],"matchAllSearchCriteria":true,"extensionElements":{"nodeVisualInfo":[{"width":95,"x":347,"y":45,"declaredType":"TNodeVisualInfo","height":70}],"activityType":["ContentTask"]},"operationRef":"FOLDER_OP_GET_DOCS_IN_FOLDER","implementation":"##WebService","serverName":"IBM_TargetObjectStore","declaredType":"com.ibm.bpmsdk.model.bpmn20.ibmwleext.TContentTask","startQuantity":1,"name":"List Doc","dataInputAssociation":[{"targetRef":"FOLDER_ID","assignment":[{"from":{"evaluatesToTypeRef":"12.3212d5b3-f692-41b3-a893-343dc5c3df01","declaredType":"TFormalExpression","content":["tw.local.folder.objectId"]}}]}],"isForCompensation":false,"useMappedVariable":true,"completionQuantity":1,"id":"a90fc0b6-b6c1-4433-b402-dbe6600f3e92","dataOutputAssociation":[{"assignment":[{"to":{"evaluatesToTypeRef":"itm.12.490f939c-3c6d-4ef7-9707-33b5b618877a","declaredType":"TFormalExpression","content":["tw.local.documents"]}}],"sourceRef":["DOCUMENTS"]}],"orderOverride":false},{"targetRef":"78787266-af48-495b-9baa-60ea41af92d3","extensionElements":{"sequenceFlowImplementation":[{"fireValidation":"Never","sboSyncEnabled":true,"declaredType":"com.ibm.bpmsdk.model.bpmn20.ibmext.TSequenceFlowImplementation"}],"linkVisualInfo":[{"sourcePortLocation":"rightCenter","showCoachControlLabel":false,"labelPosition":0.0,"targetPortLocation":"leftCenter","declaredType":"TLinkVisualInfo","saveExecutionContext":true,"showLabel":false}]},"name":"To Prep","declaredType":"sequenceFlow","id":"9af362e7-2d83-4eef-91f0-a5a9f101bbb0","sourceRef":"a90fc0b6-b6c1-4433-b402-dbe6600f3e92"},{"outgoing":["1b44630b-599e-4c38-8447-78ba26ee0df3"],"incoming":["2027.90e64f30-9112-43e6-b471-37985c60b359"],"matchAllSearchCriteria":true,"extensionElements":{"nodeVisualInfo":[{"width":95,"x":177,"y":45,"declaredType":"TNodeVisualInfo","height":70}],"activityType":["ContentTask"]},"operationRef":"FOLDER_OP_GET_FOLDER_BY_PATH","implementation":"##WebService","serverName":"IBM_TargetObjectStore","declaredType":"com.ibm.bpmsdk.model.bpmn20.ibmwleext.TContentTask","startQuantity":1,"name":"Get Path","dataInputAssociation":[{"targetRef":"PATH","assignment":[{"from":{"evaluatesToTypeRef":"itm.12.db884a3c-c533-44b7-bb2d-47bec8ad4022","declaredType":"TFormalExpression","content":["tw.local.path"]}}]}],"isForCompensation":false,"useMappedVariable":true,"completionQuantity":1,"id":"3f22def6-d8a1-484b-9aeb-08b59372da94","dataOutputAssociation":[{"assignment":[{"to":{"evaluatesToTypeRef":"itm.12.240930df-e9da-40a6-a4e8-4b41b42bb183","declaredType":"TFormalExpression","content":["tw.local.folder"]}}],"sourceRef":["FOLDER"]}],"orderOverride":false},{"targetRef":"a90fc0b6-b6c1-4433-b402-dbe6600f3e92","extensionElements":{"linkVisualInfo":[{"sourcePortLocation":"rightCenter","showCoachControlLabel":false,"labelPosition":0.0,"targetPortLocation":"leftCenter","declaredType":"TLinkVisualInfo","saveExecutionContext":false,"showLabel":false}]},"name":"To List Doc","declaredType":"sequenceFlow","id":"1b44630b-599e-4c38-8447-78ba26ee0df3","sourceRef":"3f22def6-d8a1-484b-9aeb-08b59372da94"},{"itemSubjectRef":"itm.12.240930df-e9da-40a6-a4e8-4b41b42bb183","name":"folder","isCollection":false,"declaredType":"dataObject","id":"2056.4a3dabf6-061c-4f44-beb3-33b289f959ea"},{"itemSubjectRef":"itm.12.490f939c-3c6d-4ef7-9707-33b5b618877a","name":"documents","isCollection":true,"declaredType":"dataObject","id":"2056.a8e103b1-310a-489a-b6ef-5441bd4d9410"},{"startQuantity":1,"outgoing":["585d53c4-8565-4559-a5e7-49a168d898d8"],"incoming":["9af362e7-2d83-4eef-91f0-a5a9f101bbb0"],"extensionElements":{"nodeVisualInfo":[{"width":95,"x":517,"y":45,"declaredType":"TNodeVisualInfo","height":70}]},"name":"Prep","isForCompensation":false,"completionQuantity":1,"declaredType":"scriptTask","id":"78787266-af48-495b-9baa-60ea41af92d3","scriptFormat":"text\/x-javascript","script":{"content":["tw.local.docs = new tw.object.listOf.Doc();\nfor (var i=0; i&lt;tw.local.documents.length; i++) {\n\ttw.local.docs[i] = new tw.object.Doc();\n\ttw.local.docs[i].ID= tw.local.documents[i].objectId;\n\ttw.local.docs[i].Title= tw.local.documents[i].name;\n\ttw.local.docs[i].ReceptionDate= tw.local.documents[i].creationDate;\t\n\t}"]}},{"targetRef":"be048693-6370-4d42-9635-32206d7e75c6","extensionElements":{"sequenceFlowImplementation":[{"fireValidation":"Never","sboSyncEnabled":true,"declaredType":"com.ibm.bpmsdk.model.bpmn20.ibmext.TSequenceFlowImplementation"}],"linkVisualInfo":[{"sourcePortLocation":"rightCenter","showCoachControlLabel":false,"labelPosition":0.0,"targetPortLocation":"leftCenter","declaredType":"TLinkVisualInfo","saveExecutionContext":true,"showLabel":false}]},"name":"To End","declaredType":"sequenceFlow","id":"585d53c4-8565-4559-a5e7-49a168d898d8","sourceRef":"78787266-af48-495b-9baa-60ea41af92d3"},{"extensionElements":{"defaultValue":[{"declaredType":"com.ibm.bpmsdk.model.bpmn20.ibmext.TDefaultValue","useDefault":true,"value":"\"\/Claims\/Emails\""}]},"itemSubjectRef":"itm.12.db884a3c-c533-44b7-bb2d-47bec8ad4022","name":"path","isCollection":false,"declaredType":"dataObject","id":"2056.e430ae21-f293-4b59-99de-11704058dadc"}],"laneSet":[{"id":"8a00462e-7731-4b38-8490-a2b3d48a461b","lane":[{"flowNodeRef":["1f6b2e13-1082-4174-b9ac-cca6f16f0dd9","be048693-6370-4d42-9635-32206d7e75c6","a90fc0b6-b6c1-4433-b402-dbe6600f3e92","3f22def6-d8a1-484b-9aeb-08b59372da94","78787266-af48-495b-9baa-60ea41af92d3"],"extensionElements":{"nodeVisualInfo":[{"color":"#F8F8F8","width":3000,"x":0,"y":0,"declaredType":"TNodeVisualInfo","height":170}]},"name":"System","partitionElementRef":"24.6fd38d02-81cf-48ab-bd42-8ff4c0a1628b","declaredType":"lane","id":"c238b1a7-0ad5-4f6b-9130-654c355b8a40","otherAttributes":{"{http:\/\/www.ibm.com\/xmlns\/prod\/bpm\/bpmn\/ext\/process\/wle}isSystemLane":"true"}}]}],"isClosed":false,"extensionElements":{"isSecured":[false],"isAjaxExposed":[true],"isTransactionalFlow":[false],"sboSyncEnabled":[true],"isInvokedAsynchronously":[false]},"documentation":[{"textFormat":"text\/plain"}],"name":"EmailDocument","declaredType":"process","id":"1.e3b1241c-e158-4930-b33b-e7d79be80a76","processType":"None","otherAttributes":{"{http:\/\/www.ibm.com\/xmlns\/prod\/bpm\/bpmn\/ext\/process}executionMode":"microflow"},"ioSpecification":{"dataOutput":[{"itemSubjectRef":"itm.12.96bbebff-2620-4303-b3d3-5f56b89693c9","name":"docs","isCollection":true,"id":"2055.38bb5299-570d-43eb-8147-96f3f013d793"}],"inputSet":[{"dataInputRefs":["2055.1a77801d-ed15-41fd-83bf-91a90abaa788"]}],"outputSet":[{"dataOutputRefs":["2055.38bb5299-570d-43eb-8147-96f3f013d793"]}]}}],"targetNamespace":"","typeLanguage":"http:\/\/www.w3.org\/2001\/XMLSchema","expressionLanguage":"http:\/\/www.ibm.com\/xmlns\/prod\/bpm\/expression-lang\/javascript"}</jsonData>
        <field1 isNull="true" />
        <field2 isNull="true" />
        <field3>0</field3>
        <field4 isNull="true" />
        <field5>false</field5>
        <clobField1 isNull="true" />
        <blobField1 isNull="true" />
        <processParameter name="docs">
            <lastModified isNull="true" />
            <lastModifiedBy isNull="true" />
            <tenantId isNull="true" />
            <processParameterId>2055.38bb5299-570d-43eb-8147-96f3f013d793</processParameterId>
            <processId>1.e3b1241c-e158-4930-b33b-e7d79be80a76</processId>
            <parameterType>2</parameterType>
            <isArrayOf>true</isArrayOf>
            <classId>/12.96bbebff-2620-4303-b3d3-5f56b89693c9</classId>
            <seq>1</seq>
            <hasDefault>false</hasDefault>
            <defaultValue isNull="true" />
            <isLocked>false</isLocked>
            <description isNull="true" />
            <guid>5a8739b3-4b21-46ad-9e02-b0f266ded819</guid>
            <versionId>1fffd823-79a2-4fc7-918a-26e383021150</versionId>
        </processParameter>
        <processParameter name="ECMError">
            <lastModified isNull="true" />
            <lastModifiedBy isNull="true" />
            <tenantId isNull="true" />
            <processParameterId>2055.329c0bdc-c861-40f7-ac5f-03b4c854d3fb</processParameterId>
            <processId>1.e3b1241c-e158-4930-b33b-e7d79be80a76</processId>
            <parameterType>3</parameterType>
            <isArrayOf>false</isArrayOf>
            <classId>eb06c578-2751-4f88-8d83-11ae81f27089/12.bfb48b9b-8247-49fb-8f78-82b738b817a6</classId>
            <seq>17</seq>
            <hasDefault>false</hasDefault>
            <defaultValue>ECMError</defaultValue>
            <isLocked>false</isLocked>
            <description isNull="true" />
            <guid>guid:329c0bdc-c861-40f7-ac5f-03b4c854d3fb</guid>
            <versionId>36d88c78-2df9-4a16-8598-7b15cc493d70</versionId>
        </processParameter>
        <processParameter name="ECMError">
            <lastModified isNull="true" />
            <lastModifiedBy isNull="true" />
            <tenantId isNull="true" />
            <processParameterId>2055.51176a76-c558-416a-b4b6-64b7ff626e25</processParameterId>
            <processId>1.e3b1241c-e158-4930-b33b-e7d79be80a76</processId>
            <parameterType>3</parameterType>
            <isArrayOf>false</isArrayOf>
            <classId>eb06c578-2751-4f88-8d83-11ae81f27089/12.bfb48b9b-8247-49fb-8f78-82b738b817a6</classId>
            <seq>18</seq>
            <hasDefault>false</hasDefault>
            <defaultValue>ECMError</defaultValue>
            <isLocked>false</isLocked>
            <description isNull="true" />
            <guid>guid:51176a76-c558-416a-b4b6-64b7ff626e25</guid>
            <versionId>9e34a06d-04c2-41b9-858c-3a2e0fa45582</versionId>
        </processParameter>
        <processParameter name="ECMError">
            <lastModified isNull="true" />
            <lastModifiedBy isNull="true" />
            <tenantId isNull="true" />
            <processParameterId>2055.b7132130-db2c-475b-892c-4aa5eb6bd3f0</processParameterId>
            <processId>1.e3b1241c-e158-4930-b33b-e7d79be80a76</processId>
            <parameterType>3</parameterType>
            <isArrayOf>false</isArrayOf>
            <classId>eb06c578-2751-4f88-8d83-11ae81f27089/12.bfb48b9b-8247-49fb-8f78-82b738b817a6</classId>
            <seq>19</seq>
            <hasDefault>false</hasDefault>
            <defaultValue>ECMError</defaultValue>
            <isLocked>false</isLocked>
            <description isNull="true" />
            <guid>guid:b7132130-db2c-475b-892c-4aa5eb6bd3f0</guid>
            <versionId>555bcaa5-1bc1-4dd2-9cb2-6bab5e1bd977</versionId>
        </processParameter>
        <processVariable name="folder">
            <lastModified isNull="true" />
            <lastModifiedBy isNull="true" />
            <tenantId isNull="true" />
            <processVariableId>2056.4a3dabf6-061c-4f44-beb3-33b289f959ea</processVariableId>
            <description isNull="true" />
            <processId>1.e3b1241c-e158-4930-b33b-e7d79be80a76</processId>
            <namespace>2</namespace>
            <seq>1</seq>
            <isArrayOf>false</isArrayOf>
            <isTransient>false</isTransient>
            <classId>eb06c578-2751-4f88-8d83-11ae81f27089/12.240930df-e9da-40a6-a4e8-4b41b42bb183</classId>
            <hasDefault>false</hasDefault>
            <defaultValue isNull="true" />
            <guid>62f84918-9377-4f1a-8853-92917f129169</guid>
            <versionId>60db8fde-fc4a-4366-a064-a6b16d306021</versionId>
        </processVariable>
        <processVariable name="documents">
            <lastModified isNull="true" />
            <lastModifiedBy isNull="true" />
            <tenantId isNull="true" />
            <processVariableId>2056.a8e103b1-310a-489a-b6ef-5441bd4d9410</processVariableId>
            <description isNull="true" />
            <processId>1.e3b1241c-e158-4930-b33b-e7d79be80a76</processId>
            <namespace>2</namespace>
            <seq>2</seq>
            <isArrayOf>true</isArrayOf>
            <isTransient>false</isTransient>
            <classId>eb06c578-2751-4f88-8d83-11ae81f27089/12.490f939c-3c6d-4ef7-9707-33b5b618877a</classId>
            <hasDefault>false</hasDefault>
            <defaultValue isNull="true" />
            <guid>a39a38a8-d0c8-40f3-8556-afcece634401</guid>
            <versionId>7aff7280-71f1-44cc-8728-0f97ede017e7</versionId>
        </processVariable>
        <processVariable name="path">
            <lastModified isNull="true" />
            <lastModifiedBy isNull="true" />
            <tenantId isNull="true" />
            <processVariableId>2056.e430ae21-f293-4b59-99de-11704058dadc</processVariableId>
            <description isNull="true" />
            <processId>1.e3b1241c-e158-4930-b33b-e7d79be80a76</processId>
            <namespace>2</namespace>
            <seq>3</seq>
            <isArrayOf>false</isArrayOf>
            <isTransient>false</isTransient>
            <classId>f9bfad03-1cba-408d-921f-41cfbdd4600c/12.db884a3c-c533-44b7-bb2d-47bec8ad4022</classId>
            <hasDefault>true</hasDefault>
            <defaultValue>"/Claims/Emails"</defaultValue>
            <guid>e91947fc-f1f2-4d6e-87a5-6cd14719c9e4</guid>
            <versionId>5a96688a-9cf6-4c6b-bafc-3760238dc0b1</versionId>
        </processVariable>
        <item>
            <lastModified isNull="true" />
            <lastModifiedBy isNull="true" />
            <tenantId isNull="true" />
            <processItemId>2025.78787266-af48-495b-9baa-60ea41af92d3</processItemId>
            <processId>1.e3b1241c-e158-4930-b33b-e7d79be80a76</processId>
            <name>Prep</name>
            <tWComponentName>Script</tWComponentName>
            <tWComponentId>3011.bfe846b3-4540-464c-ae65-307f2e6da1bb</tWComponentId>
            <isLogEnabled>false</isLogEnabled>
            <isTraceEnabled>false</isTraceEnabled>
            <traceCategory isNull="true" />
            <traceLevel isNull="true" />
            <traceMessage isNull="true" />
            <traceSymbolTable isNull="true" />
            <isExecutionContextTraced>false</isExecutionContextTraced>
            <saveExecutionContext>false</saveExecutionContext>
            <documentation isNull="true" />
            <isErrorHandlerEnabled>false</isErrorHandlerEnabled>
            <errorHandlerItemId isNull="true" />
            <guid>guid:4de8e7d5da8de40b:66c9899e:18f8878ebd9:-78e5</guid>
            <versionId>3f0ed4a8-bb27-426b-b701-8cc858d7a7e1</versionId>
            <externalServiceRef isNull="true" />
            <externalServiceOp isNull="true" />
            <nodeColor isNull="true" />
            <layoutData x="517" y="45">
                <errorLink>
                    <controlPoints />
                    <showEndState>false</showEndState>
                    <showName>false</showName>
                </errorLink>
            </layoutData>
            <TWComponent>
                <lastModified isNull="true" />
                <lastModifiedBy isNull="true" />
                <tenantId isNull="true" />
                <scriptId>3011.bfe846b3-4540-464c-ae65-307f2e6da1bb</scriptId>
                <scriptTypeId>2</scriptTypeId>
                <isActive>true</isActive>
                <script>tw.local.docs = new tw.object.listOf.Doc();
for (var i=0; i&lt;tw.local.documents.length; i++) {
	tw.local.docs[i] = new tw.object.Doc();
	tw.local.docs[i].ID= tw.local.documents[i].objectId;
	tw.local.docs[i].Title= tw.local.documents[i].name;
	tw.local.docs[i].ReceptionDate= tw.local.documents[i].creationDate;	
	}</script>
                <isRule>false</isRule>
                <guid>1ac3b4e8-d4cc-42fc-8ae1-45c93d4d33d8</guid>
                <versionId>cdbba307-5a20-4455-8d8e-5d1341ab2287</versionId>
            </TWComponent>
        </item>
        <item>
            <lastModified isNull="true" />
            <lastModifiedBy isNull="true" />
            <tenantId isNull="true" />
            <processItemId>2025.3f22def6-d8a1-484b-9aeb-08b59372da94</processItemId>
            <processId>1.e3b1241c-e158-4930-b33b-e7d79be80a76</processId>
            <name>Get Path</name>
            <tWComponentName>ECMConnector</tWComponentName>
            <tWComponentId>3030.5d3b7ffd-ff4d-4cef-ab96-f0e6462a97a9</tWComponentId>
            <isLogEnabled>false</isLogEnabled>
            <isTraceEnabled>false</isTraceEnabled>
            <traceCategory isNull="true" />
            <traceLevel isNull="true" />
            <traceMessage isNull="true" />
            <traceSymbolTable isNull="true" />
            <isExecutionContextTraced>false</isExecutionContextTraced>
            <saveExecutionContext>false</saveExecutionContext>
            <documentation isNull="true" />
            <isErrorHandlerEnabled>false</isErrorHandlerEnabled>
            <errorHandlerItemId isNull="true" />
            <guid>guid:4de8e7d5da8de40b:66c9899e:18f8878ebd9:-78e7</guid>
            <versionId>f8f8bdde-2734-4c3c-a7fc-e34032163d6d</versionId>
            <externalServiceRef isNull="true" />
            <externalServiceOp isNull="true" />
            <nodeColor isNull="true" />
            <layoutData x="177" y="45">
                <errorLink>
                    <controlPoints />
                    <showEndState>false</showEndState>
                    <showName>false</showName>
                </errorLink>
            </layoutData>
            <TWComponent>
                <lastModified isNull="true" />
                <lastModifiedBy isNull="true" />
                <tenantId isNull="true" />
                <ecmConnectorId>3030.5d3b7ffd-ff4d-4cef-ab96-f0e6462a97a9</ecmConnectorId>
                <definition>&lt;config type="com.lombardisoftware.client.persistence.ECMConnectorConfiguration"&gt;
  &lt;inputParameters&gt;
    &lt;parameter&gt;
      &lt;name&gt;path&lt;/name&gt;
      &lt;type&gt;String&lt;/type&gt;
      &lt;description&gt;&lt;/description&gt;
      &lt;defaultValue&gt;&lt;/defaultValue&gt;
      &lt;argumentVariable&gt;tw.local.path&lt;/argumentVariable&gt;
      &lt;isArray&gt;&lt;/isArray&gt;
      &lt;isList&gt;false&lt;/isList&gt;
    &lt;/parameter&gt;
    &lt;parameter&gt;
      &lt;name&gt;serverName&lt;/name&gt;
      &lt;type&gt;String&lt;/type&gt;
      &lt;description&gt;&lt;/description&gt;
      &lt;defaultValue&gt;&lt;/defaultValue&gt;
      &lt;argumentVariable&gt;&lt;/argumentVariable&gt;
      &lt;isArray&gt;&lt;/isArray&gt;
      &lt;isList&gt;false&lt;/isList&gt;
    &lt;/parameter&gt;
  &lt;/inputParameters&gt;
  &lt;outputParameters&gt;
    &lt;parameter&gt;
      &lt;name&gt;folder&lt;/name&gt;
      &lt;type&gt;ECMFolder&lt;/type&gt;
      &lt;description&gt;&lt;/description&gt;
      &lt;defaultValue&gt;&lt;/defaultValue&gt;
      &lt;argumentVariable&gt;tw.local.folder&lt;/argumentVariable&gt;
      &lt;isArray&gt;&lt;/isArray&gt;
      &lt;isList&gt;false&lt;/isList&gt;
    &lt;/parameter&gt;
  &lt;/outputParameters&gt;
  &lt;matchAllSearchCriteria&gt;true&lt;/matchAllSearchCriteria&gt;
  &lt;searchParameters /&gt;
  &lt;selectParameters /&gt;
  &lt;orderOverride&gt;false&lt;/orderOverride&gt;
  &lt;orderOverrideValue&gt;&lt;/orderOverrideValue&gt;
  &lt;operationType&gt;FOLDER_OP_GET_FOLDER_BY_PATH&lt;/operationType&gt;
  &lt;server&gt;IBM_TargetObjectStore&lt;/server&gt;
  &lt;objectTypeSelection&gt;DOCUMENT&lt;/objectTypeSelection&gt;
  &lt;useMappedVariable&gt;true&lt;/useMappedVariable&gt;
  &lt;faultParameterId&gt;2055.b7132130-db2c-475b-892c-4aa5eb6bd3f0&lt;/faultParameterId&gt;
&lt;/config&gt;</definition>
                <guid>guid:03bea868-4325-4afd-b0c8-7262c0620cc3</guid>
                <versionId>89002426-a613-4ae4-8f89-d6fb9dc0572f</versionId>
            </TWComponent>
        </item>
        <item>
            <lastModified isNull="true" />
            <lastModifiedBy isNull="true" />
            <tenantId isNull="true" />
            <processItemId>2025.a90fc0b6-b6c1-4433-b402-dbe6600f3e92</processItemId>
            <processId>1.e3b1241c-e158-4930-b33b-e7d79be80a76</processId>
            <name>List Doc</name>
            <tWComponentName>ECMConnector</tWComponentName>
            <tWComponentId>3030.3f5ce810-afd4-4a1f-9631-1032c6b50dac</tWComponentId>
            <isLogEnabled>false</isLogEnabled>
            <isTraceEnabled>false</isTraceEnabled>
            <traceCategory isNull="true" />
            <traceLevel isNull="true" />
            <traceMessage isNull="true" />
            <traceSymbolTable isNull="true" />
            <isExecutionContextTraced>false</isExecutionContextTraced>
            <saveExecutionContext>false</saveExecutionContext>
            <documentation isNull="true" />
            <isErrorHandlerEnabled>false</isErrorHandlerEnabled>
            <errorHandlerItemId isNull="true" />
            <guid>guid:4de8e7d5da8de40b:66c9899e:18f8878ebd9:-78e6</guid>
            <versionId>8a0a87ef-d516-47f6-8f0f-ab986ad30ea1</versionId>
            <externalServiceRef isNull="true" />
            <externalServiceOp isNull="true" />
            <nodeColor isNull="true" />
            <layoutData x="347" y="45">
                <errorLink>
                    <controlPoints />
                    <showEndState>false</showEndState>
                    <showName>false</showName>
                </errorLink>
            </layoutData>
            <TWComponent>
                <lastModified isNull="true" />
                <lastModifiedBy isNull="true" />
                <tenantId isNull="true" />
                <ecmConnectorId>3030.3f5ce810-afd4-4a1f-9631-1032c6b50dac</ecmConnectorId>
                <definition>&lt;config type="com.lombardisoftware.client.persistence.ECMConnectorConfiguration"&gt;
  &lt;inputParameters&gt;
    &lt;parameter&gt;
      &lt;name&gt;folderId&lt;/name&gt;
      &lt;type&gt;ECMID&lt;/type&gt;
      &lt;description&gt;&lt;/description&gt;
      &lt;defaultValue&gt;&lt;/defaultValue&gt;
      &lt;argumentVariable&gt;tw.local.folder.objectId&lt;/argumentVariable&gt;
      &lt;isArray&gt;&lt;/isArray&gt;
      &lt;isList&gt;false&lt;/isList&gt;
    &lt;/parameter&gt;
    &lt;parameter&gt;
      &lt;name&gt;serverName&lt;/name&gt;
      &lt;type&gt;String&lt;/type&gt;
      &lt;description&gt;&lt;/description&gt;
      &lt;defaultValue&gt;&lt;/defaultValue&gt;
      &lt;argumentVariable&gt;&lt;/argumentVariable&gt;
      &lt;isArray&gt;&lt;/isArray&gt;
      &lt;isList&gt;false&lt;/isList&gt;
    &lt;/parameter&gt;
  &lt;/inputParameters&gt;
  &lt;outputParameters&gt;
    &lt;parameter&gt;
      &lt;name&gt;documents&lt;/name&gt;
      &lt;type&gt;ECMDocument&lt;/type&gt;
      &lt;description&gt;&lt;/description&gt;
      &lt;defaultValue&gt;&lt;/defaultValue&gt;
      &lt;argumentVariable&gt;tw.local.documents&lt;/argumentVariable&gt;
      &lt;isArray&gt;&lt;/isArray&gt;
      &lt;isList&gt;true&lt;/isList&gt;
    &lt;/parameter&gt;
  &lt;/outputParameters&gt;
  &lt;matchAllSearchCriteria&gt;true&lt;/matchAllSearchCriteria&gt;
  &lt;searchParameters /&gt;
  &lt;selectParameters /&gt;
  &lt;orderOverride&gt;false&lt;/orderOverride&gt;
  &lt;orderOverrideValue&gt;&lt;/orderOverrideValue&gt;
  &lt;operationType&gt;FOLDER_OP_GET_DOCS_IN_FOLDER&lt;/operationType&gt;
  &lt;server&gt;IBM_TargetObjectStore&lt;/server&gt;
  &lt;objectTypeSelection&gt;DOCUMENT&lt;/objectTypeSelection&gt;
  &lt;useMappedVariable&gt;true&lt;/useMappedVariable&gt;
  &lt;faultParameterId&gt;2055.51176a76-c558-416a-b4b6-64b7ff626e25&lt;/faultParameterId&gt;
&lt;/config&gt;</definition>
                <guid>guid:c72ea789-e5d8-4660-aeed-4afd39c0e0bc</guid>
                <versionId>e49e9a48-b306-41bc-900d-3e7ede7d8ba5</versionId>
            </TWComponent>
        </item>
        <item>
            <lastModified isNull="true" />
            <lastModifiedBy isNull="true" />
            <tenantId isNull="true" />
            <processItemId>2025.be048693-6370-4d42-9635-32206d7e75c6</processItemId>
            <processId>1.e3b1241c-e158-4930-b33b-e7d79be80a76</processId>
            <name>End</name>
            <tWComponentName>ExitPoint</tWComponentName>
            <tWComponentId>3008.194b0c39-7687-444f-82a5-9229cf150517</tWComponentId>
            <isLogEnabled>false</isLogEnabled>
            <isTraceEnabled>false</isTraceEnabled>
            <traceCategory isNull="true" />
            <traceLevel isNull="true" />
            <traceMessage isNull="true" />
            <traceSymbolTable isNull="true" />
            <isExecutionContextTraced>false</isExecutionContextTraced>
            <saveExecutionContext>true</saveExecutionContext>
            <documentation isNull="true" />
            <isErrorHandlerEnabled>false</isErrorHandlerEnabled>
            <errorHandlerItemId isNull="true" />
            <guid>guid:4de8e7d5da8de40b:66c9899e:18f8878ebd9:-78e8</guid>
            <versionId>9e0722fb-fde6-4745-b121-34d34fad9444</versionId>
            <externalServiceRef isNull="true" />
            <externalServiceOp isNull="true" />
            <nodeColor isNull="true" />
            <layoutData x="687" y="68">
                <errorLink>
                    <controlPoints />
                    <showEndState>false</showEndState>
                    <showName>false</showName>
                </errorLink>
            </layoutData>
            <TWComponent>
                <lastModified isNull="true" />
                <lastModifiedBy isNull="true" />
                <tenantId isNull="true" />
                <exitPointId>3008.194b0c39-7687-444f-82a5-9229cf150517</exitPointId>
                <haltProcess>false</haltProcess>
                <guid>e531e638-78dc-466b-9675-85ce31692120</guid>
                <versionId>d3e31a9b-3127-4614-b5c5-b9dad34204fd</versionId>
            </TWComponent>
        </item>
        <startingProcessItemId>2025.3f22def6-d8a1-484b-9aeb-08b59372da94</startingProcessItemId>
        <errorHandlerItemId isNull="true" />
        <layoutData noConversion="true">
            <errorLink>
                <controlPoints />
                <showEndState>false</showEndState>
                <showName>false</showName>
            </errorLink>
        </layoutData>
        <startPoint>
            <layoutData x="70" y="68">
                <errorLink>
                    <controlPoints />
                    <showEndState>false</showEndState>
                    <showName>false</showName>
                </errorLink>
            </layoutData>
        </startPoint>
        <startLink>
            <fromPort locationId="rightCenter" portType="1" />
            <toPort locationId="leftCenter" portType="2" />
            <layoutData>
                <controlPoints />
                <showEndState>false</showEndState>
                <showName>false</showName>
            </layoutData>
        </startLink>
        <bpmn2Model>
            <ns16:definitions xmlns:ns16="http://www.omg.org/spec/BPMN/20100524/MODEL" xmlns:ns2="http://www.ibm.com/xmlns/prod/bpm/bpmn/ext/process" xmlns:ns3="http://www.ibm.com/xmlns/prod/bpm/bpmn/ext/process/wle" xmlns:ns4="http://www.ibm.com/xmlns/prod/bpm/bpmn/ext/process/case" xmlns:ns5="http://www.ibm.com/bpm/Extensions" xmlns:ns6="http://www.ibm.com/xmlns/prod/bpm/uca" xmlns:ns7="http://www.ibm.com/xmlns/prod/bpm/bpmn/ext/team" xmlns:ns8="http://www.ibm.com/xmlns/prod/bpm/bpmn/ext/trackinggroup" xmlns:ns9="http://www.ibm.com/xmlns/bpmnx/20100524/v1/BusinessVocabulary" xmlns:ns10="http://www.omg.org/spec/DD/20100524/DI" xmlns:ns11="http://www.omg.org/spec/DD/20100524/DC" xmlns:ns12="http://www.omg.org/spec/BPMN/20100524/BPMNDI" xmlns:ns13="http://www.ibm.com/xmlns/prod/bpm/graph" xmlns:ns14="http://www.ibm.com/xmlns/prod/bpm/bpmn/ext/process/auth" xmlns:ns15="http://www.ibm.com/xmlns/prod/bpm/bpmn/ext/extservice" xmlns:ns17="http://www.ibm.com/bpm/processappsettings" xmlns:ns18="http://www.ibm.com/xmlns/links" xmlns:ns19="http://www.ibm.com/bpm/CoachDesignerNG" xmlns:ns20="http://www.ibm.com/xmlns/tagging" xmlns:ns21="http://www.ibm.com/bpm/uitheme" xmlns:ns22="http://www.ibm.com/bpm/coachview" targetNamespace="" expressionLanguage="http://www.ibm.com/xmlns/prod/bpm/expression-lang/javascript" typeLanguage="http://www.w3.org/2001/XMLSchema">
                
                
                <ns16:process name="EmailDocument" id="1.e3b1241c-e158-4930-b33b-e7d79be80a76" ns2:executionMode="microflow">
                    
                    
                    <ns16:documentation textFormat="text/plain" />
                    
                    
                    <ns16:extensionElements>
                        
                        
                        <ns2:isTransactionalFlow>false</ns2:isTransactionalFlow>
                        
                        
                        <ns2:sboSyncEnabled>true</ns2:sboSyncEnabled>
                        
                        
                        <ns2:isInvokedAsynchronously>false</ns2:isInvokedAsynchronously>
                        
                        
                        <ns2:isSecured>false</ns2:isSecured>
                        
                        
                        <ns2:isAjaxExposed>true</ns2:isAjaxExposed>
                        
                    
                    </ns16:extensionElements>
                    
                    
                    <ns16:ioSpecification>
                        
                        
                        <ns16:dataOutput name="docs" itemSubjectRef="itm.12.96bbebff-2620-4303-b3d3-5f56b89693c9" isCollection="true" id="2055.38bb5299-570d-43eb-8147-96f3f013d793" />
                        
                        
                        <ns16:inputSet>
                            
                            
                            <ns16:dataInputRefs>2055.1a77801d-ed15-41fd-83bf-91a90abaa788</ns16:dataInputRefs>
                            
                        
                        </ns16:inputSet>
                        
                        
                        <ns16:outputSet>
                            
                            
                            <ns16:dataOutputRefs>2055.38bb5299-570d-43eb-8147-96f3f013d793</ns16:dataOutputRefs>
                            
                        
                        </ns16:outputSet>
                        
                    
                    </ns16:ioSpecification>
                    
                    
                    <ns16:laneSet id="8a00462e-7731-4b38-8490-a2b3d48a461b">
                        
                        
                        <ns16:lane name="System" partitionElementRef="24.6fd38d02-81cf-48ab-bd42-8ff4c0a1628b" id="c238b1a7-0ad5-4f6b-9130-654c355b8a40" ns3:isSystemLane="true">
                            
                            
                            <ns16:extensionElements>
                                
                                
                                <ns13:nodeVisualInfo x="0" y="0" width="3000" height="170" color="#F8F8F8" />
                                
                            
                            </ns16:extensionElements>
                            
                            
                            <ns16:flowNodeRef>1f6b2e13-1082-4174-b9ac-cca6f16f0dd9</ns16:flowNodeRef>
                            
                            
                            <ns16:flowNodeRef>be048693-6370-4d42-9635-32206d7e75c6</ns16:flowNodeRef>
                            
                            
                            <ns16:flowNodeRef>a90fc0b6-b6c1-4433-b402-dbe6600f3e92</ns16:flowNodeRef>
                            
                            
                            <ns16:flowNodeRef>3f22def6-d8a1-484b-9aeb-08b59372da94</ns16:flowNodeRef>
                            
                            
                            <ns16:flowNodeRef>78787266-af48-495b-9baa-60ea41af92d3</ns16:flowNodeRef>
                            
                        
                        </ns16:lane>
                        
                    
                    </ns16:laneSet>
                    
                    
                    <ns16:startEvent isInterrupting="false" parallelMultiple="false" name="Start" id="1f6b2e13-1082-4174-b9ac-cca6f16f0dd9">
                        
                        
                        <ns16:extensionElements>
                            
                            
                            <ns13:nodeVisualInfo x="70" y="68" width="24" height="24" color="#F8F8F8" />
                            
                        
                        </ns16:extensionElements>
                        
                        
                        <ns16:outgoing>2027.90e64f30-9112-43e6-b471-37985c60b359</ns16:outgoing>
                        
                    
                    </ns16:startEvent>
                    
                    
                    <ns16:endEvent name="End" id="be048693-6370-4d42-9635-32206d7e75c6">
                        
                        
                        <ns16:extensionElements>
                            
                            
                            <ns13:nodeVisualInfo x="687" y="68" width="24" height="24" color="#F8F8F8" />
                            
                            
                            <ns3:saveExecutionContext>true</ns3:saveExecutionContext>
                            
                            
                            <ns2:endStateId>guid:4de8e7d5da8de40b:66c9899e:18f8878ebd9:-78e8</ns2:endStateId>
                            
                        
                        </ns16:extensionElements>
                        
                        
                        <ns16:incoming>585d53c4-8565-4559-a5e7-49a168d898d8</ns16:incoming>
                        
                    
                    </ns16:endEvent>
                    
                    
                    <ns16:sequenceFlow sourceRef="1f6b2e13-1082-4174-b9ac-cca6f16f0dd9" targetRef="3f22def6-d8a1-484b-9aeb-08b59372da94" name="To Get Path" id="2027.90e64f30-9112-43e6-b471-37985c60b359">
                        
                        
                        <ns16:extensionElements>
                            
                            
                            <ns13:linkVisualInfo>
                                
                                
                                <ns13:sourcePortLocation>rightCenter</ns13:sourcePortLocation>
                                
                                
                                <ns13:targetPortLocation>leftCenter</ns13:targetPortLocation>
                                
                                
                                <ns13:showLabel>false</ns13:showLabel>
                                
                                
                                <ns13:showCoachControlLabel>false</ns13:showCoachControlLabel>
                                
                                
                                <ns13:labelPosition>0.0</ns13:labelPosition>
                                
                                
                                <ns13:saveExecutionContext>false</ns13:saveExecutionContext>
                                
                            
                            </ns13:linkVisualInfo>
                            
                        
                        </ns16:extensionElements>
                        
                    
                    </ns16:sequenceFlow>
                    
                    
                    <ns3:contentTask serverName="IBM_TargetObjectStore" implementation="##WebService" operationRef="FOLDER_OP_GET_DOCS_IN_FOLDER" isForCompensation="false" startQuantity="1" completionQuantity="1" name="List Doc" id="a90fc0b6-b6c1-4433-b402-dbe6600f3e92">
                        
                        
                        <ns16:extensionElements>
                            
                            
                            <ns13:nodeVisualInfo x="347" y="45" width="95" height="70" />
                            
                            
                            <ns3:activityType>ContentTask</ns3:activityType>
                            
                        
                        </ns16:extensionElements>
                        
                        
                        <ns16:incoming>1b44630b-599e-4c38-8447-78ba26ee0df3</ns16:incoming>
                        
                        
                        <ns16:outgoing>9af362e7-2d83-4eef-91f0-a5a9f101bbb0</ns16:outgoing>
                        
                        
                        <ns16:dataInputAssociation>
                            
                            
                            <ns16:targetRef>FOLDER_ID</ns16:targetRef>
                            
                            
                            <ns16:assignment>
                                
                                
                                <ns16:from xmlns:xsi="http://www.w3.org/2001/XMLSchema-instance" xsi:type="ns16:tFormalExpression" evaluatesToTypeRef="12.3212d5b3-f692-41b3-a893-343dc5c3df01">tw.local.folder.objectId</ns16:from>
                                
                            
                            </ns16:assignment>
                            
                        
                        </ns16:dataInputAssociation>
                        
                        
                        <ns16:dataOutputAssociation>
                            
                            
                            <ns16:sourceRef>DOCUMENTS</ns16:sourceRef>
                            
                            
                            <ns16:assignment>
                                
                                
                                <ns16:to xmlns:xsi="http://www.w3.org/2001/XMLSchema-instance" xsi:type="ns16:tFormalExpression" evaluatesToTypeRef="itm.12.490f939c-3c6d-4ef7-9707-33b5b618877a">tw.local.documents</ns16:to>
                                
                            
                            </ns16:assignment>
                            
                        
                        </ns16:dataOutputAssociation>
                        
                    
                    </ns3:contentTask>
                    
                    
                    <ns16:sequenceFlow sourceRef="a90fc0b6-b6c1-4433-b402-dbe6600f3e92" targetRef="78787266-af48-495b-9baa-60ea41af92d3" name="To Prep" id="9af362e7-2d83-4eef-91f0-a5a9f101bbb0">
                        
                        
                        <ns16:extensionElements>
                            
                            
                            <ns2:sequenceFlowImplementation sboSyncEnabled="true" />
                            
                            
                            <ns13:linkVisualInfo>
                                
                                
                                <ns13:sourcePortLocation>rightCenter</ns13:sourcePortLocation>
                                
                                
                                <ns13:targetPortLocation>leftCenter</ns13:targetPortLocation>
                                
                                
                                <ns13:showLabel>false</ns13:showLabel>
                                
                                
                                <ns13:showCoachControlLabel>false</ns13:showCoachControlLabel>
                                
                                
                                <ns13:labelPosition>0.0</ns13:labelPosition>
                                
                                
                                <ns13:saveExecutionContext>true</ns13:saveExecutionContext>
                                
                            
                            </ns13:linkVisualInfo>
                            
                        
                        </ns16:extensionElements>
                        
                    
                    </ns16:sequenceFlow>
                    
                    
                    <ns3:contentTask serverName="IBM_TargetObjectStore" operationRef="FOLDER_OP_GET_FOLDER_BY_PATH" name="Get Path" id="3f22def6-d8a1-484b-9aeb-08b59372da94">
                        
                        
                        <ns16:extensionElements>
                            
                            
                            <ns13:nodeVisualInfo x="177" y="45" width="95" height="70" />
                            
                            
                            <ns3:activityType>ContentTask</ns3:activityType>
                            
                        
                        </ns16:extensionElements>
                        
                        
                        <ns16:incoming>2027.90e64f30-9112-43e6-b471-37985c60b359</ns16:incoming>
                        
                        
                        <ns16:outgoing>1b44630b-599e-4c38-8447-78ba26ee0df3</ns16:outgoing>
                        
                        
                        <ns16:dataInputAssociation>
                            
                            
                            <ns16:targetRef>PATH</ns16:targetRef>
                            
                            
                            <ns16:assignment>
                                
                                
                                <ns16:from xmlns:xsi="http://www.w3.org/2001/XMLSchema-instance" xsi:type="ns16:tFormalExpression" evaluatesToTypeRef="itm.12.db884a3c-c533-44b7-bb2d-47bec8ad4022">tw.local.path</ns16:from>
                                
                            
                            </ns16:assignment>
                            
                        
                        </ns16:dataInputAssociation>
                        
                        
                        <ns16:dataOutputAssociation>
                            
                            
                            <ns16:sourceRef>FOLDER</ns16:sourceRef>
                            
                            
                            <ns16:assignment>
                                
                                
                                <ns16:to xmlns:xsi="http://www.w3.org/2001/XMLSchema-instance" xsi:type="ns16:tFormalExpression" evaluatesToTypeRef="itm.12.240930df-e9da-40a6-a4e8-4b41b42bb183">tw.local.folder</ns16:to>
                                
                            
                            </ns16:assignment>
                            
                        
                        </ns16:dataOutputAssociation>
                        
                    
                    </ns3:contentTask>
                    
                    
                    <ns16:sequenceFlow sourceRef="3f22def6-d8a1-484b-9aeb-08b59372da94" targetRef="a90fc0b6-b6c1-4433-b402-dbe6600f3e92" name="To List Doc" id="1b44630b-599e-4c38-8447-78ba26ee0df3">
                        
                        
                        <ns16:extensionElements>
                            
                            
                            <ns13:linkVisualInfo>
                                
                                
                                <ns13:sourcePortLocation>rightCenter</ns13:sourcePortLocation>
                                
                                
                                <ns13:targetPortLocation>leftCenter</ns13:targetPortLocation>
                                
                                
                                <ns13:showLabel>false</ns13:showLabel>
                                
                                
                                <ns13:showCoachControlLabel>false</ns13:showCoachControlLabel>
                                
                                
                                <ns13:labelPosition>0.0</ns13:labelPosition>
                                
                                
                                <ns13:saveExecutionContext>false</ns13:saveExecutionContext>
                                
                            
                            </ns13:linkVisualInfo>
                            
                        
                        </ns16:extensionElements>
                        
                    
                    </ns16:sequenceFlow>
                    
                    
                    <ns16:dataObject itemSubjectRef="itm.12.240930df-e9da-40a6-a4e8-4b41b42bb183" isCollection="false" name="folder" id="2056.4a3dabf6-061c-4f44-beb3-33b289f959ea" />
                    
                    
                    <ns16:dataObject itemSubjectRef="itm.12.490f939c-3c6d-4ef7-9707-33b5b618877a" isCollection="true" name="documents" id="2056.a8e103b1-310a-489a-b6ef-5441bd4d9410" />
                    
                    
                    <ns16:scriptTask scriptFormat="text/x-javascript" name="Prep" id="78787266-af48-495b-9baa-60ea41af92d3">
                        
                        
                        <ns16:extensionElements>
                            
                            
                            <ns13:nodeVisualInfo x="517" y="45" width="95" height="70" />
                            
                        
                        </ns16:extensionElements>
                        
                        
                        <ns16:incoming>9af362e7-2d83-4eef-91f0-a5a9f101bbb0</ns16:incoming>
                        
                        
                        <ns16:outgoing>585d53c4-8565-4559-a5e7-49a168d898d8</ns16:outgoing>
                        
                        
                        <ns16:script>tw.local.docs = new tw.object.listOf.Doc();
for (var i=0; i&lt;tw.local.documents.length; i++) {
	tw.local.docs[i] = new tw.object.Doc();
	tw.local.docs[i].ID= tw.local.documents[i].objectId;
	tw.local.docs[i].Title= tw.local.documents[i].name;
	tw.local.docs[i].ReceptionDate= tw.local.documents[i].creationDate;	
	}</ns16:script>
                        
                    
                    </ns16:scriptTask>
                    
                    
                    <ns16:sequenceFlow sourceRef="78787266-af48-495b-9baa-60ea41af92d3" targetRef="be048693-6370-4d42-9635-32206d7e75c6" name="To End" id="585d53c4-8565-4559-a5e7-49a168d898d8">
                        
                        
                        <ns16:extensionElements>
                            
                            
                            <ns2:sequenceFlowImplementation sboSyncEnabled="true" />
                            
                            
                            <ns13:linkVisualInfo>
                                
                                
                                <ns13:sourcePortLocation>rightCenter</ns13:sourcePortLocation>
                                
                                
                                <ns13:targetPortLocation>leftCenter</ns13:targetPortLocation>
                                
                                
                                <ns13:showLabel>false</ns13:showLabel>
                                
                                
                                <ns13:showCoachControlLabel>false</ns13:showCoachControlLabel>
                                
                                
                                <ns13:labelPosition>0.0</ns13:labelPosition>
                                
                                
                                <ns13:saveExecutionContext>true</ns13:saveExecutionContext>
                                
                            
                            </ns13:linkVisualInfo>
                            
                        
                        </ns16:extensionElements>
                        
                    
                    </ns16:sequenceFlow>
                    
                    
                    <ns16:dataObject itemSubjectRef="itm.12.db884a3c-c533-44b7-bb2d-47bec8ad4022" isCollection="false" name="path" id="2056.e430ae21-f293-4b59-99de-11704058dadc">
                        
                        
                        <ns16:extensionElements>
                            
                            
                            <ns2:defaultValue useDefault="true">"/Claims/Emails"</ns2:defaultValue>
                            
                        
                        </ns16:extensionElements>
                        
                    
                    </ns16:dataObject>
                    
                
                </ns16:process>
                
            
            </ns16:definitions>
        </bpmn2Model>
        <link name="To End">
            <lastModified isNull="true" />
            <lastModifiedBy isNull="true" />
            <tenantId isNull="true" />
            <processLinkId>2027.585d53c4-8565-4559-a5e7-49a168d898d8</processLinkId>
            <processId>1.e3b1241c-e158-4930-b33b-e7d79be80a76</processId>
            <description isNull="true" />
            <fromProcessItemId>2025.78787266-af48-495b-9baa-60ea41af92d3</fromProcessItemId>
            <endStateId>Out</endStateId>
            <toProcessItemId>2025.be048693-6370-4d42-9635-32206d7e75c6</toProcessItemId>
            <guid>guid:b26fc6c1-844f-43b9-8bac-92140848ee84</guid>
            <versionId>163c2d4c-8663-436a-9521-17815206947d</versionId>
            <layoutData>
                <controlPoints />
                <showEndState>false</showEndState>
                <showName>false</showName>
            </layoutData>
            <fromItemPort locationId="rightCenter" portType="1" />
            <toItemPort locationId="leftCenter" portType="2" />
            <fromProcessItemId>2025.78787266-af48-495b-9baa-60ea41af92d3</fromProcessItemId>
            <toProcessItemId>2025.be048693-6370-4d42-9635-32206d7e75c6</toProcessItemId>
        </link>
        <link name="To Prep">
            <lastModified isNull="true" />
            <lastModifiedBy isNull="true" />
            <tenantId isNull="true" />
            <processLinkId>2027.9af362e7-2d83-4eef-91f0-a5a9f101bbb0</processLinkId>
            <processId>1.e3b1241c-e158-4930-b33b-e7d79be80a76</processId>
            <description isNull="true" />
            <fromProcessItemId>2025.a90fc0b6-b6c1-4433-b402-dbe6600f3e92</fromProcessItemId>
            <endStateId>Out</endStateId>
            <toProcessItemId>2025.78787266-af48-495b-9baa-60ea41af92d3</toProcessItemId>
            <guid>guid:0f4b86a1-fb37-423e-b5f0-b757f0044dfb</guid>
            <versionId>b6be8651-f164-478c-9008-03f6dc282a77</versionId>
            <layoutData>
                <controlPoints />
                <showEndState>false</showEndState>
                <showName>false</showName>
            </layoutData>
            <fromItemPort locationId="rightCenter" portType="1" />
            <toItemPort locationId="leftCenter" portType="2" />
            <fromProcessItemId>2025.a90fc0b6-b6c1-4433-b402-dbe6600f3e92</fromProcessItemId>
            <toProcessItemId>2025.78787266-af48-495b-9baa-60ea41af92d3</toProcessItemId>
        </link>
        <link name="To List Doc">
            <lastModified isNull="true" />
            <lastModifiedBy isNull="true" />
            <tenantId isNull="true" />
            <processLinkId>2027.1b44630b-599e-4c38-8447-78ba26ee0df3</processLinkId>
            <processId>1.e3b1241c-e158-4930-b33b-e7d79be80a76</processId>
            <description isNull="true" />
            <fromProcessItemId>2025.3f22def6-d8a1-484b-9aeb-08b59372da94</fromProcessItemId>
            <endStateId>Out</endStateId>
            <toProcessItemId>2025.a90fc0b6-b6c1-4433-b402-dbe6600f3e92</toProcessItemId>
            <guid>guid:798d13d6-ff6d-474e-87ed-5f4367c42d94</guid>
            <versionId>24462de5-8fec-470e-8ed0-5e000d77fb6f</versionId>
            <layoutData>
                <controlPoints />
                <showEndState>false</showEndState>
                <showName>false</showName>
            </layoutData>
            <fromItemPort locationId="rightCenter" portType="1" />
            <toItemPort locationId="leftCenter" portType="2" />
            <fromProcessItemId>2025.3f22def6-d8a1-484b-9aeb-08b59372da94</fromProcessItemId>
            <toProcessItemId>2025.a90fc0b6-b6c1-4433-b402-dbe6600f3e92</toProcessItemId>
        </link>
    </process>
</teamworks>

