<?xml version="1.0" encoding="UTF-8"?>
<teamworks>
    <process id="1.e48ed432-77a9-4eeb-811d-cb007bf5a2fc" name="Sandbox Script">
        <lastModified>1717690037198</lastModified>
        <lastModifiedBy>cp4admin</lastModifiedBy>
        <tenantId isNull="true" />
        <processId>1.e48ed432-77a9-4eeb-811d-cb007bf5a2fc</processId>
        <image isNull="true" />
        <tabGroup isNull="true" />
        <startingProcessItemId>2025.be5492ea-52bf-421b-80b2-bc98ca654c70</startingProcessItemId>
        <isRootProcess>false</isRootProcess>
        <processType>12</processType>
        <isErrorHandlerEnabled>false</isErrorHandlerEnabled>
        <errorHandlerItemId isNull="true" />
        <isLoggingVariables>false</isLoggingVariables>
        <isTransactional>false</isTransactional>
        <processTimingLevel isNull="true" />
        <participantRef isNull="true" />
        <exposedType>0</exposedType>
        <isTrackingEnabled>true</isTrackingEnabled>
        <xmlData isNull="true" />
        <cachingType>false</cachingType>
        <itemLabel isNull="true" />
        <cacheLength>0</cacheLength>
        <mobileReady>false</mobileReady>
        <sboSyncEnabled>true</sboSyncEnabled>
        <externalId isNull="true" />
        <isSecured>true</isSecured>
        <isAjaxExposed>true</isAjaxExposed>
        <isInvokedAsynchronously>false</isInvokedAsynchronously>
        <isTransactionalFlow>false</isTransactionalFlow>
        <description isNull="true" />
        <guid>guid:cc90e269813961f2:-6d44b79:18f361f07e6:-79da</guid>
        <versionId>57560358-9195-465f-9e8d-265b34480b9d</versionId>
        <dependencySummary>&lt;dependencySummary id="bpdid:5733966303c98ceb:54e7d30:18fe44fdd7b:-7a5f" /&gt;</dependencySummary>
        <jsonData>{"rootElement":[{"flowElement":[{"parallelMultiple":false,"outgoing":["2027.22d14a85-ce2c-4e51-8d53-5483c8a9c957"],"isInterrupting":false,"extensionElements":{"nodeVisualInfo":[{"color":"#F8F8F8","width":24,"x":25,"y":80,"declaredType":"TNodeVisualInfo","height":24}]},"name":"Start","declaredType":"startEvent","id":"d414aa9d-545a-4cae-8ed8-c8bd2959c747"},{"incoming":["bcea51ac-560f-4e41-834c-d733fa75a7be"],"extensionElements":{"nodeVisualInfo":[{"color":"#F8F8F8","width":24,"x":650,"y":80,"declaredType":"TNodeVisualInfo","height":24}],"endStateId":["guid:cc90e269813961f2:-6d44b79:18f361f07e6:-79d8"],"saveExecutionContext":[true]},"name":"End","declaredType":"endEvent","id":"da7fa85b-3550-478c-8459-9896c401e8aa"},{"targetRef":"be5492ea-52bf-421b-80b2-bc98ca654c70","extensionElements":{"linkVisualInfo":[{"sourcePortLocation":"rightCenter","showCoachControlLabel":false,"labelPosition":0.0,"targetPortLocation":"leftCenter","declaredType":"TLinkVisualInfo","saveExecutionContext":false,"showLabel":false}]},"name":"To Script task","declaredType":"sequenceFlow","id":"2027.22d14a85-ce2c-4e51-8d53-5483c8a9c957","sourceRef":"d414aa9d-545a-4cae-8ed8-c8bd2959c747"},{"startQuantity":1,"outgoing":["bcea51ac-560f-4e41-834c-d733fa75a7be"],"incoming":["2027.22d14a85-ce2c-4e51-8d53-5483c8a9c957"],"extensionElements":{"nodeVisualInfo":[{"width":95,"x":301,"y":86,"declaredType":"TNodeVisualInfo","height":70}]},"name":"Script task","isForCompensation":false,"completionQuantity":1,"declaredType":"scriptTask","id":"be5492ea-52bf-421b-80b2-bc98ca654c70","scriptFormat":"text\/x-javascript","script":{"content":["tw.local.String = \"\";\ntw.system.currentProcessInstance."]}},{"targetRef":"da7fa85b-3550-478c-8459-9896c401e8aa","extensionElements":{"sequenceFlowImplementation":[{"fireValidation":"Never","sboSyncEnabled":true,"declaredType":"com.ibm.bpmsdk.model.bpmn20.ibmext.TSequenceFlowImplementation"}],"linkVisualInfo":[{"sourcePortLocation":"rightCenter","showCoachControlLabel":false,"labelPosition":0.0,"targetPortLocation":"leftCenter","declaredType":"TLinkVisualInfo","saveExecutionContext":true,"showLabel":false}]},"name":"To End","declaredType":"sequenceFlow","id":"bcea51ac-560f-4e41-834c-d733fa75a7be","sourceRef":"be5492ea-52bf-421b-80b2-bc98ca654c70"},{"extensionElements":{"defaultValue":[{"declaredType":"com.ibm.bpmsdk.model.bpmn20.ibmext.TDefaultValue","useDefault":true,"value":"\"21\/02\/1983 17:45\""}]},"itemSubjectRef":"itm.12.db884a3c-c533-44b7-bb2d-47bec8ad4022","name":"String","isCollection":false,"declaredType":"dataObject","id":"2056.dd562167-b152-4dad-8355-bafef4c2a2ad"},{"extensionElements":{"defaultValue":[{"declaredType":"com.ibm.bpmsdk.model.bpmn20.ibmext.TDefaultValue","useDefault":false,"value":"new TWDate()"}]},"itemSubjectRef":"itm.12.68474ab0-d56f-47ee-b7e9-510b45a2a8be","name":"Date","isCollection":false,"declaredType":"dataObject","id":"2056.dd9e1dec-411b-4dc4-87fd-b6f6c090e4cc"}],"laneSet":[{"id":"c4fa7866-33f4-4b9e-8f47-2370dcb4a340","lane":[{"flowNodeRef":["d414aa9d-545a-4cae-8ed8-c8bd2959c747","da7fa85b-3550-478c-8459-9896c401e8aa","be5492ea-52bf-421b-80b2-bc98ca654c70"],"extensionElements":{"nodeVisualInfo":[{"color":"#F8F8F8","width":3000,"x":0,"y":0,"declaredType":"TNodeVisualInfo","height":500}]},"name":"System","partitionElementRef":"24.6fd38d02-81cf-48ab-bd42-8ff4c0a1628b","declaredType":"lane","id":"e19ebce4-3ed0-4407-8d84-b325d76baf48","otherAttributes":{"{http:\/\/www.ibm.com\/xmlns\/prod\/bpm\/bpmn\/ext\/process\/wle}isSystemLane":"true"}}]}],"isClosed":false,"extensionElements":{"isSecured":[true],"isAjaxExposed":[true],"isTransactionalFlow":[false],"sboSyncEnabled":[true],"isInvokedAsynchronously":[false]},"documentation":[{"textFormat":"text\/plain"}],"name":"Sandbox Script","declaredType":"process","id":"1.e48ed432-77a9-4eeb-811d-cb007bf5a2fc","processType":"None","otherAttributes":{"{http:\/\/www.ibm.com\/xmlns\/prod\/bpm\/bpmn\/ext\/process}executionMode":"microflow"},"ioSpecification":{"inputSet":[{}],"outputSet":[{}]}}],"targetNamespace":"","typeLanguage":"http:\/\/www.w3.org\/2001\/XMLSchema","expressionLanguage":"http:\/\/www.ibm.com\/xmlns\/prod\/bpm\/expression-lang\/javascript"}</jsonData>
        <field1 isNull="true" />
        <field2 isNull="true" />
        <field3>0</field3>
        <field4 isNull="true" />
        <field5>false</field5>
        <clobField1 isNull="true" />
        <blobField1 isNull="true" />
        <processVariable name="String">
            <lastModified isNull="true" />
            <lastModifiedBy isNull="true" />
            <tenantId isNull="true" />
            <processVariableId>2056.dd562167-b152-4dad-8355-bafef4c2a2ad</processVariableId>
            <description isNull="true" />
            <processId>1.e48ed432-77a9-4eeb-811d-cb007bf5a2fc</processId>
            <namespace>2</namespace>
            <seq>1</seq>
            <isArrayOf>false</isArrayOf>
            <isTransient>false</isTransient>
            <classId>f9bfad03-1cba-408d-921f-41cfbdd4600c/12.db884a3c-c533-44b7-bb2d-47bec8ad4022</classId>
            <hasDefault>true</hasDefault>
            <defaultValue>"21/02/1983 17:45"</defaultValue>
            <guid>guid:32d3d0c1-cac4-4730-9026-47872eda44ad</guid>
            <versionId>5e09c811-954c-48c4-b11b-f20f35683af8</versionId>
        </processVariable>
        <processVariable name="Date">
            <lastModified isNull="true" />
            <lastModifiedBy isNull="true" />
            <tenantId isNull="true" />
            <processVariableId>2056.dd9e1dec-411b-4dc4-87fd-b6f6c090e4cc</processVariableId>
            <description isNull="true" />
            <processId>1.e48ed432-77a9-4eeb-811d-cb007bf5a2fc</processId>
            <namespace>2</namespace>
            <seq>2</seq>
            <isArrayOf>false</isArrayOf>
            <isTransient>false</isTransient>
            <classId>f9bfad03-1cba-408d-921f-41cfbdd4600c/12.68474ab0-d56f-47ee-b7e9-510b45a2a8be</classId>
            <hasDefault>false</hasDefault>
            <defaultValue isNull="true" />
            <guid>guid:cc5dd214-be9c-416f-9841-76e85bf9ecbd</guid>
            <versionId>7cf4f9d2-7d89-4ee1-84e5-f66852620efa</versionId>
        </processVariable>
        <item>
            <lastModified isNull="true" />
            <lastModifiedBy isNull="true" />
            <tenantId isNull="true" />
            <processItemId>2025.be5492ea-52bf-421b-80b2-bc98ca654c70</processItemId>
            <processId>1.e48ed432-77a9-4eeb-811d-cb007bf5a2fc</processId>
            <name>Script task</name>
            <tWComponentName>Script</tWComponentName>
            <tWComponentId>3011.5d6eb83a-43d3-4e74-a672-6ea5041585ea</tWComponentId>
            <isLogEnabled>false</isLogEnabled>
            <isTraceEnabled>false</isTraceEnabled>
            <traceCategory isNull="true" />
            <traceLevel isNull="true" />
            <traceMessage isNull="true" />
            <traceSymbolTable isNull="true" />
            <isExecutionContextTraced>false</isExecutionContextTraced>
            <saveExecutionContext>false</saveExecutionContext>
            <documentation isNull="true" />
            <isErrorHandlerEnabled>false</isErrorHandlerEnabled>
            <errorHandlerItemId isNull="true" />
            <guid>guid:cc90e269813961f2:-6d44b79:18f361f07e6:-79d5</guid>
            <versionId>bb852da3-dd93-4c3c-99f1-27919c0a4399</versionId>
            <externalServiceRef isNull="true" />
            <externalServiceOp isNull="true" />
            <nodeColor isNull="true" />
            <layoutData x="301" y="86">
                <errorLink>
                    <controlPoints />
                    <showEndState>false</showEndState>
                    <showName>false</showName>
                </errorLink>
            </layoutData>
            <TWComponent>
                <lastModified isNull="true" />
                <lastModifiedBy isNull="true" />
                <tenantId isNull="true" />
                <scriptId>3011.5d6eb83a-43d3-4e74-a672-6ea5041585ea</scriptId>
                <scriptTypeId>2</scriptTypeId>
                <isActive>true</isActive>
                <script>tw.local.String = "";
tw.system.currentProcessInstance.</script>
                <isRule>false</isRule>
                <guid>guid:1d68d863-d6fa-463e-86a3-e04fe25e70c8</guid>
                <versionId>82bf5ef3-0ffc-46ec-a358-c83cec149fb0</versionId>
            </TWComponent>
        </item>
        <item>
            <lastModified isNull="true" />
            <lastModifiedBy isNull="true" />
            <tenantId isNull="true" />
            <processItemId>2025.da7fa85b-3550-478c-8459-9896c401e8aa</processItemId>
            <processId>1.e48ed432-77a9-4eeb-811d-cb007bf5a2fc</processId>
            <name>End</name>
            <tWComponentName>ExitPoint</tWComponentName>
            <tWComponentId>3008.2a6ecda9-2a5e-4fed-b1b9-e1ae1992971e</tWComponentId>
            <isLogEnabled>false</isLogEnabled>
            <isTraceEnabled>false</isTraceEnabled>
            <traceCategory isNull="true" />
            <traceLevel isNull="true" />
            <traceMessage isNull="true" />
            <traceSymbolTable isNull="true" />
            <isExecutionContextTraced>false</isExecutionContextTraced>
            <saveExecutionContext>true</saveExecutionContext>
            <documentation isNull="true" />
            <isErrorHandlerEnabled>false</isErrorHandlerEnabled>
            <errorHandlerItemId isNull="true" />
            <guid>guid:cc90e269813961f2:-6d44b79:18f361f07e6:-79d8</guid>
            <versionId>5675ed44-60fc-4dcf-900a-7456c7e47af0</versionId>
            <externalServiceRef isNull="true" />
            <externalServiceOp isNull="true" />
            <nodeColor isNull="true" />
            <layoutData x="650" y="80">
                <errorLink>
                    <controlPoints />
                    <showEndState>false</showEndState>
                    <showName>false</showName>
                </errorLink>
            </layoutData>
            <TWComponent>
                <lastModified isNull="true" />
                <lastModifiedBy isNull="true" />
                <tenantId isNull="true" />
                <exitPointId>3008.2a6ecda9-2a5e-4fed-b1b9-e1ae1992971e</exitPointId>
                <haltProcess>false</haltProcess>
                <guid>guid:78afbd57-31ee-438d-8056-04ef5e74ff90</guid>
                <versionId>e7d26bd0-3a9e-478f-975c-23f9f46c20ed</versionId>
            </TWComponent>
        </item>
        <startingProcessItemId>2025.be5492ea-52bf-421b-80b2-bc98ca654c70</startingProcessItemId>
        <errorHandlerItemId isNull="true" />
        <layoutData noConversion="true">
            <errorLink>
                <controlPoints />
                <showEndState>false</showEndState>
                <showName>false</showName>
            </errorLink>
        </layoutData>
        <startPoint>
            <layoutData x="25" y="80">
                <errorLink>
                    <controlPoints />
                    <showEndState>false</showEndState>
                    <showName>false</showName>
                </errorLink>
            </layoutData>
        </startPoint>
        <startLink>
            <fromPort locationId="rightCenter" portType="1" />
            <toPort locationId="leftCenter" portType="2" />
            <layoutData>
                <controlPoints />
                <showEndState>false</showEndState>
                <showName>false</showName>
            </layoutData>
        </startLink>
        <bpmn2Model>
            <ns16:definitions xmlns:ns16="http://www.omg.org/spec/BPMN/20100524/MODEL" xmlns:ns2="http://www.ibm.com/xmlns/prod/bpm/bpmn/ext/process" xmlns:ns3="http://www.ibm.com/xmlns/prod/bpm/bpmn/ext/process/wle" xmlns:ns4="http://www.ibm.com/xmlns/prod/bpm/bpmn/ext/process/case" xmlns:ns5="http://www.ibm.com/bpm/Extensions" xmlns:ns6="http://www.ibm.com/xmlns/prod/bpm/uca" xmlns:ns7="http://www.ibm.com/xmlns/prod/bpm/bpmn/ext/team" xmlns:ns8="http://www.ibm.com/xmlns/prod/bpm/bpmn/ext/trackinggroup" xmlns:ns9="http://www.ibm.com/xmlns/bpmnx/20100524/v1/BusinessVocabulary" xmlns:ns10="http://www.omg.org/spec/DD/20100524/DI" xmlns:ns11="http://www.omg.org/spec/DD/20100524/DC" xmlns:ns12="http://www.omg.org/spec/BPMN/20100524/BPMNDI" xmlns:ns13="http://www.ibm.com/xmlns/prod/bpm/graph" xmlns:ns14="http://www.ibm.com/xmlns/prod/bpm/bpmn/ext/process/auth" xmlns:ns15="http://www.ibm.com/xmlns/prod/bpm/bpmn/ext/extservice" xmlns:ns17="http://www.ibm.com/bpm/processappsettings" xmlns:ns18="http://www.ibm.com/xmlns/links" xmlns:ns19="http://www.ibm.com/bpm/CoachDesignerNG" xmlns:ns20="http://www.ibm.com/xmlns/tagging" xmlns:ns21="http://www.ibm.com/bpm/uitheme" xmlns:ns22="http://www.ibm.com/bpm/coachview" targetNamespace="" expressionLanguage="http://www.ibm.com/xmlns/prod/bpm/expression-lang/javascript" typeLanguage="http://www.w3.org/2001/XMLSchema">
                <ns16:process name="Sandbox Script" id="1.e48ed432-77a9-4eeb-811d-cb007bf5a2fc" ns2:executionMode="microflow">
                    <ns16:documentation textFormat="text/plain" />
                    <ns16:extensionElements>
                        <ns2:isSecured>true</ns2:isSecured>
                        <ns2:isAjaxExposed>true</ns2:isAjaxExposed>
                        <ns2:isTransactionalFlow>false</ns2:isTransactionalFlow>
                        <ns2:sboSyncEnabled>true</ns2:sboSyncEnabled>
                        <ns2:isInvokedAsynchronously>false</ns2:isInvokedAsynchronously>
                    </ns16:extensionElements>
                    <ns16:ioSpecification>
                        <ns16:inputSet />
                        <ns16:outputSet />
                    </ns16:ioSpecification>
                    <ns16:laneSet id="c4fa7866-33f4-4b9e-8f47-2370dcb4a340">
                        <ns16:lane name="System" partitionElementRef="24.6fd38d02-81cf-48ab-bd42-8ff4c0a1628b" id="e19ebce4-3ed0-4407-8d84-b325d76baf48" ns3:isSystemLane="true">
                            <ns16:extensionElements>
                                <ns13:nodeVisualInfo x="0" y="0" width="3000" height="500" color="#F8F8F8" />
                            </ns16:extensionElements>
                            <ns16:flowNodeRef>d414aa9d-545a-4cae-8ed8-c8bd2959c747</ns16:flowNodeRef>
                            <ns16:flowNodeRef>da7fa85b-3550-478c-8459-9896c401e8aa</ns16:flowNodeRef>
                            <ns16:flowNodeRef>be5492ea-52bf-421b-80b2-bc98ca654c70</ns16:flowNodeRef>
                        </ns16:lane>
                    </ns16:laneSet>
                    <ns16:startEvent isInterrupting="false" parallelMultiple="false" name="Start" id="d414aa9d-545a-4cae-8ed8-c8bd2959c747">
                        <ns16:extensionElements>
                            <ns13:nodeVisualInfo x="25" y="80" width="24" height="24" color="#F8F8F8" />
                        </ns16:extensionElements>
                        <ns16:outgoing>2027.22d14a85-ce2c-4e51-8d53-5483c8a9c957</ns16:outgoing>
                    </ns16:startEvent>
                    <ns16:endEvent name="End" id="da7fa85b-3550-478c-8459-9896c401e8aa">
                        <ns16:extensionElements>
                            <ns13:nodeVisualInfo x="650" y="80" width="24" height="24" color="#F8F8F8" />
                            <ns3:saveExecutionContext>true</ns3:saveExecutionContext>
                            <ns2:endStateId>guid:cc90e269813961f2:-6d44b79:18f361f07e6:-79d8</ns2:endStateId>
                        </ns16:extensionElements>
                        <ns16:incoming>bcea51ac-560f-4e41-834c-d733fa75a7be</ns16:incoming>
                    </ns16:endEvent>
                    <ns16:sequenceFlow sourceRef="d414aa9d-545a-4cae-8ed8-c8bd2959c747" targetRef="be5492ea-52bf-421b-80b2-bc98ca654c70" name="To Script task" id="2027.22d14a85-ce2c-4e51-8d53-5483c8a9c957">
                        <ns16:extensionElements>
                            <ns13:linkVisualInfo>
                                <ns13:sourcePortLocation>rightCenter</ns13:sourcePortLocation>
                                <ns13:targetPortLocation>leftCenter</ns13:targetPortLocation>
                                <ns13:showLabel>false</ns13:showLabel>
                                <ns13:showCoachControlLabel>false</ns13:showCoachControlLabel>
                                <ns13:labelPosition>0.0</ns13:labelPosition>
                                <ns13:saveExecutionContext>false</ns13:saveExecutionContext>
                            </ns13:linkVisualInfo>
                        </ns16:extensionElements>
                    </ns16:sequenceFlow>
                    <ns16:scriptTask scriptFormat="text/x-javascript" name="Script task" id="be5492ea-52bf-421b-80b2-bc98ca654c70">
                        <ns16:extensionElements>
                            <ns13:nodeVisualInfo x="301" y="86" width="95" height="70" />
                        </ns16:extensionElements>
                        <ns16:incoming>2027.22d14a85-ce2c-4e51-8d53-5483c8a9c957</ns16:incoming>
                        <ns16:outgoing>bcea51ac-560f-4e41-834c-d733fa75a7be</ns16:outgoing>
                        <ns16:script>tw.local.String = "";
tw.system.currentProcessInstance.</ns16:script>
                    </ns16:scriptTask>
                    <ns16:sequenceFlow sourceRef="be5492ea-52bf-421b-80b2-bc98ca654c70" targetRef="da7fa85b-3550-478c-8459-9896c401e8aa" name="To End" id="bcea51ac-560f-4e41-834c-d733fa75a7be">
                        <ns16:extensionElements>
                            <ns2:sequenceFlowImplementation sboSyncEnabled="true" />
                            <ns13:linkVisualInfo>
                                <ns13:sourcePortLocation>rightCenter</ns13:sourcePortLocation>
                                <ns13:targetPortLocation>leftCenter</ns13:targetPortLocation>
                                <ns13:showLabel>false</ns13:showLabel>
                                <ns13:showCoachControlLabel>false</ns13:showCoachControlLabel>
                                <ns13:labelPosition>0.0</ns13:labelPosition>
                                <ns13:saveExecutionContext>true</ns13:saveExecutionContext>
                            </ns13:linkVisualInfo>
                        </ns16:extensionElements>
                    </ns16:sequenceFlow>
                    <ns16:dataObject itemSubjectRef="itm.12.db884a3c-c533-44b7-bb2d-47bec8ad4022" isCollection="false" name="String" id="2056.dd562167-b152-4dad-8355-bafef4c2a2ad">
                        <ns16:extensionElements>
                            <ns2:defaultValue useDefault="true">"21/02/1983 17:45"</ns2:defaultValue>
                        </ns16:extensionElements>
                    </ns16:dataObject>
                    <ns16:dataObject itemSubjectRef="itm.12.68474ab0-d56f-47ee-b7e9-510b45a2a8be" isCollection="false" name="Date" id="2056.dd9e1dec-411b-4dc4-87fd-b6f6c090e4cc">
                        <ns16:extensionElements>
                            <ns2:defaultValue useDefault="false">new TWDate()</ns2:defaultValue>
                        </ns16:extensionElements>
                    </ns16:dataObject>
                </ns16:process>
            </ns16:definitions>
        </bpmn2Model>
        <link name="To End">
            <lastModified isNull="true" />
            <lastModifiedBy isNull="true" />
            <tenantId isNull="true" />
            <processLinkId>2027.bcea51ac-560f-4e41-834c-d733fa75a7be</processLinkId>
            <processId>1.e48ed432-77a9-4eeb-811d-cb007bf5a2fc</processId>
            <description isNull="true" />
            <fromProcessItemId>2025.be5492ea-52bf-421b-80b2-bc98ca654c70</fromProcessItemId>
            <endStateId>Out</endStateId>
            <toProcessItemId>2025.da7fa85b-3550-478c-8459-9896c401e8aa</toProcessItemId>
            <guid>guid:4ddc48b3-d600-487b-bd92-f7157f0dfff8</guid>
            <versionId>421715ce-709e-44c4-be96-c95b831ecfd7</versionId>
            <layoutData>
                <controlPoints />
                <showEndState>false</showEndState>
                <showName>false</showName>
            </layoutData>
            <fromItemPort locationId="rightCenter" portType="1" />
            <toItemPort locationId="leftCenter" portType="2" />
            <fromProcessItemId>2025.be5492ea-52bf-421b-80b2-bc98ca654c70</fromProcessItemId>
            <toProcessItemId>2025.da7fa85b-3550-478c-8459-9896c401e8aa</toProcessItemId>
        </link>
    </process>
</teamworks>

