<?xml version="1.0" encoding="UTF-8"?>
<teamworks>
    <process id="1.e7bae786-9235-472d-96aa-2578308c788f" name="Remediation List Service">
        <lastModified>1717688489882</lastModified>
        <lastModifiedBy>cp4admin</lastModifiedBy>
        <tenantId isNull="true" />
        <processId>1.e7bae786-9235-472d-96aa-2578308c788f</processId>
        <image isNull="true" />
        <tabGroup isNull="true" />
        <startingProcessItemId>2025.54c907f5-7896-4402-86e5-74b50c744404</startingProcessItemId>
        <isRootProcess>false</isRootProcess>
        <processType>12</processType>
        <isErrorHandlerEnabled>false</isErrorHandlerEnabled>
        <errorHandlerItemId isNull="true" />
        <isLoggingVariables>false</isLoggingVariables>
        <isTransactional>false</isTransactional>
        <processTimingLevel isNull="true" />
        <participantRef isNull="true" />
        <exposedType>0</exposedType>
        <isTrackingEnabled>true</isTrackingEnabled>
        <xmlData isNull="true" />
        <cachingType>true</cachingType>
        <itemLabel isNull="true" />
        <cacheLength>43200</cacheLength>
        <mobileReady>false</mobileReady>
        <sboSyncEnabled>true</sboSyncEnabled>
        <externalId isNull="true" />
        <isSecured>false</isSecured>
        <isAjaxExposed>true</isAjaxExposed>
        <isInvokedAsynchronously>false</isInvokedAsynchronously>
        <isTransactionalFlow>false</isTransactionalFlow>
        <description isNull="true" />
        <guid>guid:8b0c8ed1dccfb194:-60544698:18f06b936dc:-7990</guid>
        <versionId>303c97c4-86eb-4c2a-9e9a-4e37486b3307</versionId>
        <dependencySummary>&lt;dependencySummary id="bpdid:5733966303c98ceb:54e7d30:18fe44fdd7b:-7bc8" /&gt;</dependencySummary>
        <jsonData>{"rootElement":[{"flowElement":[{"parallelMultiple":false,"outgoing":["2027.a198cd03-df0d-4e4d-8fbc-7d421b2bc237"],"isInterrupting":false,"extensionElements":{"nodeVisualInfo":[{"color":"#F8F8F8","width":24,"x":25,"y":80,"declaredType":"TNodeVisualInfo","height":24}]},"name":"Start","declaredType":"startEvent","id":"4ad503ad-6f66-4300-8b95-d21c9a54b9bd"},{"incoming":["e9f6e926-04b4-43c2-8ce4-fdc347e5129f"],"extensionElements":{"nodeVisualInfo":[{"color":"#F8F8F8","width":24,"x":650,"y":80,"declaredType":"TNodeVisualInfo","height":24}],"endStateId":["guid:8b0c8ed1dccfb194:-60544698:18f06b936dc:-798e"],"saveExecutionContext":[true]},"name":"End","declaredType":"endEvent","id":"289bf732-39c6-4f16-881c-12d2584f3833"},{"targetRef":"54c907f5-7896-4402-86e5-74b50c744404","extensionElements":{"linkVisualInfo":[{"sourcePortLocation":"rightCenter","showCoachControlLabel":false,"labelPosition":0.0,"targetPortLocation":"leftCenter","declaredType":"TLinkVisualInfo","saveExecutionContext":false,"showLabel":false}]},"name":"To Remediation","declaredType":"sequenceFlow","id":"2027.a198cd03-df0d-4e4d-8fbc-7d421b2bc237","sourceRef":"4ad503ad-6f66-4300-8b95-d21c9a54b9bd"},{"startQuantity":1,"outgoing":["e9f6e926-04b4-43c2-8ce4-fdc347e5129f"],"incoming":["2027.a198cd03-df0d-4e4d-8fbc-7d421b2bc237"],"extensionElements":{"nodeVisualInfo":[{"width":95,"x":310,"y":57,"declaredType":"TNodeVisualInfo","height":70}],"activityType":["CalledProcess"]},"name":"Remediation","dataInputAssociation":[{"targetRef":"2055.e68302ca-2746-45f2-b435-5fa5391d0b80","assignment":[{"from":{"evaluatesToTypeRef":"itm.12.c09c9b6e-aabd-4897-bef2-ed61db106297","declaredType":"TFormalExpression","content":["tw.local.data"]}}]}],"isForCompensation":false,"completionQuantity":1,"declaredType":"callActivity","id":"54c907f5-7896-4402-86e5-74b50c744404","dataOutputAssociation":[{"assignment":[{"to":{"evaluatesToTypeRef":"itm.12.c09c9b6e-aabd-4897-bef2-ed61db106297","declaredType":"TFormalExpression","content":["tw.local.results"]}}],"sourceRef":["2055.600419e6-583d-4f11-8317-0596b18f2a35"]}],"calledElement":"1.9e4178d9-8b80-4673-892d-62f87a697fb7"},{"targetRef":"289bf732-39c6-4f16-881c-12d2584f3833","extensionElements":{"sequenceFlowImplementation":[{"fireValidation":"Never","sboSyncEnabled":true,"declaredType":"com.ibm.bpmsdk.model.bpmn20.ibmext.TSequenceFlowImplementation"}],"endStateId":["guid:8b0c8ed1dccfb194:-60544698:18f06b936dc:-7bd2"],"linkVisualInfo":[{"sourcePortLocation":"rightCenter","showCoachControlLabel":false,"labelPosition":0.0,"targetPortLocation":"leftCenter","declaredType":"TLinkVisualInfo","saveExecutionContext":true,"showLabel":false}]},"name":"To End","declaredType":"sequenceFlow","id":"e9f6e926-04b4-43c2-8ce4-fdc347e5129f","sourceRef":"54c907f5-7896-4402-86e5-74b50c744404"}],"laneSet":[{"id":"50ad207c-88c3-4e95-8d07-f00a944e7583","lane":[{"flowNodeRef":["4ad503ad-6f66-4300-8b95-d21c9a54b9bd","289bf732-39c6-4f16-881c-12d2584f3833","54c907f5-7896-4402-86e5-74b50c744404"],"extensionElements":{"nodeVisualInfo":[{"color":"#F8F8F8","width":3000,"x":0,"y":0,"declaredType":"TNodeVisualInfo","height":500}]},"name":"System","partitionElementRef":"24.6fd38d02-81cf-48ab-bd42-8ff4c0a1628b","declaredType":"lane","id":"0a4cfe86-8b02-442a-8986-7571a5aa3c2e","otherAttributes":{"{http:\/\/www.ibm.com\/xmlns\/prod\/bpm\/bpmn\/ext\/process\/wle}isSystemLane":"true"}}]}],"isClosed":false,"extensionElements":{"isSecured":[false],"isAjaxExposed":[true],"cachingType":[true],"isTransactionalFlow":[false],"cacheLength":[43200],"sboSyncEnabled":[true],"isInvokedAsynchronously":[false]},"documentation":[{"textFormat":"text\/plain"}],"name":"Remediation List Service","declaredType":"process","id":"1.e7bae786-9235-472d-96aa-2578308c788f","processType":"None","otherAttributes":{"{http:\/\/www.ibm.com\/xmlns\/prod\/bpm\/bpmn\/ext\/process}executionMode":"microflow"},"ioSpecification":{"dataOutput":[{"itemSubjectRef":"itm.12.c09c9b6e-aabd-4897-bef2-ed61db106297","name":"results","isCollection":true,"id":"2055.9c2155e2-27fc-47b9-83d2-d23021dc174b"}],"inputSet":[{}],"outputSet":[{}],"dataInput":[{"itemSubjectRef":"itm.12.c09c9b6e-aabd-4897-bef2-ed61db106297","name":"data","isCollection":false,"id":"2055.afd7b17f-c7e4-47fb-8a36-f6c467138555"}]}}],"targetNamespace":"","typeLanguage":"http:\/\/www.w3.org\/2001\/XMLSchema","expressionLanguage":"http:\/\/www.ibm.com\/xmlns\/prod\/bpm\/expression-lang\/javascript"}</jsonData>
        <field1 isNull="true" />
        <field2 isNull="true" />
        <field3>0</field3>
        <field4 isNull="true" />
        <field5>false</field5>
        <clobField1 isNull="true" />
        <blobField1 isNull="true" />
        <processParameter name="data">
            <lastModified isNull="true" />
            <lastModifiedBy isNull="true" />
            <tenantId isNull="true" />
            <processParameterId>2055.afd7b17f-c7e4-47fb-8a36-f6c467138555</processParameterId>
            <processId>1.e7bae786-9235-472d-96aa-2578308c788f</processId>
            <parameterType>1</parameterType>
            <isArrayOf>false</isArrayOf>
            <classId>f9bfad03-1cba-408d-921f-41cfbdd4600c/12.c09c9b6e-aabd-4897-bef2-ed61db106297</classId>
            <seq>1</seq>
            <hasDefault>false</hasDefault>
            <defaultValue isNull="true" />
            <isLocked>false</isLocked>
            <description isNull="true" />
            <guid>guid:c60d3dcc-0884-42a3-a1e0-a8e35033c27e</guid>
            <versionId>3bb32b36-28ae-4b36-ba64-39342e853bde</versionId>
        </processParameter>
        <processParameter name="results">
            <lastModified isNull="true" />
            <lastModifiedBy isNull="true" />
            <tenantId isNull="true" />
            <processParameterId>2055.9c2155e2-27fc-47b9-83d2-d23021dc174b</processParameterId>
            <processId>1.e7bae786-9235-472d-96aa-2578308c788f</processId>
            <parameterType>2</parameterType>
            <isArrayOf>true</isArrayOf>
            <classId>f9bfad03-1cba-408d-921f-41cfbdd4600c/12.c09c9b6e-aabd-4897-bef2-ed61db106297</classId>
            <seq>2</seq>
            <hasDefault>false</hasDefault>
            <defaultValue isNull="true" />
            <isLocked>false</isLocked>
            <description isNull="true" />
            <guid>guid:8660ea5f-0a11-46d6-a5f4-abec3eff6951</guid>
            <versionId>68d46e13-2243-4a90-a85d-8dc8ad670e9a</versionId>
        </processParameter>
        <item>
            <lastModified isNull="true" />
            <lastModifiedBy isNull="true" />
            <tenantId isNull="true" />
            <processItemId>2025.289bf732-39c6-4f16-881c-12d2584f3833</processItemId>
            <processId>1.e7bae786-9235-472d-96aa-2578308c788f</processId>
            <name>End</name>
            <tWComponentName>ExitPoint</tWComponentName>
            <tWComponentId>3008.031bb25c-ad4b-43c7-8de9-0fe637244309</tWComponentId>
            <isLogEnabled>false</isLogEnabled>
            <isTraceEnabled>false</isTraceEnabled>
            <traceCategory isNull="true" />
            <traceLevel isNull="true" />
            <traceMessage isNull="true" />
            <traceSymbolTable isNull="true" />
            <isExecutionContextTraced>false</isExecutionContextTraced>
            <saveExecutionContext>true</saveExecutionContext>
            <documentation isNull="true" />
            <isErrorHandlerEnabled>false</isErrorHandlerEnabled>
            <errorHandlerItemId isNull="true" />
            <guid>guid:8b0c8ed1dccfb194:-60544698:18f06b936dc:-798e</guid>
            <versionId>06d1fb7d-3a20-41b5-acba-e75e3b6e1e47</versionId>
            <externalServiceRef isNull="true" />
            <externalServiceOp isNull="true" />
            <nodeColor isNull="true" />
            <layoutData x="650" y="80">
                <errorLink>
                    <controlPoints />
                    <showEndState>false</showEndState>
                    <showName>false</showName>
                </errorLink>
            </layoutData>
            <TWComponent>
                <lastModified isNull="true" />
                <lastModifiedBy isNull="true" />
                <tenantId isNull="true" />
                <exitPointId>3008.031bb25c-ad4b-43c7-8de9-0fe637244309</exitPointId>
                <haltProcess>false</haltProcess>
                <guid>guid:87a71adf-368a-4be8-a83e-57ab6f72bdc2</guid>
                <versionId>7a072300-2fbe-4257-aacc-674440dbc77f</versionId>
            </TWComponent>
        </item>
        <item>
            <lastModified isNull="true" />
            <lastModifiedBy isNull="true" />
            <tenantId isNull="true" />
            <processItemId>2025.54c907f5-7896-4402-86e5-74b50c744404</processItemId>
            <processId>1.e7bae786-9235-472d-96aa-2578308c788f</processId>
            <name>Remediation</name>
            <tWComponentName>SubProcess</tWComponentName>
            <tWComponentId>3012.2d6c5417-8e86-4aee-838e-321833f6b9b5</tWComponentId>
            <isLogEnabled>false</isLogEnabled>
            <isTraceEnabled>false</isTraceEnabled>
            <traceCategory isNull="true" />
            <traceLevel isNull="true" />
            <traceMessage isNull="true" />
            <traceSymbolTable isNull="true" />
            <isExecutionContextTraced>false</isExecutionContextTraced>
            <saveExecutionContext>false</saveExecutionContext>
            <documentation isNull="true" />
            <isErrorHandlerEnabled>false</isErrorHandlerEnabled>
            <errorHandlerItemId isNull="true" />
            <guid>guid:8b0c8ed1dccfb194:-60544698:18f06b936dc:-798c</guid>
            <versionId>ea47d6f1-b045-400b-b775-08446d14f3fe</versionId>
            <externalServiceRef isNull="true" />
            <externalServiceOp isNull="true" />
            <nodeColor isNull="true" />
            <layoutData x="310" y="57">
                <errorLink>
                    <controlPoints />
                    <showEndState>false</showEndState>
                    <showName>false</showName>
                </errorLink>
            </layoutData>
            <TWComponent>
                <lastModified isNull="true" />
                <lastModifiedBy isNull="true" />
                <tenantId isNull="true" />
                <subProcessId>3012.2d6c5417-8e86-4aee-838e-321833f6b9b5</subProcessId>
                <attachedProcessRef>/1.9e4178d9-8b80-4673-892d-62f87a697fb7</attachedProcessRef>
                <guid>guid:90090138-75f4-4e25-a94d-f3876244fe03</guid>
                <versionId>42f85c58-e3aa-4e9e-a943-2f8c06a5c049</versionId>
                <parameterMapping name="Language">
                    <lastModified isNull="true" />
                    <lastModifiedBy isNull="true" />
                    <tenantId isNull="true" />
                    <parameterMappingId>2054.f87ec0d1-ede0-4e96-ac64-71c284a56ea0</parameterMappingId>
                    <processParameterId>2055.3f8a0e98-eb15-4a19-8208-dd0d0154a170</processParameterId>
                    <parameterMappingParentId>3012.2d6c5417-8e86-4aee-838e-321833f6b9b5</parameterMappingParentId>
                    <useDefault>true</useDefault>
                    <value isNull="true" />
                    <classRef>f9bfad03-1cba-408d-921f-41cfbdd4600c/12.db884a3c-c533-44b7-bb2d-47bec8ad4022</classRef>
                    <isList>false</isList>
                    <isInput>true</isInput>
                    <mappingMode isNull="true" />
                    <sourcePath isNull="true" />
                    <targetPath isNull="true" />
                    <guid>guid:f87ec0d1-ede0-4e96-ac64-71c284a56ea0</guid>
                    <versionId>21a01775-bdb8-4d92-bec5-c059cdca9933</versionId>
                    <description isNull="true" />
                </parameterMapping>
                <parameterMapping name="Input">
                    <lastModified isNull="true" />
                    <lastModifiedBy isNull="true" />
                    <tenantId isNull="true" />
                    <parameterMappingId>2054.18f5ca44-c59e-4603-8f19-11709b42ccaa</parameterMappingId>
                    <processParameterId>2055.e68302ca-2746-45f2-b435-5fa5391d0b80</processParameterId>
                    <parameterMappingParentId>3012.2d6c5417-8e86-4aee-838e-321833f6b9b5</parameterMappingParentId>
                    <useDefault>false</useDefault>
                    <value>tw.local.data</value>
                    <classRef>f9bfad03-1cba-408d-921f-41cfbdd4600c/12.db884a3c-c533-44b7-bb2d-47bec8ad4022</classRef>
                    <isList>false</isList>
                    <isInput>true</isInput>
                    <mappingMode isNull="true" />
                    <sourcePath isNull="true" />
                    <targetPath isNull="true" />
                    <guid>guid:18f5ca44-c59e-4603-8f19-11709b42ccaa</guid>
                    <versionId>a780c2e8-10ef-468b-b7d1-96c11bc6efc5</versionId>
                    <description isNull="true" />
                </parameterMapping>
                <parameterMapping name="RemediationSteps">
                    <lastModified isNull="true" />
                    <lastModifiedBy isNull="true" />
                    <tenantId isNull="true" />
                    <parameterMappingId>2054.ec3f43fe-862a-4fbc-ae6e-c2e8616d6f8e</parameterMappingId>
                    <processParameterId>2055.600419e6-583d-4f11-8317-0596b18f2a35</processParameterId>
                    <parameterMappingParentId>3012.2d6c5417-8e86-4aee-838e-321833f6b9b5</parameterMappingParentId>
                    <useDefault>false</useDefault>
                    <value>tw.local.results</value>
                    <classRef>f9bfad03-1cba-408d-921f-41cfbdd4600c/12.db884a3c-c533-44b7-bb2d-47bec8ad4022</classRef>
                    <isList>true</isList>
                    <isInput>false</isInput>
                    <mappingMode isNull="true" />
                    <sourcePath isNull="true" />
                    <targetPath isNull="true" />
                    <guid>guid:ec3f43fe-862a-4fbc-ae6e-c2e8616d6f8e</guid>
                    <versionId>e3005716-2931-4f19-86db-ead72c97ceb1</versionId>
                    <description isNull="true" />
                </parameterMapping>
            </TWComponent>
        </item>
        <startingProcessItemId>2025.54c907f5-7896-4402-86e5-74b50c744404</startingProcessItemId>
        <errorHandlerItemId isNull="true" />
        <layoutData noConversion="true">
            <errorLink>
                <controlPoints />
                <showEndState>false</showEndState>
                <showName>false</showName>
            </errorLink>
        </layoutData>
        <startPoint>
            <layoutData x="25" y="80">
                <errorLink>
                    <controlPoints />
                    <showEndState>false</showEndState>
                    <showName>false</showName>
                </errorLink>
            </layoutData>
        </startPoint>
        <startLink>
            <fromPort locationId="rightCenter" portType="1" />
            <toPort locationId="leftCenter" portType="2" />
            <layoutData>
                <controlPoints />
                <showEndState>false</showEndState>
                <showName>false</showName>
            </layoutData>
        </startLink>
        <bpmn2Model>
            <ns16:definitions xmlns:ns16="http://www.omg.org/spec/BPMN/20100524/MODEL" xmlns:ns2="http://www.ibm.com/xmlns/prod/bpm/bpmn/ext/process" xmlns:ns3="http://www.ibm.com/xmlns/prod/bpm/bpmn/ext/process/wle" xmlns:ns4="http://www.ibm.com/xmlns/prod/bpm/bpmn/ext/process/case" xmlns:ns5="http://www.ibm.com/bpm/Extensions" xmlns:ns6="http://www.ibm.com/xmlns/prod/bpm/uca" xmlns:ns7="http://www.ibm.com/xmlns/prod/bpm/bpmn/ext/team" xmlns:ns8="http://www.ibm.com/xmlns/prod/bpm/bpmn/ext/trackinggroup" xmlns:ns9="http://www.ibm.com/xmlns/bpmnx/20100524/v1/BusinessVocabulary" xmlns:ns10="http://www.omg.org/spec/DD/20100524/DI" xmlns:ns11="http://www.omg.org/spec/DD/20100524/DC" xmlns:ns12="http://www.omg.org/spec/BPMN/20100524/BPMNDI" xmlns:ns13="http://www.ibm.com/xmlns/prod/bpm/graph" xmlns:ns14="http://www.ibm.com/xmlns/prod/bpm/bpmn/ext/process/auth" xmlns:ns15="http://www.ibm.com/xmlns/prod/bpm/bpmn/ext/extservice" xmlns:ns17="http://www.ibm.com/bpm/processappsettings" xmlns:ns18="http://www.ibm.com/xmlns/links" xmlns:ns19="http://www.ibm.com/bpm/CoachDesignerNG" xmlns:ns20="http://www.ibm.com/xmlns/tagging" xmlns:ns21="http://www.ibm.com/bpm/uitheme" xmlns:ns22="http://www.ibm.com/bpm/coachview" targetNamespace="" expressionLanguage="http://www.ibm.com/xmlns/prod/bpm/expression-lang/javascript" typeLanguage="http://www.w3.org/2001/XMLSchema">
                <ns16:process name="Remediation List Service" id="1.e7bae786-9235-472d-96aa-2578308c788f" ns2:executionMode="microflow">
                    <ns16:documentation textFormat="text/plain" />
                    <ns16:extensionElements>
                        <ns2:isTransactionalFlow>false</ns2:isTransactionalFlow>
                        <ns2:sboSyncEnabled>true</ns2:sboSyncEnabled>
                        <ns2:isInvokedAsynchronously>false</ns2:isInvokedAsynchronously>
                        <ns2:isSecured>false</ns2:isSecured>
                        <ns2:isAjaxExposed>true</ns2:isAjaxExposed>
                        <ns2:cachingType>true</ns2:cachingType>
                        <ns2:cacheLength>43200</ns2:cacheLength>
                    </ns16:extensionElements>
                    <ns16:ioSpecification>
                        <ns16:dataInput name="data" itemSubjectRef="itm.12.c09c9b6e-aabd-4897-bef2-ed61db106297" isCollection="false" id="2055.afd7b17f-c7e4-47fb-8a36-f6c467138555" />
                        <ns16:dataOutput name="results" itemSubjectRef="itm.12.c09c9b6e-aabd-4897-bef2-ed61db106297" isCollection="true" id="2055.9c2155e2-27fc-47b9-83d2-d23021dc174b" />
                        <ns16:inputSet />
                        <ns16:outputSet />
                    </ns16:ioSpecification>
                    <ns16:laneSet id="50ad207c-88c3-4e95-8d07-f00a944e7583">
                        <ns16:lane name="System" partitionElementRef="24.6fd38d02-81cf-48ab-bd42-8ff4c0a1628b" id="0a4cfe86-8b02-442a-8986-7571a5aa3c2e" ns3:isSystemLane="true">
                            <ns16:extensionElements>
                                <ns13:nodeVisualInfo x="0" y="0" width="3000" height="500" color="#F8F8F8" />
                            </ns16:extensionElements>
                            <ns16:flowNodeRef>4ad503ad-6f66-4300-8b95-d21c9a54b9bd</ns16:flowNodeRef>
                            <ns16:flowNodeRef>289bf732-39c6-4f16-881c-12d2584f3833</ns16:flowNodeRef>
                            <ns16:flowNodeRef>54c907f5-7896-4402-86e5-74b50c744404</ns16:flowNodeRef>
                        </ns16:lane>
                    </ns16:laneSet>
                    <ns16:startEvent isInterrupting="false" parallelMultiple="false" name="Start" id="4ad503ad-6f66-4300-8b95-d21c9a54b9bd">
                        <ns16:extensionElements>
                            <ns13:nodeVisualInfo x="25" y="80" width="24" height="24" color="#F8F8F8" />
                        </ns16:extensionElements>
                        <ns16:outgoing>2027.a198cd03-df0d-4e4d-8fbc-7d421b2bc237</ns16:outgoing>
                    </ns16:startEvent>
                    <ns16:endEvent name="End" id="289bf732-39c6-4f16-881c-12d2584f3833">
                        <ns16:extensionElements>
                            <ns13:nodeVisualInfo x="650" y="80" width="24" height="24" color="#F8F8F8" />
                            <ns3:saveExecutionContext>true</ns3:saveExecutionContext>
                            <ns2:endStateId>guid:8b0c8ed1dccfb194:-60544698:18f06b936dc:-798e</ns2:endStateId>
                        </ns16:extensionElements>
                        <ns16:incoming>e9f6e926-04b4-43c2-8ce4-fdc347e5129f</ns16:incoming>
                    </ns16:endEvent>
                    <ns16:sequenceFlow sourceRef="4ad503ad-6f66-4300-8b95-d21c9a54b9bd" targetRef="54c907f5-7896-4402-86e5-74b50c744404" name="To Remediation" id="2027.a198cd03-df0d-4e4d-8fbc-7d421b2bc237">
                        <ns16:extensionElements>
                            <ns13:linkVisualInfo>
                                <ns13:sourcePortLocation>rightCenter</ns13:sourcePortLocation>
                                <ns13:targetPortLocation>leftCenter</ns13:targetPortLocation>
                                <ns13:showLabel>false</ns13:showLabel>
                                <ns13:showCoachControlLabel>false</ns13:showCoachControlLabel>
                                <ns13:labelPosition>0.0</ns13:labelPosition>
                                <ns13:saveExecutionContext>false</ns13:saveExecutionContext>
                            </ns13:linkVisualInfo>
                        </ns16:extensionElements>
                    </ns16:sequenceFlow>
                    <ns16:callActivity calledElement="1.9e4178d9-8b80-4673-892d-62f87a697fb7" isForCompensation="false" startQuantity="1" completionQuantity="1" name="Remediation" id="54c907f5-7896-4402-86e5-74b50c744404">
                        <ns16:extensionElements>
                            <ns13:nodeVisualInfo x="310" y="57" width="95" height="70" />
                            <ns3:activityType>CalledProcess</ns3:activityType>
                        </ns16:extensionElements>
                        <ns16:incoming>2027.a198cd03-df0d-4e4d-8fbc-7d421b2bc237</ns16:incoming>
                        <ns16:outgoing>e9f6e926-04b4-43c2-8ce4-fdc347e5129f</ns16:outgoing>
                        <ns16:dataInputAssociation>
                            <ns16:targetRef>2055.e68302ca-2746-45f2-b435-5fa5391d0b80</ns16:targetRef>
                            <ns16:assignment>
                                <ns16:from xmlns:xsi="http://www.w3.org/2001/XMLSchema-instance" xsi:type="ns16:tFormalExpression" evaluatesToTypeRef="itm.12.c09c9b6e-aabd-4897-bef2-ed61db106297">tw.local.data</ns16:from>
                            </ns16:assignment>
                        </ns16:dataInputAssociation>
                        <ns16:dataOutputAssociation>
                            <ns16:sourceRef>2055.600419e6-583d-4f11-8317-0596b18f2a35</ns16:sourceRef>
                            <ns16:assignment>
                                <ns16:to xmlns:xsi="http://www.w3.org/2001/XMLSchema-instance" xsi:type="ns16:tFormalExpression" evaluatesToTypeRef="itm.12.c09c9b6e-aabd-4897-bef2-ed61db106297">tw.local.results</ns16:to>
                            </ns16:assignment>
                        </ns16:dataOutputAssociation>
                    </ns16:callActivity>
                    <ns16:sequenceFlow sourceRef="54c907f5-7896-4402-86e5-74b50c744404" targetRef="289bf732-39c6-4f16-881c-12d2584f3833" name="To End" id="e9f6e926-04b4-43c2-8ce4-fdc347e5129f">
                        <ns16:extensionElements>
                            <ns2:sequenceFlowImplementation sboSyncEnabled="true" />
                            <ns13:linkVisualInfo>
                                <ns13:sourcePortLocation>rightCenter</ns13:sourcePortLocation>
                                <ns13:targetPortLocation>leftCenter</ns13:targetPortLocation>
                                <ns13:showLabel>false</ns13:showLabel>
                                <ns13:showCoachControlLabel>false</ns13:showCoachControlLabel>
                                <ns13:labelPosition>0.0</ns13:labelPosition>
                                <ns13:saveExecutionContext>true</ns13:saveExecutionContext>
                            </ns13:linkVisualInfo>
                            <ns2:endStateId>guid:8b0c8ed1dccfb194:-60544698:18f06b936dc:-7bd2</ns2:endStateId>
                        </ns16:extensionElements>
                    </ns16:sequenceFlow>
                </ns16:process>
            </ns16:definitions>
        </bpmn2Model>
        <link name="To End">
            <lastModified isNull="true" />
            <lastModifiedBy isNull="true" />
            <tenantId isNull="true" />
            <processLinkId>2027.e9f6e926-04b4-43c2-8ce4-fdc347e5129f</processLinkId>
            <processId>1.e7bae786-9235-472d-96aa-2578308c788f</processId>
            <description isNull="true" />
            <fromProcessItemId>2025.54c907f5-7896-4402-86e5-74b50c744404</fromProcessItemId>
            <endStateId>guid:8b0c8ed1dccfb194:-60544698:18f06b936dc:-7bd2</endStateId>
            <toProcessItemId>2025.289bf732-39c6-4f16-881c-12d2584f3833</toProcessItemId>
            <guid>guid:d60091cb-26d0-458a-b778-583cddfb21dc</guid>
            <versionId>49fec194-d380-4b05-a794-12ae0049fd38</versionId>
            <layoutData>
                <controlPoints />
                <showEndState>false</showEndState>
                <showName>false</showName>
            </layoutData>
            <fromItemPort locationId="rightCenter" portType="1" />
            <toItemPort locationId="leftCenter" portType="2" />
            <fromProcessItemId>2025.54c907f5-7896-4402-86e5-74b50c744404</fromProcessItemId>
            <toProcessItemId>2025.289bf732-39c6-4f16-881c-12d2584f3833</toProcessItemId>
        </link>
    </process>
</teamworks>

