<?xml version="1.0" encoding="UTF-8"?>
<teamworks>
    <process id="1.e8f71624-1eb3-4019-85be-31a7a0cd5689" name="Send Doc To Signature">
        <lastModified>1718733152329</lastModified>
        <lastModifiedBy>cp4admin</lastModifiedBy>
        <tenantId isNull="true" />
        <processId>1.e8f71624-1eb3-4019-85be-31a7a0cd5689</processId>
        <image isNull="true" />
        <tabGroup isNull="true" />
        <startingProcessItemId>2025.a0a61b8f-dfdf-4932-a62d-b9b9cfb87748</startingProcessItemId>
        <isRootProcess>false</isRootProcess>
        <processType>12</processType>
        <isErrorHandlerEnabled>false</isErrorHandlerEnabled>
        <errorHandlerItemId isNull="true" />
        <isLoggingVariables>false</isLoggingVariables>
        <isTransactional>false</isTransactional>
        <processTimingLevel isNull="true" />
        <participantRef isNull="true" />
        <exposedType>0</exposedType>
        <isTrackingEnabled>true</isTrackingEnabled>
        <xmlData isNull="true" />
        <cachingType>false</cachingType>
        <itemLabel isNull="true" />
        <cacheLength>0</cacheLength>
        <mobileReady>false</mobileReady>
        <sboSyncEnabled>true</sboSyncEnabled>
        <externalId isNull="true" />
        <isSecured>true</isSecured>
        <isAjaxExposed>true</isAjaxExposed>
        <isInvokedAsynchronously>false</isInvokedAsynchronously>
        <isTransactionalFlow>false</isTransactionalFlow>
        <description isNull="true" />
        <guid>17a97cf0-b4f1-4820-bee5-443b3b3ea075</guid>
        <versionId>168a0469-f4f1-4495-9a2a-984e557f6842</versionId>
        <dependencySummary>&lt;dependencySummary id="bpdid:5733966303c98ceb:54e7d30:18fe44fdd7b:-5166" /&gt;</dependencySummary>
        <jsonData>{"rootElement":[{"flowElement":[{"parallelMultiple":false,"outgoing":["2027.341373dc-7d5a-4966-9ea1-0c6fda53415a"],"isInterrupting":false,"extensionElements":{"nodeVisualInfo":[{"color":"#F8F8F8","width":24,"x":25,"y":80,"declaredType":"TNodeVisualInfo","height":24}]},"name":"Start","declaredType":"startEvent","id":"25aa8c19-5234-49ce-ab22-f842aaca185c"},{"incoming":["277c8914-ee6b-4a71-9247-ed8cd49772ba"],"extensionElements":{"nodeVisualInfo":[{"color":"#F8F8F8","width":24,"x":1008,"y":79,"declaredType":"TNodeVisualInfo","height":24}],"endStateId":["guid:5733966303c98ceb:54e7d30:18fe44fdd7b:-5626"],"saveExecutionContext":[true]},"name":"End","declaredType":"endEvent","id":"ad07d935-97b6-4627-9b5d-d884c4447007"},{"targetRef":"a0a61b8f-dfdf-4932-a62d-b9b9cfb87748","extensionElements":{"linkVisualInfo":[{"sourcePortLocation":"rightCenter","showCoachControlLabel":false,"labelPosition":0.0,"targetPortLocation":"leftCenter","declaredType":"TLinkVisualInfo","saveExecutionContext":false,"showLabel":false}]},"name":"To get composed documents","declaredType":"sequenceFlow","id":"2027.341373dc-7d5a-4966-9ea1-0c6fda53415a","sourceRef":"25aa8c19-5234-49ce-ab22-f842aaca185c"},{"outgoing":["85c5b4d9-dc2d-4446-87ea-555e3206e0c1"],"incoming":["2027.341373dc-7d5a-4966-9ea1-0c6fda53415a"],"matchAllSearchCriteria":true,"extensionElements":{"nodeVisualInfo":[{"width":95,"x":144,"y":56,"declaredType":"TNodeVisualInfo","height":70}],"activityType":["ContentTask"]},"operationRef":"DOC_OP_GET_DOCUMENT_CONTENT","implementation":"##WebService","serverName":"IBM_TargetObjectStore","declaredType":"com.ibm.bpmsdk.model.bpmn20.ibmwleext.TContentTask","startQuantity":1,"name":"get composed documents","dataInputAssociation":[{"targetRef":"DOCUMENT_ID","assignment":[{"from":{"evaluatesToTypeRef":"itm.12.3212d5b3-f692-41b3-a893-343dc5c3df01","declaredType":"TFormalExpression","content":["tw.local.documentId"]}}]}],"isForCompensation":false,"useMappedVariable":true,"completionQuantity":1,"id":"a0a61b8f-dfdf-4932-a62d-b9b9cfb87748","dataOutputAssociation":[{"assignment":[{"to":{"evaluatesToTypeRef":"itm.12.918ac73f-6d4a-415e-ad3d-72dfa1b01abf","declaredType":"TFormalExpression","content":["tw.local.contentStream"]}}],"sourceRef":["CONTENT_STREAM"]}],"orderOverride":false},{"targetRef":"31a5779f-9328-49f4-b488-7a4eb6a25ce4","extensionElements":{"sequenceFlowImplementation":[{"fireValidation":"Never","sboSyncEnabled":true,"declaredType":"com.ibm.bpmsdk.model.bpmn20.ibmext.TSequenceFlowImplementation"}],"linkVisualInfo":[{"sourcePortLocation":"rightCenter","showCoachControlLabel":false,"labelPosition":0.0,"targetPortLocation":"leftCenter","declaredType":"TLinkVisualInfo","saveExecutionContext":true,"showLabel":false}]},"name":"To Send Signature","declaredType":"sequenceFlow","id":"85c5b4d9-dc2d-4446-87ea-555e3206e0c1","sourceRef":"a0a61b8f-dfdf-4932-a62d-b9b9cfb87748"},{"itemSubjectRef":"itm.12.918ac73f-6d4a-415e-ad3d-72dfa1b01abf","name":"contentStream","isCollection":false,"declaredType":"dataObject","id":"2056.54de40cd-3719-457d-9c53-e830d5e35abf"},{"startQuantity":1,"outgoing":["277c8914-ee6b-4a71-9247-ed8cd49772ba"],"incoming":["a1dc88db-1184-4bcc-a9cb-95479871d758"],"extensionElements":{"nodeVisualInfo":[{"width":95,"x":521,"y":56,"declaredType":"TNodeVisualInfo","height":70}],"activityType":["CalledProcess"]},"name":"send Doc","dataInputAssociation":[{"targetRef":"2055.a6158163-503e-4a56-8b10-7bba1962b4c4","assignment":[{"from":{"evaluatesToTypeRef":"itm.12.df1f0edb-b39f-441c-8648-78db29c23c07","declaredType":"TFormalExpression","content":["tw.local.docuSign"]}}]}],"isForCompensation":false,"completionQuantity":1,"declaredType":"callActivity","id":"db22edb7-7fab-440f-8655-780522575110","dataOutputAssociation":[{"assignment":[{"to":{"evaluatesToTypeRef":"itm.12.db884a3c-c533-44b7-bb2d-47bec8ad4022","declaredType":"TFormalExpression","content":["tw.local.envelopId"]}}],"sourceRef":["2055.de406d32-4d86-4b97-8854-ea376201294f"]}],"calledElement":"1.23c58528-1def-42d3-8f2f-e6e4193efb3e"},{"targetRef":"ad07d935-97b6-4627-9b5d-d884c4447007","extensionElements":{"sequenceFlowImplementation":[{"fireValidation":"Never","sboSyncEnabled":true,"declaredType":"com.ibm.bpmsdk.model.bpmn20.ibmext.TSequenceFlowImplementation"}],"endStateId":["guid:6105c5a3a0c6df7e:7f652a7c:186854221a1:-4e82"],"linkVisualInfo":[{"sourcePortLocation":"rightCenter","showCoachControlLabel":false,"labelPosition":0.0,"targetPortLocation":"leftCenter","declaredType":"TLinkVisualInfo","saveExecutionContext":true,"showLabel":false}]},"name":"To End","declaredType":"sequenceFlow","id":"277c8914-ee6b-4a71-9247-ed8cd49772ba","sourceRef":"db22edb7-7fab-440f-8655-780522575110"},{"extensionElements":{"defaultValue":[{"declaredType":"com.ibm.bpmsdk.model.bpmn20.ibmext.TDefaultValue","useDefault":true,"value":"var autoObject = new tw.object.toolkit.TMJ.MultiDocuSignRequest();\nautoObject.signerInfos = new tw.object.listOf.toolkit.TMJ.Signer();\nautoObject.ccSignerInfos = new tw.object.listOf.toolkit.TMJ.Signer();\nautoObject.template = \"\";\nautoObject.subject = \"\";\nautoObject.message = \"\";\nautoObject.docs = new tw.object.listOf.toolkit.TMJ.DocInfo();\nautoObject"}]},"itemSubjectRef":"itm.12.96d94dca-68b5-4349-905e-bbf82fde599e","name":"multidocs","isCollection":false,"declaredType":"dataObject","id":"2056.c02beef9-1dbf-44e5-b171-8d5207f4c0ee"},{"startQuantity":1,"outgoing":["a1dc88db-1184-4bcc-a9cb-95479871d758"],"incoming":["85c5b4d9-dc2d-4446-87ea-555e3206e0c1"],"extensionElements":{"nodeVisualInfo":[{"width":95,"x":317,"y":56,"declaredType":"TNodeVisualInfo","height":70}]},"name":"Prepare Information","isForCompensation":false,"completionQuantity":1,"declaredType":"scriptTask","id":"31a5779f-9328-49f4-b488-7a4eb6a25ce4","scriptFormat":"text\/x-javascript","script":{"content":["tw.local.docuSign.doc=new tw.object.toolkit.TMJ.DocInfo();\ntw.local.docuSign.doc.binary= tw.local.contentStream.content;\ntw.local.docuSign.doc.name=tw.local.contentStream.fileName;\ntw.local.docuSign.doc.extension=\"docx\";\n\/\/tw.system.currentProcessInstance.parentCase.addCommentToCase(\"Send document to signature\");"]}},{"targetRef":"db22edb7-7fab-440f-8655-780522575110","extensionElements":{"linkVisualInfo":[{"sourcePortLocation":"rightCenter","showCoachControlLabel":false,"labelPosition":0.0,"targetPortLocation":"leftCenter","declaredType":"TLinkVisualInfo","saveExecutionContext":false,"showLabel":false}]},"name":"To send Doc","declaredType":"sequenceFlow","id":"a1dc88db-1184-4bcc-a9cb-95479871d758","sourceRef":"31a5779f-9328-49f4-b488-7a4eb6a25ce4"},{"extensionElements":{"defaultValue":[{"declaredType":"com.ibm.bpmsdk.model.bpmn20.ibmext.TDefaultValue","useDefault":true,"value":"var autoObject = new tw.object.listOf.toolkit.TMJ.DocInfo();\nautoObject"}]},"itemSubjectRef":"itm.12.e314b04f-5c45-46b3-9767-b669bb3a3132","name":"docs","isCollection":true,"declaredType":"dataObject","id":"2056.c3a086d8-4885-4603-b5ba-596cb1c7975b"}],"laneSet":[{"id":"7b746dc5-d138-46a8-9b96-fe24150aae24","lane":[{"flowNodeRef":["25aa8c19-5234-49ce-ab22-f842aaca185c","ad07d935-97b6-4627-9b5d-d884c4447007","a0a61b8f-dfdf-4932-a62d-b9b9cfb87748","db22edb7-7fab-440f-8655-780522575110","31a5779f-9328-49f4-b488-7a4eb6a25ce4"],"extensionElements":{"nodeVisualInfo":[{"color":"#F8F8F8","width":3000,"x":0,"y":0,"declaredType":"TNodeVisualInfo","height":197}]},"name":"System","partitionElementRef":"24.6fd38d02-81cf-48ab-bd42-8ff4c0a1628b","declaredType":"lane","id":"b7fec5a0-7669-472b-8837-5e206f59ebba","otherAttributes":{"{http:\/\/www.ibm.com\/xmlns\/prod\/bpm\/bpmn\/ext\/process\/wle}isSystemLane":"true"}}]}],"isClosed":false,"extensionElements":{"isSecured":[true],"isAjaxExposed":[true],"sboSyncEnabled":[true],"isInvokedAsynchronously":[false]},"documentation":[{"textFormat":"text\/plain"}],"name":"Send Doc To Signature","declaredType":"process","id":"1.e8f71624-1eb3-4019-85be-31a7a0cd5689","processType":"None","otherAttributes":{"{http:\/\/www.ibm.com\/xmlns\/prod\/bpm\/bpmn\/ext\/process}executionMode":"microflow"},"ioSpecification":{"dataOutput":[{"itemSubjectRef":"itm.12.db884a3c-c533-44b7-bb2d-47bec8ad4022","name":"envelopId","isCollection":false,"id":"2055.fa1bd153-6538-45d2-81c1-b4b1b6468921"}],"inputSet":[{"dataInputRefs":["2055.a23cc243-ef31-4599-8004-8891a0bcf170","2055.b3ea1270-94b7-4e10-85a0-a01c83cfb599","2055.6e2ccddd-d9c2-4296-97b8-d02ec0610f58","2055.e4e6e790-e575-46ae-ab62-4ea6e69d3920"]}],"outputSet":[{"dataOutputRefs":["2055.fa1bd153-6538-45d2-81c1-b4b1b6468921"]}],"dataInput":[{"extensionElements":{"defaultValue":[{"declaredType":"com.ibm.bpmsdk.model.bpmn20.ibmext.TDefaultValue","useDefault":true,"value":"\"idd_902C7710-0000-C1A1-AA7F-D53977F09609\""}]},"itemSubjectRef":"itm.12.3212d5b3-f692-41b3-a893-343dc5c3df01","name":"documentId","isCollection":false,"id":"2055.a23cc243-ef31-4599-8004-8891a0bcf170"},{"extensionElements":{"defaultValue":[{"declaredType":"com.ibm.bpmsdk.model.bpmn20.ibmext.TDefaultValue","useDefault":true,"value":"var autoObject = new tw.object.toolkit.TMJ.DocuSignRequest();\nautoObject.signerInfos = new tw.object.listOf.toolkit.TMJ.Signer();\nautoObject.signerInfos[0]= new tw.object.Signer();\nautoObject.signerInfos[0].name=\"malek Jabri\";\nautoObject.signerInfos[0].email=\"malek@jabri.eu\";\nautoObject.ccSignerInfos = new tw.object.listOf.toolkit.TMJ.Signer();\nautoObject.template = \"a3891cbf-0ff8-4a99-acc1-8698a2948dd0\";\nautoObject.subject = \"Expert Document Signature Request\";\nautoObject.message = \"Expert Request Signature\";\nautoObject.doc = new tw.object.toolkit.TMJ.DocInfo();\nautoObject"}]},"itemSubjectRef":"itm.12.e71629b6-24b5-4e30-a3d8-2b72448ac98a","name":"docuSign","isCollection":false,"id":"2055.b3ea1270-94b7-4e10-85a0-a01c83cfb599"},{"extensionElements":{"defaultValue":[{"declaredType":"com.ibm.bpmsdk.model.bpmn20.ibmext.TDefaultValue","useDefault":true,"value":"false"}]},"itemSubjectRef":"itm.12.83ff975e-8dbc-42e5-b738-fa8bc08274a2","name":"addDocs","isCollection":false,"id":"2055.6e2ccddd-d9c2-4296-97b8-d02ec0610f58"},{"extensionElements":{"defaultValue":[{"declaredType":"com.ibm.bpmsdk.model.bpmn20.ibmext.TDefaultValue","useDefault":true,"value":"\"{902C7560-0000-C252-8B01-A2C1213D2D04}\""}]},"itemSubjectRef":"itm.12.db884a3c-c533-44b7-bb2d-47bec8ad4022","name":"folderID","isCollection":false,"id":"2055.e4e6e790-e575-46ae-ab62-4ea6e69d3920"}]}}],"targetNamespace":"","typeLanguage":"http:\/\/www.w3.org\/2001\/XMLSchema","expressionLanguage":"http:\/\/www.ibm.com\/xmlns\/prod\/bpm\/expression-lang\/javascript"}</jsonData>
        <field1 isNull="true" />
        <field2 isNull="true" />
        <field3>0</field3>
        <field4 isNull="true" />
        <field5>false</field5>
        <clobField1 isNull="true" />
        <blobField1 isNull="true" />
        <processParameter name="documentId">
            <lastModified isNull="true" />
            <lastModifiedBy isNull="true" />
            <tenantId isNull="true" />
            <processParameterId>2055.a23cc243-ef31-4599-8004-8891a0bcf170</processParameterId>
            <processId>1.e8f71624-1eb3-4019-85be-31a7a0cd5689</processId>
            <parameterType>1</parameterType>
            <isArrayOf>false</isArrayOf>
            <classId>eb06c578-2751-4f88-8d83-11ae81f27089/12.3212d5b3-f692-41b3-a893-343dc5c3df01</classId>
            <seq>1</seq>
            <hasDefault>true</hasDefault>
            <defaultValue>"idd_902C7710-0000-C1A1-AA7F-D53977F09609"</defaultValue>
            <isLocked>false</isLocked>
            <description isNull="true" />
            <guid>9718a4c2-ea45-4bf1-940d-413ee0fc36d4</guid>
            <versionId>b69cb31f-04b0-43d0-87ad-2e6beeb67039</versionId>
        </processParameter>
        <processParameter name="docuSign">
            <lastModified isNull="true" />
            <lastModifiedBy isNull="true" />
            <tenantId isNull="true" />
            <processParameterId>2055.b3ea1270-94b7-4e10-85a0-a01c83cfb599</processParameterId>
            <processId>1.e8f71624-1eb3-4019-85be-31a7a0cd5689</processId>
            <parameterType>1</parameterType>
            <isArrayOf>false</isArrayOf>
            <classId>a5f8825a-6726-48a3-86dc-d78b09778a38/12.e71629b6-24b5-4e30-a3d8-2b72448ac98a</classId>
            <seq>2</seq>
            <hasDefault>true</hasDefault>
            <defaultValue>var autoObject = new tw.object.toolkit.TMJ.DocuSignRequest();
autoObject.signerInfos = new tw.object.listOf.toolkit.TMJ.Signer();
autoObject.signerInfos[0]= new tw.object.Signer();
autoObject.signerInfos[0].name="malek Jabri";
autoObject.signerInfos[0].email="malek@jabri.eu";
autoObject.ccSignerInfos = new tw.object.listOf.toolkit.TMJ.Signer();
autoObject.template = "a3891cbf-0ff8-4a99-acc1-8698a2948dd0";
autoObject.subject = "Expert Document Signature Request";
autoObject.message = "Expert Request Signature";
autoObject.doc = new tw.object.toolkit.TMJ.DocInfo();
autoObject</defaultValue>
            <isLocked>false</isLocked>
            <description isNull="true" />
            <guid>48c187f2-ecd1-4155-a4f5-3e4eed0ad599</guid>
            <versionId>642aa178-7c1c-4590-abc3-f2a31444df6e</versionId>
        </processParameter>
        <processParameter name="addDocs">
            <lastModified isNull="true" />
            <lastModifiedBy isNull="true" />
            <tenantId isNull="true" />
            <processParameterId>2055.6e2ccddd-d9c2-4296-97b8-d02ec0610f58</processParameterId>
            <processId>1.e8f71624-1eb3-4019-85be-31a7a0cd5689</processId>
            <parameterType>1</parameterType>
            <isArrayOf>false</isArrayOf>
            <classId>f9bfad03-1cba-408d-921f-41cfbdd4600c/12.83ff975e-8dbc-42e5-b738-fa8bc08274a2</classId>
            <seq>3</seq>
            <hasDefault>true</hasDefault>
            <defaultValue>false</defaultValue>
            <isLocked>false</isLocked>
            <description isNull="true" />
            <guid>c427f6ba-4e56-4ea0-a10c-8f435538835c</guid>
            <versionId>6fd5f59b-4c3c-4f9e-9e08-e8f073dd1700</versionId>
        </processParameter>
        <processParameter name="folderID">
            <lastModified isNull="true" />
            <lastModifiedBy isNull="true" />
            <tenantId isNull="true" />
            <processParameterId>2055.e4e6e790-e575-46ae-ab62-4ea6e69d3920</processParameterId>
            <processId>1.e8f71624-1eb3-4019-85be-31a7a0cd5689</processId>
            <parameterType>1</parameterType>
            <isArrayOf>false</isArrayOf>
            <classId>f9bfad03-1cba-408d-921f-41cfbdd4600c/12.db884a3c-c533-44b7-bb2d-47bec8ad4022</classId>
            <seq>4</seq>
            <hasDefault>true</hasDefault>
            <defaultValue>"{902C7560-0000-C252-8B01-A2C1213D2D04}"</defaultValue>
            <isLocked>false</isLocked>
            <description isNull="true" />
            <guid>78ee7e76-fae4-4003-aff2-e8fda3a10d05</guid>
            <versionId>73a57386-56a1-4b6b-9108-5e2f224f42a4</versionId>
        </processParameter>
        <processParameter name="envelopId">
            <lastModified isNull="true" />
            <lastModifiedBy isNull="true" />
            <tenantId isNull="true" />
            <processParameterId>2055.fa1bd153-6538-45d2-81c1-b4b1b6468921</processParameterId>
            <processId>1.e8f71624-1eb3-4019-85be-31a7a0cd5689</processId>
            <parameterType>2</parameterType>
            <isArrayOf>false</isArrayOf>
            <classId>f9bfad03-1cba-408d-921f-41cfbdd4600c/12.db884a3c-c533-44b7-bb2d-47bec8ad4022</classId>
            <seq>5</seq>
            <hasDefault>false</hasDefault>
            <defaultValue isNull="true" />
            <isLocked>false</isLocked>
            <description isNull="true" />
            <guid>6caca3bc-547c-4fb9-8fe0-c016831aa55f</guid>
            <versionId>689da4cc-5d4d-46ba-b3e5-e051af71c480</versionId>
        </processParameter>
        <processParameter name="ECMError">
            <lastModified isNull="true" />
            <lastModifiedBy isNull="true" />
            <tenantId isNull="true" />
            <processParameterId>2055.62ca8fa0-282a-4f68-9205-35e023bc7346</processParameterId>
            <processId>1.e8f71624-1eb3-4019-85be-31a7a0cd5689</processId>
            <parameterType>3</parameterType>
            <isArrayOf>false</isArrayOf>
            <classId>eb06c578-2751-4f88-8d83-11ae81f27089/12.bfb48b9b-8247-49fb-8f78-82b738b817a6</classId>
            <seq>45</seq>
            <hasDefault>false</hasDefault>
            <defaultValue>ECMError</defaultValue>
            <isLocked>false</isLocked>
            <description isNull="true" />
            <guid>guid:62ca8fa0-282a-4f68-9205-35e023bc7346</guid>
            <versionId>80247d67-9ae9-4da5-9da1-8295195e3906</versionId>
        </processParameter>
        <processVariable name="contentStream">
            <lastModified isNull="true" />
            <lastModifiedBy isNull="true" />
            <tenantId isNull="true" />
            <processVariableId>2056.54de40cd-3719-457d-9c53-e830d5e35abf</processVariableId>
            <description isNull="true" />
            <processId>1.e8f71624-1eb3-4019-85be-31a7a0cd5689</processId>
            <namespace>2</namespace>
            <seq>1</seq>
            <isArrayOf>false</isArrayOf>
            <isTransient>false</isTransient>
            <classId>eb06c578-2751-4f88-8d83-11ae81f27089/12.918ac73f-6d4a-415e-ad3d-72dfa1b01abf</classId>
            <hasDefault>false</hasDefault>
            <defaultValue isNull="true" />
            <guid>d9af7def-24bd-4718-9500-a8b0eed76ac2</guid>
            <versionId>c9db154d-e82d-4faf-8a8c-c245fdd7664d</versionId>
        </processVariable>
        <processVariable name="multidocs">
            <lastModified isNull="true" />
            <lastModifiedBy isNull="true" />
            <tenantId isNull="true" />
            <processVariableId>2056.c02beef9-1dbf-44e5-b171-8d5207f4c0ee</processVariableId>
            <description isNull="true" />
            <processId>1.e8f71624-1eb3-4019-85be-31a7a0cd5689</processId>
            <namespace>2</namespace>
            <seq>2</seq>
            <isArrayOf>false</isArrayOf>
            <isTransient>false</isTransient>
            <classId>a5f8825a-6726-48a3-86dc-d78b09778a38/12.96d94dca-68b5-4349-905e-bbf82fde599e</classId>
            <hasDefault>true</hasDefault>
            <defaultValue>var autoObject = new tw.object.toolkit.TMJ.MultiDocuSignRequest();
autoObject.signerInfos = new tw.object.listOf.toolkit.TMJ.Signer();
autoObject.ccSignerInfos = new tw.object.listOf.toolkit.TMJ.Signer();
autoObject.template = "";
autoObject.subject = "";
autoObject.message = "";
autoObject.docs = new tw.object.listOf.toolkit.TMJ.DocInfo();
autoObject</defaultValue>
            <guid>10e9aca6-8001-456e-964b-72282a80d1e5</guid>
            <versionId>07af519c-4e08-4936-935c-c9d71da512d0</versionId>
        </processVariable>
        <processVariable name="docs">
            <lastModified isNull="true" />
            <lastModifiedBy isNull="true" />
            <tenantId isNull="true" />
            <processVariableId>2056.c3a086d8-4885-4603-b5ba-596cb1c7975b</processVariableId>
            <description isNull="true" />
            <processId>1.e8f71624-1eb3-4019-85be-31a7a0cd5689</processId>
            <namespace>2</namespace>
            <seq>3</seq>
            <isArrayOf>true</isArrayOf>
            <isTransient>false</isTransient>
            <classId>a5f8825a-6726-48a3-86dc-d78b09778a38/12.e314b04f-5c45-46b3-9767-b669bb3a3132</classId>
            <hasDefault>true</hasDefault>
            <defaultValue>var autoObject = new tw.object.listOf.toolkit.TMJ.DocInfo();
autoObject</defaultValue>
            <guid>de8ac852-c4d0-4258-8254-2d45a74d5b58</guid>
            <versionId>0eca9ae2-f650-4f68-a53f-df5a076a21c7</versionId>
        </processVariable>
        <item>
            <lastModified isNull="true" />
            <lastModifiedBy isNull="true" />
            <tenantId isNull="true" />
            <processItemId>2025.ad07d935-97b6-4627-9b5d-d884c4447007</processItemId>
            <processId>1.e8f71624-1eb3-4019-85be-31a7a0cd5689</processId>
            <name>End</name>
            <tWComponentName>ExitPoint</tWComponentName>
            <tWComponentId>3008.1fc2dacd-e43a-4d03-897e-937fbd21e599</tWComponentId>
            <isLogEnabled>false</isLogEnabled>
            <isTraceEnabled>false</isTraceEnabled>
            <traceCategory isNull="true" />
            <traceLevel isNull="true" />
            <traceMessage isNull="true" />
            <traceSymbolTable isNull="true" />
            <isExecutionContextTraced>false</isExecutionContextTraced>
            <saveExecutionContext>true</saveExecutionContext>
            <documentation isNull="true" />
            <isErrorHandlerEnabled>false</isErrorHandlerEnabled>
            <errorHandlerItemId isNull="true" />
            <guid>guid:5733966303c98ceb:54e7d30:18fe44fdd7b:-5626</guid>
            <versionId>0a57b03c-acff-468c-a8b8-27ab78486407</versionId>
            <externalServiceRef isNull="true" />
            <externalServiceOp isNull="true" />
            <nodeColor isNull="true" />
            <layoutData x="1008" y="79">
                <errorLink>
                    <controlPoints />
                    <showEndState>false</showEndState>
                    <showName>false</showName>
                </errorLink>
            </layoutData>
            <TWComponent>
                <lastModified isNull="true" />
                <lastModifiedBy isNull="true" />
                <tenantId isNull="true" />
                <exitPointId>3008.1fc2dacd-e43a-4d03-897e-937fbd21e599</exitPointId>
                <haltProcess>false</haltProcess>
                <guid>2a5ec64e-07fe-4766-a341-806b18bcaad0</guid>
                <versionId>26cca94b-e725-48d7-a087-090d6c1f072e</versionId>
            </TWComponent>
        </item>
        <item>
            <lastModified isNull="true" />
            <lastModifiedBy isNull="true" />
            <tenantId isNull="true" />
            <processItemId>2025.a0a61b8f-dfdf-4932-a62d-b9b9cfb87748</processItemId>
            <processId>1.e8f71624-1eb3-4019-85be-31a7a0cd5689</processId>
            <name>get composed documents</name>
            <tWComponentName>ECMConnector</tWComponentName>
            <tWComponentId>3030.7ff78574-fd1d-4fda-930b-98c22bbd1c91</tWComponentId>
            <isLogEnabled>false</isLogEnabled>
            <isTraceEnabled>false</isTraceEnabled>
            <traceCategory isNull="true" />
            <traceLevel isNull="true" />
            <traceMessage isNull="true" />
            <traceSymbolTable isNull="true" />
            <isExecutionContextTraced>false</isExecutionContextTraced>
            <saveExecutionContext>false</saveExecutionContext>
            <documentation isNull="true" />
            <isErrorHandlerEnabled>false</isErrorHandlerEnabled>
            <errorHandlerItemId isNull="true" />
            <guid>guid:5733966303c98ceb:54e7d30:18fe44fdd7b:-5625</guid>
            <versionId>4e666e26-b61d-4358-98fd-21390c737ce1</versionId>
            <externalServiceRef isNull="true" />
            <externalServiceOp isNull="true" />
            <nodeColor isNull="true" />
            <layoutData x="144" y="56">
                <errorLink>
                    <controlPoints />
                    <showEndState>false</showEndState>
                    <showName>false</showName>
                </errorLink>
            </layoutData>
            <TWComponent>
                <lastModified isNull="true" />
                <lastModifiedBy isNull="true" />
                <tenantId isNull="true" />
                <ecmConnectorId>3030.7ff78574-fd1d-4fda-930b-98c22bbd1c91</ecmConnectorId>
                <definition>&lt;config type="com.lombardisoftware.client.persistence.ECMConnectorConfiguration"&gt;
  &lt;inputParameters&gt;
    &lt;parameter&gt;
      &lt;name&gt;documentId&lt;/name&gt;
      &lt;type&gt;ECMID&lt;/type&gt;
      &lt;description /&gt;
      &lt;defaultValue /&gt;
      &lt;argumentVariable&gt;tw.local.documentId&lt;/argumentVariable&gt;
      &lt;isArray /&gt;
      &lt;isList&gt;false&lt;/isList&gt;
    &lt;/parameter&gt;
    &lt;parameter&gt;
      &lt;name&gt;serverName&lt;/name&gt;
      &lt;type&gt;String&lt;/type&gt;
      &lt;description /&gt;
      &lt;defaultValue /&gt;
      &lt;isArray /&gt;
      &lt;isList&gt;false&lt;/isList&gt;
    &lt;/parameter&gt;
  &lt;/inputParameters&gt;
  &lt;outputParameters&gt;
    &lt;parameter&gt;
      &lt;name&gt;contentStream&lt;/name&gt;
      &lt;type&gt;ECMContentStream&lt;/type&gt;
      &lt;description /&gt;
      &lt;defaultValue /&gt;
      &lt;argumentVariable&gt;tw.local.contentStream&lt;/argumentVariable&gt;
      &lt;isArray /&gt;
      &lt;isList&gt;false&lt;/isList&gt;
    &lt;/parameter&gt;
  &lt;/outputParameters&gt;
  &lt;matchAllSearchCriteria&gt;true&lt;/matchAllSearchCriteria&gt;
  &lt;searchParameters /&gt;
  &lt;selectParameters /&gt;
  &lt;orderOverride&gt;false&lt;/orderOverride&gt;
  &lt;orderOverrideValue /&gt;
  &lt;operationType&gt;DOC_OP_GET_DOCUMENT_CONTENT&lt;/operationType&gt;
  &lt;server&gt;IBM_TargetObjectStore&lt;/server&gt;
  &lt;objectTypeSelection&gt;DOCUMENT&lt;/objectTypeSelection&gt;
  &lt;useMappedVariable&gt;true&lt;/useMappedVariable&gt;
&lt;/config&gt;</definition>
                <guid>guid:7ff78574-fd1d-4fda-930b-98c22bbd1c91</guid>
                <versionId>f0caa8a2-ff5f-48d0-98f4-d79a94a087fc</versionId>
            </TWComponent>
        </item>
        <item>
            <lastModified isNull="true" />
            <lastModifiedBy isNull="true" />
            <tenantId isNull="true" />
            <processItemId>2025.31a5779f-9328-49f4-b488-7a4eb6a25ce4</processItemId>
            <processId>1.e8f71624-1eb3-4019-85be-31a7a0cd5689</processId>
            <name>Prepare Information</name>
            <tWComponentName>Script</tWComponentName>
            <tWComponentId>3011.9792a4b7-7492-44e0-824b-bd3148c7a7cc</tWComponentId>
            <isLogEnabled>false</isLogEnabled>
            <isTraceEnabled>false</isTraceEnabled>
            <traceCategory isNull="true" />
            <traceLevel isNull="true" />
            <traceMessage isNull="true" />
            <traceSymbolTable isNull="true" />
            <isExecutionContextTraced>false</isExecutionContextTraced>
            <saveExecutionContext>false</saveExecutionContext>
            <documentation isNull="true" />
            <isErrorHandlerEnabled>false</isErrorHandlerEnabled>
            <errorHandlerItemId isNull="true" />
            <guid>guid:5733966303c98ceb:54e7d30:18fe44fdd7b:-5620</guid>
            <versionId>902e29af-6810-4fdf-bc4a-357dfe6a3d29</versionId>
            <externalServiceRef isNull="true" />
            <externalServiceOp isNull="true" />
            <nodeColor isNull="true" />
            <layoutData x="317" y="56">
                <errorLink>
                    <controlPoints />
                    <showEndState>false</showEndState>
                    <showName>false</showName>
                </errorLink>
            </layoutData>
            <TWComponent>
                <lastModified isNull="true" />
                <lastModifiedBy isNull="true" />
                <tenantId isNull="true" />
                <scriptId>3011.9792a4b7-7492-44e0-824b-bd3148c7a7cc</scriptId>
                <scriptTypeId>2</scriptTypeId>
                <isActive>true</isActive>
                <script>tw.local.docuSign.doc=new tw.object.toolkit.TMJ.DocInfo();
tw.local.docuSign.doc.binary= tw.local.contentStream.content;
tw.local.docuSign.doc.name=tw.local.contentStream.fileName;
tw.local.docuSign.doc.extension="docx";
//tw.system.currentProcessInstance.parentCase.addCommentToCase("Send document to signature");</script>
                <isRule>false</isRule>
                <guid>cb9fe548-bd77-47ad-97d3-2493dab06f15</guid>
                <versionId>a9841181-b7dd-4755-a3a6-53dfe354906e</versionId>
            </TWComponent>
        </item>
        <item>
            <lastModified isNull="true" />
            <lastModifiedBy isNull="true" />
            <tenantId isNull="true" />
            <processItemId>2025.db22edb7-7fab-440f-8655-780522575110</processItemId>
            <processId>1.e8f71624-1eb3-4019-85be-31a7a0cd5689</processId>
            <name>send Doc</name>
            <tWComponentName>SubProcess</tWComponentName>
            <tWComponentId>3012.95d81a54-31cd-4645-838b-69080d6c1551</tWComponentId>
            <isLogEnabled>false</isLogEnabled>
            <isTraceEnabled>false</isTraceEnabled>
            <traceCategory isNull="true" />
            <traceLevel isNull="true" />
            <traceMessage isNull="true" />
            <traceSymbolTable isNull="true" />
            <isExecutionContextTraced>false</isExecutionContextTraced>
            <saveExecutionContext>false</saveExecutionContext>
            <documentation isNull="true" />
            <isErrorHandlerEnabled>false</isErrorHandlerEnabled>
            <errorHandlerItemId isNull="true" />
            <guid>guid:5733966303c98ceb:54e7d30:18fe44fdd7b:-5623</guid>
            <versionId>9b801df6-77fb-4a54-b0c3-60fe90990503</versionId>
            <externalServiceRef isNull="true" />
            <externalServiceOp isNull="true" />
            <nodeColor isNull="true" />
            <layoutData x="521" y="56">
                <errorLink>
                    <controlPoints />
                    <showEndState>false</showEndState>
                    <showName>false</showName>
                </errorLink>
            </layoutData>
            <TWComponent>
                <lastModified isNull="true" />
                <lastModifiedBy isNull="true" />
                <tenantId isNull="true" />
                <subProcessId>3012.95d81a54-31cd-4645-838b-69080d6c1551</subProcessId>
                <attachedProcessRef>a5f8825a-6726-48a3-86dc-d78b09778a38/1.23c58528-1def-42d3-8f2f-e6e4193efb3e</attachedProcessRef>
                <guid>ef21d330-2c16-466b-b37d-825546f0c785</guid>
                <versionId>a64360a3-3f21-4520-aad7-d3f95100025a</versionId>
                <parameterMapping name="docuSign">
                    <lastModified isNull="true" />
                    <lastModifiedBy isNull="true" />
                    <tenantId isNull="true" />
                    <parameterMappingId>2054.d389465f-f3c9-4e05-9f7c-9b104e07b8db</parameterMappingId>
                    <processParameterId>2055.a6158163-503e-4a56-8b10-7bba1962b4c4</processParameterId>
                    <parameterMappingParentId>3012.95d81a54-31cd-4645-838b-69080d6c1551</parameterMappingParentId>
                    <useDefault>false</useDefault>
                    <value>tw.local.docuSign</value>
                    <classRef>a5f8825a-6726-48a3-86dc-d78b09778a38/12.e71629b6-24b5-4e30-a3d8-2b72448ac98a</classRef>
                    <isList>false</isList>
                    <isInput>true</isInput>
                    <mappingMode isNull="true" />
                    <sourcePath isNull="true" />
                    <targetPath isNull="true" />
                    <guid>69a7aab5-0fb3-4b80-855e-80c490a777f2</guid>
                    <versionId>bb4f7c52-4edd-4538-bdaf-8fa69d9a0a43</versionId>
                    <description isNull="true" />
                </parameterMapping>
                <parameterMapping name="envelopId">
                    <lastModified isNull="true" />
                    <lastModifiedBy isNull="true" />
                    <tenantId isNull="true" />
                    <parameterMappingId>2054.c7b9a0ff-0a73-43f0-8574-8b4e1895b513</parameterMappingId>
                    <processParameterId>2055.de406d32-4d86-4b97-8854-ea376201294f</processParameterId>
                    <parameterMappingParentId>3012.95d81a54-31cd-4645-838b-69080d6c1551</parameterMappingParentId>
                    <useDefault>false</useDefault>
                    <value>tw.local.envelopId</value>
                    <classRef>61a80e43-f2d1-4ff3-a1bf-68046cb3d7af/12.db884a3c-c533-44b7-bb2d-47bec8ad4022</classRef>
                    <isList>false</isList>
                    <isInput>false</isInput>
                    <mappingMode isNull="true" />
                    <sourcePath isNull="true" />
                    <targetPath isNull="true" />
                    <guid>9bb22105-bd48-493e-a25c-859481f77811</guid>
                    <versionId>3d7a6d41-d889-4121-a197-401a63260697</versionId>
                    <description isNull="true" />
                </parameterMapping>
            </TWComponent>
        </item>
        <startingProcessItemId>2025.a0a61b8f-dfdf-4932-a62d-b9b9cfb87748</startingProcessItemId>
        <errorHandlerItemId isNull="true" />
        <layoutData noConversion="true">
            <errorLink>
                <controlPoints />
                <showEndState>false</showEndState>
                <showName>false</showName>
            </errorLink>
        </layoutData>
        <startPoint>
            <layoutData x="25" y="80">
                <errorLink>
                    <controlPoints />
                    <showEndState>false</showEndState>
                    <showName>false</showName>
                </errorLink>
            </layoutData>
        </startPoint>
        <startLink>
            <fromPort locationId="rightCenter" portType="1" />
            <toPort locationId="leftCenter" portType="2" />
            <layoutData>
                <controlPoints />
                <showEndState>false</showEndState>
                <showName>false</showName>
            </layoutData>
        </startLink>
        <bpmn2Model>
            <ns16:definitions xmlns:ns16="http://www.omg.org/spec/BPMN/20100524/MODEL" xmlns:ns2="http://www.ibm.com/xmlns/prod/bpm/bpmn/ext/process" xmlns:ns3="http://www.ibm.com/xmlns/prod/bpm/bpmn/ext/process/wle" xmlns:ns4="http://www.ibm.com/xmlns/prod/bpm/bpmn/ext/process/case" xmlns:ns5="http://www.ibm.com/bpm/Extensions" xmlns:ns6="http://www.ibm.com/xmlns/prod/bpm/uca" xmlns:ns7="http://www.ibm.com/xmlns/prod/bpm/bpmn/ext/team" xmlns:ns8="http://www.ibm.com/xmlns/prod/bpm/bpmn/ext/trackinggroup" xmlns:ns9="http://www.ibm.com/xmlns/bpmnx/20100524/v1/BusinessVocabulary" xmlns:ns10="http://www.omg.org/spec/DD/20100524/DI" xmlns:ns11="http://www.omg.org/spec/DD/20100524/DC" xmlns:ns12="http://www.omg.org/spec/BPMN/20100524/BPMNDI" xmlns:ns13="http://www.ibm.com/xmlns/prod/bpm/graph" xmlns:ns14="http://www.ibm.com/xmlns/prod/bpm/bpmn/ext/process/auth" xmlns:ns15="http://www.ibm.com/xmlns/prod/bpm/bpmn/ext/extservice" xmlns:ns17="http://www.ibm.com/bpm/processappsettings" xmlns:ns18="http://www.ibm.com/xmlns/links" xmlns:ns19="http://www.ibm.com/bpm/CoachDesignerNG" xmlns:ns20="http://www.ibm.com/xmlns/tagging" xmlns:ns21="http://www.ibm.com/bpm/uitheme" xmlns:ns22="http://www.ibm.com/bpm/coachview" targetNamespace="" expressionLanguage="http://www.ibm.com/xmlns/prod/bpm/expression-lang/javascript" typeLanguage="http://www.w3.org/2001/XMLSchema">
                <ns16:process name="Send Doc To Signature" id="1.e8f71624-1eb3-4019-85be-31a7a0cd5689" ns2:executionMode="microflow">
                    <ns16:documentation textFormat="text/plain" />
                    <ns16:extensionElements>
                        <ns2:isSecured>true</ns2:isSecured>
                        <ns2:isAjaxExposed>true</ns2:isAjaxExposed>
                        <ns2:sboSyncEnabled>true</ns2:sboSyncEnabled>
                        <ns2:isInvokedAsynchronously>false</ns2:isInvokedAsynchronously>
                    </ns16:extensionElements>
                    <ns16:ioSpecification>
                        <ns16:dataInput name="documentId" itemSubjectRef="itm.12.3212d5b3-f692-41b3-a893-343dc5c3df01" isCollection="false" id="2055.a23cc243-ef31-4599-8004-8891a0bcf170">
                            <ns16:extensionElements>
                                <ns2:defaultValue useDefault="true">"idd_902C7710-0000-C1A1-AA7F-D53977F09609"</ns2:defaultValue>
                            </ns16:extensionElements>
                        </ns16:dataInput>
                        <ns16:dataInput name="docuSign" itemSubjectRef="itm.12.e71629b6-24b5-4e30-a3d8-2b72448ac98a" isCollection="false" id="2055.b3ea1270-94b7-4e10-85a0-a01c83cfb599">
                            <ns16:extensionElements>
                                <ns2:defaultValue useDefault="true">var autoObject = new tw.object.toolkit.TMJ.DocuSignRequest();
autoObject.signerInfos = new tw.object.listOf.toolkit.TMJ.Signer();
autoObject.signerInfos[0]= new tw.object.Signer();
autoObject.signerInfos[0].name="malek Jabri";
autoObject.signerInfos[0].email="malek@jabri.eu";
autoObject.ccSignerInfos = new tw.object.listOf.toolkit.TMJ.Signer();
autoObject.template = "a3891cbf-0ff8-4a99-acc1-8698a2948dd0";
autoObject.subject = "Expert Document Signature Request";
autoObject.message = "Expert Request Signature";
autoObject.doc = new tw.object.toolkit.TMJ.DocInfo();
autoObject</ns2:defaultValue>
                            </ns16:extensionElements>
                        </ns16:dataInput>
                        <ns16:dataInput name="addDocs" itemSubjectRef="itm.12.83ff975e-8dbc-42e5-b738-fa8bc08274a2" isCollection="false" id="2055.6e2ccddd-d9c2-4296-97b8-d02ec0610f58">
                            <ns16:extensionElements>
                                <ns2:defaultValue useDefault="true">false</ns2:defaultValue>
                            </ns16:extensionElements>
                        </ns16:dataInput>
                        <ns16:dataInput name="folderID" itemSubjectRef="itm.12.db884a3c-c533-44b7-bb2d-47bec8ad4022" isCollection="false" id="2055.e4e6e790-e575-46ae-ab62-4ea6e69d3920">
                            <ns16:extensionElements>
                                <ns2:defaultValue useDefault="true">"{902C7560-0000-C252-8B01-A2C1213D2D04}"</ns2:defaultValue>
                            </ns16:extensionElements>
                        </ns16:dataInput>
                        <ns16:dataOutput name="envelopId" itemSubjectRef="itm.12.db884a3c-c533-44b7-bb2d-47bec8ad4022" isCollection="false" id="2055.fa1bd153-6538-45d2-81c1-b4b1b6468921" />
                        <ns16:inputSet>
                            <ns16:dataInputRefs>2055.a23cc243-ef31-4599-8004-8891a0bcf170</ns16:dataInputRefs>
                            <ns16:dataInputRefs>2055.b3ea1270-94b7-4e10-85a0-a01c83cfb599</ns16:dataInputRefs>
                            <ns16:dataInputRefs>2055.6e2ccddd-d9c2-4296-97b8-d02ec0610f58</ns16:dataInputRefs>
                            <ns16:dataInputRefs>2055.e4e6e790-e575-46ae-ab62-4ea6e69d3920</ns16:dataInputRefs>
                        </ns16:inputSet>
                        <ns16:outputSet>
                            <ns16:dataOutputRefs>2055.fa1bd153-6538-45d2-81c1-b4b1b6468921</ns16:dataOutputRefs>
                        </ns16:outputSet>
                    </ns16:ioSpecification>
                    <ns16:laneSet id="7b746dc5-d138-46a8-9b96-fe24150aae24">
                        <ns16:lane name="System" partitionElementRef="24.6fd38d02-81cf-48ab-bd42-8ff4c0a1628b" id="b7fec5a0-7669-472b-8837-5e206f59ebba" ns3:isSystemLane="true">
                            <ns16:extensionElements>
                                <ns13:nodeVisualInfo x="0" y="0" width="3000" height="197" color="#F8F8F8" />
                            </ns16:extensionElements>
                            <ns16:flowNodeRef>25aa8c19-5234-49ce-ab22-f842aaca185c</ns16:flowNodeRef>
                            <ns16:flowNodeRef>ad07d935-97b6-4627-9b5d-d884c4447007</ns16:flowNodeRef>
                            <ns16:flowNodeRef>a0a61b8f-dfdf-4932-a62d-b9b9cfb87748</ns16:flowNodeRef>
                            <ns16:flowNodeRef>db22edb7-7fab-440f-8655-780522575110</ns16:flowNodeRef>
                            <ns16:flowNodeRef>31a5779f-9328-49f4-b488-7a4eb6a25ce4</ns16:flowNodeRef>
                        </ns16:lane>
                    </ns16:laneSet>
                    <ns16:startEvent isInterrupting="false" parallelMultiple="false" name="Start" id="25aa8c19-5234-49ce-ab22-f842aaca185c">
                        <ns16:extensionElements>
                            <ns13:nodeVisualInfo x="25" y="80" width="24" height="24" color="#F8F8F8" />
                        </ns16:extensionElements>
                        <ns16:outgoing>2027.341373dc-7d5a-4966-9ea1-0c6fda53415a</ns16:outgoing>
                    </ns16:startEvent>
                    <ns16:endEvent name="End" id="ad07d935-97b6-4627-9b5d-d884c4447007">
                        <ns16:extensionElements>
                            <ns13:nodeVisualInfo x="1008" y="79" width="24" height="24" color="#F8F8F8" />
                            <ns3:saveExecutionContext>true</ns3:saveExecutionContext>
                            <ns2:endStateId>guid:5733966303c98ceb:54e7d30:18fe44fdd7b:-5626</ns2:endStateId>
                        </ns16:extensionElements>
                        <ns16:incoming>277c8914-ee6b-4a71-9247-ed8cd49772ba</ns16:incoming>
                    </ns16:endEvent>
                    <ns16:sequenceFlow sourceRef="25aa8c19-5234-49ce-ab22-f842aaca185c" targetRef="a0a61b8f-dfdf-4932-a62d-b9b9cfb87748" name="To get composed documents" id="2027.341373dc-7d5a-4966-9ea1-0c6fda53415a">
                        <ns16:extensionElements>
                            <ns13:linkVisualInfo>
                                <ns13:sourcePortLocation>rightCenter</ns13:sourcePortLocation>
                                <ns13:targetPortLocation>leftCenter</ns13:targetPortLocation>
                                <ns13:showLabel>false</ns13:showLabel>
                                <ns13:showCoachControlLabel>false</ns13:showCoachControlLabel>
                                <ns13:labelPosition>0.0</ns13:labelPosition>
                                <ns13:saveExecutionContext>false</ns13:saveExecutionContext>
                            </ns13:linkVisualInfo>
                        </ns16:extensionElements>
                    </ns16:sequenceFlow>
                    <ns3:contentTask serverName="IBM_TargetObjectStore" operationRef="DOC_OP_GET_DOCUMENT_CONTENT" name="get composed documents" id="a0a61b8f-dfdf-4932-a62d-b9b9cfb87748">
                        <ns16:extensionElements>
                            <ns13:nodeVisualInfo x="144" y="56" width="95" height="70" />
                            <ns3:activityType>ContentTask</ns3:activityType>
                        </ns16:extensionElements>
                        <ns16:incoming>2027.341373dc-7d5a-4966-9ea1-0c6fda53415a</ns16:incoming>
                        <ns16:outgoing>85c5b4d9-dc2d-4446-87ea-555e3206e0c1</ns16:outgoing>
                        <ns16:dataInputAssociation>
                            <ns16:targetRef>DOCUMENT_ID</ns16:targetRef>
                            <ns16:assignment>
                                <ns16:from xmlns:xsi="http://www.w3.org/2001/XMLSchema-instance" xsi:type="ns16:tFormalExpression" evaluatesToTypeRef="itm.12.3212d5b3-f692-41b3-a893-343dc5c3df01">tw.local.documentId</ns16:from>
                            </ns16:assignment>
                        </ns16:dataInputAssociation>
                        <ns16:dataOutputAssociation>
                            <ns16:sourceRef>CONTENT_STREAM</ns16:sourceRef>
                            <ns16:assignment>
                                <ns16:to xmlns:xsi="http://www.w3.org/2001/XMLSchema-instance" xsi:type="ns16:tFormalExpression" evaluatesToTypeRef="itm.12.918ac73f-6d4a-415e-ad3d-72dfa1b01abf">tw.local.contentStream</ns16:to>
                            </ns16:assignment>
                        </ns16:dataOutputAssociation>
                    </ns3:contentTask>
                    <ns16:sequenceFlow sourceRef="a0a61b8f-dfdf-4932-a62d-b9b9cfb87748" targetRef="31a5779f-9328-49f4-b488-7a4eb6a25ce4" name="To Send Signature" id="85c5b4d9-dc2d-4446-87ea-555e3206e0c1">
                        <ns16:extensionElements>
                            <ns2:sequenceFlowImplementation sboSyncEnabled="true" />
                            <ns13:linkVisualInfo>
                                <ns13:sourcePortLocation>rightCenter</ns13:sourcePortLocation>
                                <ns13:targetPortLocation>leftCenter</ns13:targetPortLocation>
                                <ns13:showLabel>false</ns13:showLabel>
                                <ns13:showCoachControlLabel>false</ns13:showCoachControlLabel>
                                <ns13:labelPosition>0.0</ns13:labelPosition>
                                <ns13:saveExecutionContext>true</ns13:saveExecutionContext>
                            </ns13:linkVisualInfo>
                        </ns16:extensionElements>
                    </ns16:sequenceFlow>
                    <ns16:dataObject itemSubjectRef="itm.12.918ac73f-6d4a-415e-ad3d-72dfa1b01abf" isCollection="false" name="contentStream" id="2056.54de40cd-3719-457d-9c53-e830d5e35abf" />
                    <ns16:callActivity calledElement="1.23c58528-1def-42d3-8f2f-e6e4193efb3e" isForCompensation="false" startQuantity="1" completionQuantity="1" name="send Doc" id="db22edb7-7fab-440f-8655-780522575110">
                        <ns16:extensionElements>
                            <ns13:nodeVisualInfo x="521" y="56" width="95" height="70" />
                            <ns3:activityType>CalledProcess</ns3:activityType>
                        </ns16:extensionElements>
                        <ns16:incoming>a1dc88db-1184-4bcc-a9cb-95479871d758</ns16:incoming>
                        <ns16:outgoing>277c8914-ee6b-4a71-9247-ed8cd49772ba</ns16:outgoing>
                        <ns16:dataInputAssociation>
                            <ns16:targetRef>2055.a6158163-503e-4a56-8b10-7bba1962b4c4</ns16:targetRef>
                            <ns16:assignment>
                                <ns16:from xmlns:xsi="http://www.w3.org/2001/XMLSchema-instance" xsi:type="ns16:tFormalExpression" evaluatesToTypeRef="itm.12.df1f0edb-b39f-441c-8648-78db29c23c07">tw.local.docuSign</ns16:from>
                            </ns16:assignment>
                        </ns16:dataInputAssociation>
                        <ns16:dataOutputAssociation>
                            <ns16:sourceRef>2055.de406d32-4d86-4b97-8854-ea376201294f</ns16:sourceRef>
                            <ns16:assignment>
                                <ns16:to xmlns:xsi="http://www.w3.org/2001/XMLSchema-instance" xsi:type="ns16:tFormalExpression" evaluatesToTypeRef="itm.12.db884a3c-c533-44b7-bb2d-47bec8ad4022">tw.local.envelopId</ns16:to>
                            </ns16:assignment>
                        </ns16:dataOutputAssociation>
                    </ns16:callActivity>
                    <ns16:sequenceFlow sourceRef="db22edb7-7fab-440f-8655-780522575110" targetRef="ad07d935-97b6-4627-9b5d-d884c4447007" name="To End" id="277c8914-ee6b-4a71-9247-ed8cd49772ba">
                        <ns16:extensionElements>
                            <ns2:sequenceFlowImplementation sboSyncEnabled="true" />
                            <ns13:linkVisualInfo>
                                <ns13:sourcePortLocation>rightCenter</ns13:sourcePortLocation>
                                <ns13:targetPortLocation>leftCenter</ns13:targetPortLocation>
                                <ns13:showLabel>false</ns13:showLabel>
                                <ns13:showCoachControlLabel>false</ns13:showCoachControlLabel>
                                <ns13:labelPosition>0.0</ns13:labelPosition>
                                <ns13:saveExecutionContext>true</ns13:saveExecutionContext>
                            </ns13:linkVisualInfo>
                            <ns2:endStateId>guid:6105c5a3a0c6df7e:7f652a7c:186854221a1:-4e82</ns2:endStateId>
                        </ns16:extensionElements>
                    </ns16:sequenceFlow>
                    <ns16:dataObject itemSubjectRef="itm.12.96d94dca-68b5-4349-905e-bbf82fde599e" isCollection="false" name="multidocs" id="2056.c02beef9-1dbf-44e5-b171-8d5207f4c0ee">
                        <ns16:extensionElements>
                            <ns2:defaultValue useDefault="true">var autoObject = new tw.object.toolkit.TMJ.MultiDocuSignRequest();
autoObject.signerInfos = new tw.object.listOf.toolkit.TMJ.Signer();
autoObject.ccSignerInfos = new tw.object.listOf.toolkit.TMJ.Signer();
autoObject.template = "";
autoObject.subject = "";
autoObject.message = "";
autoObject.docs = new tw.object.listOf.toolkit.TMJ.DocInfo();
autoObject</ns2:defaultValue>
                        </ns16:extensionElements>
                    </ns16:dataObject>
                    <ns16:scriptTask scriptFormat="text/x-javascript" name="Prepare Information" id="31a5779f-9328-49f4-b488-7a4eb6a25ce4">
                        <ns16:extensionElements>
                            <ns13:nodeVisualInfo x="317" y="56" width="95" height="70" />
                        </ns16:extensionElements>
                        <ns16:incoming>85c5b4d9-dc2d-4446-87ea-555e3206e0c1</ns16:incoming>
                        <ns16:outgoing>a1dc88db-1184-4bcc-a9cb-95479871d758</ns16:outgoing>
                        <ns16:script>tw.local.docuSign.doc=new tw.object.toolkit.TMJ.DocInfo();
tw.local.docuSign.doc.binary= tw.local.contentStream.content;
tw.local.docuSign.doc.name=tw.local.contentStream.fileName;
tw.local.docuSign.doc.extension="docx";
//tw.system.currentProcessInstance.parentCase.addCommentToCase("Send document to signature");</ns16:script>
                    </ns16:scriptTask>
                    <ns16:sequenceFlow sourceRef="31a5779f-9328-49f4-b488-7a4eb6a25ce4" targetRef="db22edb7-7fab-440f-8655-780522575110" name="To send Doc" id="a1dc88db-1184-4bcc-a9cb-95479871d758">
                        <ns16:extensionElements>
                            <ns13:linkVisualInfo>
                                <ns13:sourcePortLocation>rightCenter</ns13:sourcePortLocation>
                                <ns13:targetPortLocation>leftCenter</ns13:targetPortLocation>
                                <ns13:showLabel>false</ns13:showLabel>
                                <ns13:showCoachControlLabel>false</ns13:showCoachControlLabel>
                                <ns13:labelPosition>0.0</ns13:labelPosition>
                                <ns13:saveExecutionContext>false</ns13:saveExecutionContext>
                            </ns13:linkVisualInfo>
                        </ns16:extensionElements>
                    </ns16:sequenceFlow>
                    <ns16:dataObject itemSubjectRef="itm.12.e314b04f-5c45-46b3-9767-b669bb3a3132" isCollection="true" name="docs" id="2056.c3a086d8-4885-4603-b5ba-596cb1c7975b">
                        <ns16:extensionElements>
                            <ns2:defaultValue useDefault="true">var autoObject = new tw.object.listOf.toolkit.TMJ.DocInfo();
autoObject</ns2:defaultValue>
                        </ns16:extensionElements>
                    </ns16:dataObject>
                </ns16:process>
            </ns16:definitions>
        </bpmn2Model>
        <link name="To send Doc">
            <lastModified isNull="true" />
            <lastModifiedBy isNull="true" />
            <tenantId isNull="true" />
            <processLinkId>2027.a1dc88db-1184-4bcc-a9cb-95479871d758</processLinkId>
            <processId>1.e8f71624-1eb3-4019-85be-31a7a0cd5689</processId>
            <description isNull="true" />
            <fromProcessItemId>2025.31a5779f-9328-49f4-b488-7a4eb6a25ce4</fromProcessItemId>
            <endStateId>Out</endStateId>
            <toProcessItemId>2025.db22edb7-7fab-440f-8655-780522575110</toProcessItemId>
            <guid>guid:67ffe1d5-9896-4751-82fc-761e653e2136</guid>
            <versionId>abb202a2-0883-4ddb-88a7-a51b04dd6f26</versionId>
            <layoutData>
                <controlPoints />
                <showEndState>false</showEndState>
                <showName>false</showName>
            </layoutData>
            <fromItemPort locationId="rightCenter" portType="1" />
            <toItemPort locationId="leftCenter" portType="2" />
            <fromProcessItemId>2025.31a5779f-9328-49f4-b488-7a4eb6a25ce4</fromProcessItemId>
            <toProcessItemId>2025.db22edb7-7fab-440f-8655-780522575110</toProcessItemId>
        </link>
        <link name="To End">
            <lastModified isNull="true" />
            <lastModifiedBy isNull="true" />
            <tenantId isNull="true" />
            <processLinkId>2027.277c8914-ee6b-4a71-9247-ed8cd49772ba</processLinkId>
            <processId>1.e8f71624-1eb3-4019-85be-31a7a0cd5689</processId>
            <description isNull="true" />
            <fromProcessItemId>2025.db22edb7-7fab-440f-8655-780522575110</fromProcessItemId>
            <endStateId>guid:6105c5a3a0c6df7e:7f652a7c:186854221a1:-4e82</endStateId>
            <toProcessItemId>2025.ad07d935-97b6-4627-9b5d-d884c4447007</toProcessItemId>
            <guid>guid:3b8b3d61-901f-4460-ab5e-c21008f75afd</guid>
            <versionId>46800eb4-6d41-4709-baf9-25e56f87f163</versionId>
            <layoutData>
                <controlPoints />
                <showEndState>false</showEndState>
                <showName>false</showName>
            </layoutData>
            <fromItemPort locationId="rightCenter" portType="1" />
            <toItemPort locationId="leftCenter" portType="2" />
            <fromProcessItemId>2025.db22edb7-7fab-440f-8655-780522575110</fromProcessItemId>
            <toProcessItemId>2025.ad07d935-97b6-4627-9b5d-d884c4447007</toProcessItemId>
        </link>
        <link name="To Send Signature">
            <lastModified isNull="true" />
            <lastModifiedBy isNull="true" />
            <tenantId isNull="true" />
            <processLinkId>2027.85c5b4d9-dc2d-4446-87ea-555e3206e0c1</processLinkId>
            <processId>1.e8f71624-1eb3-4019-85be-31a7a0cd5689</processId>
            <description isNull="true" />
            <fromProcessItemId>2025.a0a61b8f-dfdf-4932-a62d-b9b9cfb87748</fromProcessItemId>
            <endStateId>Out</endStateId>
            <toProcessItemId>2025.31a5779f-9328-49f4-b488-7a4eb6a25ce4</toProcessItemId>
            <guid>guid:677496ba-1170-441e-8746-4ba85fd14cdd</guid>
            <versionId>e2da7044-4394-4dd9-a2fd-e432e3c2a3ce</versionId>
            <layoutData>
                <controlPoints />
                <showEndState>false</showEndState>
                <showName>false</showName>
            </layoutData>
            <fromItemPort locationId="rightCenter" portType="1" />
            <toItemPort locationId="leftCenter" portType="2" />
            <fromProcessItemId>2025.a0a61b8f-dfdf-4932-a62d-b9b9cfb87748</fromProcessItemId>
            <toProcessItemId>2025.31a5779f-9328-49f4-b488-7a4eb6a25ce4</toProcessItemId>
        </link>
    </process>
</teamworks>

