<?xml version="1.0" encoding="UTF-8"?>
<teamworks>
    <process id="1.eac176d3-80ad-4374-a77d-40de2c1b18ae" name="Generate Email Notification">
        <lastModified>1717021121318</lastModified>
        <lastModifiedBy>cp4admin</lastModifiedBy>
        <tenantId isNull="true" />
        <processId>1.eac176d3-80ad-4374-a77d-40de2c1b18ae</processId>
        <image isNull="true" />
        <tabGroup isNull="true" />
        <startingProcessItemId>2025.44d440f8-0830-4470-8fd6-8c666177802d</startingProcessItemId>
        <isRootProcess>false</isRootProcess>
        <processType>12</processType>
        <isErrorHandlerEnabled>false</isErrorHandlerEnabled>
        <errorHandlerItemId isNull="true" />
        <isLoggingVariables>false</isLoggingVariables>
        <isTransactional>false</isTransactional>
        <processTimingLevel isNull="true" />
        <participantRef isNull="true" />
        <exposedType>0</exposedType>
        <isTrackingEnabled>true</isTrackingEnabled>
        <xmlData isNull="true" />
        <cachingType>false</cachingType>
        <itemLabel isNull="true" />
        <cacheLength>0</cacheLength>
        <mobileReady>false</mobileReady>
        <sboSyncEnabled>true</sboSyncEnabled>
        <externalId isNull="true" />
        <isSecured>false</isSecured>
        <isAjaxExposed>true</isAjaxExposed>
        <isInvokedAsynchronously>false</isInvokedAsynchronously>
        <isTransactionalFlow>false</isTransactionalFlow>
        <description isNull="true" />
        <guid>2b9c8b45-58c7-4165-a4e8-f46ec65b1236</guid>
        <versionId>fabc40a5-6970-4a3d-826c-65afcb9bad2e</versionId>
        <dependencySummary>&lt;dependencySummary id="bpdid:4de8e7d5da8de40b:66c9899e:18f8878ebd9:-6fd9" /&gt;</dependencySummary>
        <jsonData>{"rootElement":[{"flowElement":[{"parallelMultiple":false,"outgoing":["2027.bc49765f-ae91-48e4-9991-1cd556b32da9"],"isInterrupting":false,"extensionElements":{"nodeVisualInfo":[{"color":"#F8F8F8","width":24,"x":25,"y":80,"declaredType":"TNodeVisualInfo","height":24}]},"name":"Start","declaredType":"startEvent","id":"6e82d5b6-a118-4e27-9348-cb1ae91ef0c7"},{"incoming":["4a4caea9-0473-425e-8ec9-1d217e11fb49"],"extensionElements":{"nodeVisualInfo":[{"color":"#F8F8F8","width":24,"x":850,"y":85,"declaredType":"TNodeVisualInfo","height":24}],"endStateId":["guid:8b0c8ed1dccfb194:-60544698:18f06b936dc:-7681"],"saveExecutionContext":[true]},"name":"End","declaredType":"endEvent","id":"fbabc0ac-d36f-4497-bf9c-0e990fb316f6"},{"targetRef":"44d440f8-0830-4470-8fd6-8c666177802d","extensionElements":{"linkVisualInfo":[{"sourcePortLocation":"rightCenter","showCoachControlLabel":false,"labelPosition":0.0,"targetPortLocation":"leftCenter","declaredType":"TLinkVisualInfo","saveExecutionContext":false,"showLabel":false}]},"name":"To General Custom Notification","declaredType":"sequenceFlow","id":"2027.bc49765f-ae91-48e4-9991-1cd556b32da9","sourceRef":"6e82d5b6-a118-4e27-9348-cb1ae91ef0c7"},{"startQuantity":1,"outgoing":["4a4caea9-0473-425e-8ec9-1d217e11fb49"],"incoming":["2027.bc49765f-ae91-48e4-9991-1cd556b32da9"],"extensionElements":{"nodeVisualInfo":[{"width":95,"x":367,"y":57,"declaredType":"TNodeVisualInfo","height":70}],"activityType":["CalledProcess"]},"name":"General Custom Notification","dataInputAssociation":[{"targetRef":"2055.4fdc3321-a0f5-4b69-87c5-22782b0056f0","assignment":[{"from":{"evaluatesToTypeRef":"itm.12.db884a3c-c533-44b7-bb2d-47bec8ad4022","declaredType":"TFormalExpression","content":["tw.local.Input"]}}]},{"targetRef":"2055.02ab8258-2a0b-41d2-84e9-1e9814aeb6b4","assignment":[{"from":{"evaluatesToTypeRef":"itm.12.db884a3c-c533-44b7-bb2d-47bec8ad4022","declaredType":"TFormalExpression","content":["tw.local.question"]}}]},{"targetRef":"2055.17fd4668-d5e1-473c-8a72-035063ab69b8","assignment":[{"from":{"evaluatesToTypeRef":"itm.12.c09c9b6e-aabd-4897-bef2-ed61db106297","declaredType":"TFormalExpression","content":["tw.env.Language"]}}]}],"isForCompensation":false,"completionQuantity":1,"declaredType":"callActivity","id":"44d440f8-0830-4470-8fd6-8c666177802d","dataOutputAssociation":[{"assignment":[{"to":{"evaluatesToTypeRef":"itm.12.db884a3c-c533-44b7-bb2d-47bec8ad4022","declaredType":"TFormalExpression","content":["tw.local.EmailBody"]}}],"sourceRef":["2055.a6fd9e38-2924-41ce-b56d-a560038ffa4f"]}],"calledElement":"1.ba6c25d6-61f6-438d-adc4-af2fd62b9a72"},{"targetRef":"fbabc0ac-d36f-4497-bf9c-0e990fb316f6","extensionElements":{"sequenceFlowImplementation":[{"fireValidation":"Never","sboSyncEnabled":true,"declaredType":"com.ibm.bpmsdk.model.bpmn20.ibmext.TSequenceFlowImplementation"}],"endStateId":["guid:cc90e269813961f2:-6d44b79:18f361f07e6:-779e"],"linkVisualInfo":[{"sourcePortLocation":"rightCenter","showCoachControlLabel":false,"labelPosition":0.0,"targetPortLocation":"leftCenter","declaredType":"TLinkVisualInfo","saveExecutionContext":true,"showLabel":false}]},"name":"To End","declaredType":"sequenceFlow","id":"4a4caea9-0473-425e-8ec9-1d217e11fb49","sourceRef":"44d440f8-0830-4470-8fd6-8c666177802d"},{"extensionElements":{"defaultValue":[{"declaredType":"com.ibm.bpmsdk.model.bpmn20.ibmext.TDefaultValue","useDefault":true,"value":"\"Generate an email body to acknowledge the reception of the claims.\\n\\n\""}]},"itemSubjectRef":"itm.12.db884a3c-c533-44b7-bb2d-47bec8ad4022","name":"question","isCollection":false,"declaredType":"dataObject","id":"2056.692bca6d-7b10-490a-86fd-02a980fb937a"}],"laneSet":[{"id":"ecdf924e-e5e9-4985-8a53-03e125a90469","lane":[{"flowNodeRef":["6e82d5b6-a118-4e27-9348-cb1ae91ef0c7","fbabc0ac-d36f-4497-bf9c-0e990fb316f6","44d440f8-0830-4470-8fd6-8c666177802d"],"extensionElements":{"nodeVisualInfo":[{"color":"#F8F8F8","width":3000,"x":0,"y":0,"declaredType":"TNodeVisualInfo","height":500}]},"name":"System","partitionElementRef":"24.6fd38d02-81cf-48ab-bd42-8ff4c0a1628b","declaredType":"lane","id":"2cf04ee6-c9ec-4024-8791-8aa357d65a22","otherAttributes":{"{http:\/\/www.ibm.com\/xmlns\/prod\/bpm\/bpmn\/ext\/process\/wle}isSystemLane":"true"}}]}],"isClosed":false,"extensionElements":{"isSecured":[false],"isAjaxExposed":[true],"isTransactionalFlow":[false],"sboSyncEnabled":[true],"isInvokedAsynchronously":[false]},"documentation":[{"textFormat":"text\/plain"}],"name":"Generate Email Notification","declaredType":"process","id":"1.eac176d3-80ad-4374-a77d-40de2c1b18ae","processType":"None","otherAttributes":{"{http:\/\/www.ibm.com\/xmlns\/prod\/bpm\/bpmn\/ext\/process}executionMode":"microflow"},"ioSpecification":{"dataOutput":[{"itemSubjectRef":"itm.12.db884a3c-c533-44b7-bb2d-47bec8ad4022","name":"EmailBody","isCollection":false,"id":"2055.3c1c7a4d-5f5a-4383-8d66-e80da9674a82"}],"inputSet":[{"dataInputRefs":["2055.df257605-343a-482f-9ddb-30c1e0f1ddcd"]}],"outputSet":[{"dataOutputRefs":["2055.3c1c7a4d-5f5a-4383-8d66-e80da9674a82"]}],"dataInput":[{"extensionElements":{"defaultValue":[{"declaredType":"com.ibm.bpmsdk.model.bpmn20.ibmext.TDefaultValue","useDefault":true,"value":"\"Insurance Agent: Thank you for calling XYZ Insurance. My name is Joe. How may I assist you today?\\n\\nCustomer: Hi, my name is Mary Johnson, and I need to file a claim. My 1998 Nissan Maxima was stolen and damaged on November 20th, 2023, in Houston.\\n\\nInsurance Agent: Sorry to hear that your vehicle was stolen and damaged, Mary. Can you provide your policy number?\\n\\nCustomer: It's 456789012.\\n\\nInsurance Agent: Thank you. Sorry to hear that you've gone through this ordeal. Let me gather some information. So, the incident occurred on November 20th at 10 PM in Houston?\\n\\nCustomer: Yes.\\n\\nInsurance Agent: There were no other vehicles involved, and one witness was present at the scene? And you reported the incident to the authorities and have a police report available?\\n\\nCustomer: That's correct.\\n\\nInsurance Agent: Great. Can you tell me about any damage to your vehicle?\\n\\nCustomer: When I found my vehicle, it had some scratches and dents on the exterior.\\n\\nInsurance Agent: Okay. I see. Based on the information you've provided, it seems like this is a trivial damage claim. However, since your vehicle was stolen, I'll ensure that we initiate the claims process for you. A claims representative will follow up with you shortly to provide further guidance. Is there anything else you'd like to add or ask at this time?\\n\\nCustomer: No, that covers it. Thank you for your help.\";"}]},"itemSubjectRef":"itm.12.db884a3c-c533-44b7-bb2d-47bec8ad4022","name":"Input","isCollection":false,"id":"2055.df257605-343a-482f-9ddb-30c1e0f1ddcd"}]}}],"targetNamespace":"","typeLanguage":"http:\/\/www.w3.org\/2001\/XMLSchema","expressionLanguage":"http:\/\/www.ibm.com\/xmlns\/prod\/bpm\/expression-lang\/javascript"}</jsonData>
        <field1 isNull="true" />
        <field2 isNull="true" />
        <field3>0</field3>
        <field4 isNull="true" />
        <field5>false</field5>
        <clobField1 isNull="true" />
        <blobField1 isNull="true" />
        <processParameter name="Input">
            <lastModified isNull="true" />
            <lastModifiedBy isNull="true" />
            <tenantId isNull="true" />
            <processParameterId>2055.df257605-343a-482f-9ddb-30c1e0f1ddcd</processParameterId>
            <processId>1.eac176d3-80ad-4374-a77d-40de2c1b18ae</processId>
            <parameterType>1</parameterType>
            <isArrayOf>false</isArrayOf>
            <classId>f9bfad03-1cba-408d-921f-41cfbdd4600c/12.db884a3c-c533-44b7-bb2d-47bec8ad4022</classId>
            <seq>1</seq>
            <hasDefault>true</hasDefault>
            <defaultValue>"Insurance Agent: Thank you for calling XYZ Insurance. My name is Joe. How may I assist you today?\n\nCustomer: Hi, my name is Mary Johnson, and I need to file a claim. My 1998 Nissan Maxima was stolen and damaged on November 20th, 2023, in Houston.\n\nInsurance Agent: Sorry to hear that your vehicle was stolen and damaged, Mary. Can you provide your policy number?\n\nCustomer: It's 456789012.\n\nInsurance Agent: Thank you. Sorry to hear that you've gone through this ordeal. Let me gather some information. So, the incident occurred on November 20th at 10 PM in Houston?\n\nCustomer: Yes.\n\nInsurance Agent: There were no other vehicles involved, and one witness was present at the scene? And you reported the incident to the authorities and have a police report available?\n\nCustomer: That's correct.\n\nInsurance Agent: Great. Can you tell me about any damage to your vehicle?\n\nCustomer: When I found my vehicle, it had some scratches and dents on the exterior.\n\nInsurance Agent: Okay. I see. Based on the information you've provided, it seems like this is a trivial damage claim. However, since your vehicle was stolen, I'll ensure that we initiate the claims process for you. A claims representative will follow up with you shortly to provide further guidance. Is there anything else you'd like to add or ask at this time?\n\nCustomer: No, that covers it. Thank you for your help.";</defaultValue>
            <isLocked>false</isLocked>
            <description isNull="true" />
            <guid>6af6bc56-7b9c-4bdc-82a9-0017b9d072df</guid>
            <versionId>d4eb925a-9734-4eb4-b03c-4ee72c716013</versionId>
        </processParameter>
        <processParameter name="EmailBody">
            <lastModified isNull="true" />
            <lastModifiedBy isNull="true" />
            <tenantId isNull="true" />
            <processParameterId>2055.3c1c7a4d-5f5a-4383-8d66-e80da9674a82</processParameterId>
            <processId>1.eac176d3-80ad-4374-a77d-40de2c1b18ae</processId>
            <parameterType>2</parameterType>
            <isArrayOf>false</isArrayOf>
            <classId>f9bfad03-1cba-408d-921f-41cfbdd4600c/12.db884a3c-c533-44b7-bb2d-47bec8ad4022</classId>
            <seq>2</seq>
            <hasDefault>false</hasDefault>
            <defaultValue isNull="true" />
            <isLocked>false</isLocked>
            <description isNull="true" />
            <guid>4a4991b2-529c-4e0d-b778-186dd9371f7b</guid>
            <versionId>b13c6af1-d600-45d8-9c2e-54eed8c4bb40</versionId>
        </processParameter>
        <processVariable name="question">
            <lastModified isNull="true" />
            <lastModifiedBy isNull="true" />
            <tenantId isNull="true" />
            <processVariableId>2056.692bca6d-7b10-490a-86fd-02a980fb937a</processVariableId>
            <description isNull="true" />
            <processId>1.eac176d3-80ad-4374-a77d-40de2c1b18ae</processId>
            <namespace>2</namespace>
            <seq>1</seq>
            <isArrayOf>false</isArrayOf>
            <isTransient>false</isTransient>
            <classId>f9bfad03-1cba-408d-921f-41cfbdd4600c/12.db884a3c-c533-44b7-bb2d-47bec8ad4022</classId>
            <hasDefault>true</hasDefault>
            <defaultValue>"Generate an email body to acknowledge the reception of the claims.\n\n"</defaultValue>
            <guid>guid:ca78a9d7-62e3-4b23-bb44-44b0a5e4408d</guid>
            <versionId>dda09817-e04f-4d67-8828-3c76eb138bff</versionId>
        </processVariable>
        <item>
            <lastModified isNull="true" />
            <lastModifiedBy isNull="true" />
            <tenantId isNull="true" />
            <processItemId>2025.fbabc0ac-d36f-4497-bf9c-0e990fb316f6</processItemId>
            <processId>1.eac176d3-80ad-4374-a77d-40de2c1b18ae</processId>
            <name>End</name>
            <tWComponentName>ExitPoint</tWComponentName>
            <tWComponentId>3008.6f169591-f7d2-4d56-af08-bb40e2804904</tWComponentId>
            <isLogEnabled>false</isLogEnabled>
            <isTraceEnabled>false</isTraceEnabled>
            <traceCategory isNull="true" />
            <traceLevel isNull="true" />
            <traceMessage isNull="true" />
            <traceSymbolTable isNull="true" />
            <isExecutionContextTraced>false</isExecutionContextTraced>
            <saveExecutionContext>true</saveExecutionContext>
            <documentation isNull="true" />
            <isErrorHandlerEnabled>false</isErrorHandlerEnabled>
            <errorHandlerItemId isNull="true" />
            <guid>guid:8b0c8ed1dccfb194:-60544698:18f06b936dc:-7681</guid>
            <versionId>31760962-84c9-4af3-a780-4dd7c6c83edc</versionId>
            <externalServiceRef isNull="true" />
            <externalServiceOp isNull="true" />
            <nodeColor isNull="true" />
            <layoutData x="850" y="85">
                <errorLink>
                    <controlPoints />
                    <showEndState>false</showEndState>
                    <showName>false</showName>
                </errorLink>
            </layoutData>
            <TWComponent>
                <lastModified isNull="true" />
                <lastModifiedBy isNull="true" />
                <tenantId isNull="true" />
                <exitPointId>3008.6f169591-f7d2-4d56-af08-bb40e2804904</exitPointId>
                <haltProcess>false</haltProcess>
                <guid>d1fde608-9268-4d23-9b4d-3dd59370c173</guid>
                <versionId>aecdc545-6e08-4965-bfe0-d57234823fe1</versionId>
            </TWComponent>
        </item>
        <item>
            <lastModified isNull="true" />
            <lastModifiedBy isNull="true" />
            <tenantId isNull="true" />
            <processItemId>2025.44d440f8-0830-4470-8fd6-8c666177802d</processItemId>
            <processId>1.eac176d3-80ad-4374-a77d-40de2c1b18ae</processId>
            <name>General Custom Notification</name>
            <tWComponentName>SubProcess</tWComponentName>
            <tWComponentId>3012.89deb83f-d58a-426e-a296-d57af865eed0</tWComponentId>
            <isLogEnabled>false</isLogEnabled>
            <isTraceEnabled>false</isTraceEnabled>
            <traceCategory isNull="true" />
            <traceLevel isNull="true" />
            <traceMessage isNull="true" />
            <traceSymbolTable isNull="true" />
            <isExecutionContextTraced>false</isExecutionContextTraced>
            <saveExecutionContext>false</saveExecutionContext>
            <documentation isNull="true" />
            <isErrorHandlerEnabled>false</isErrorHandlerEnabled>
            <errorHandlerItemId isNull="true" />
            <guid>guid:dbf9acf9c88654db:-50650b7:18f55283b66:-6d61</guid>
            <versionId>96ec5f18-a4ef-4cd1-8e7e-ac10230151ac</versionId>
            <externalServiceRef isNull="true" />
            <externalServiceOp isNull="true" />
            <nodeColor isNull="true" />
            <layoutData x="367" y="57">
                <errorLink>
                    <controlPoints />
                    <showEndState>false</showEndState>
                    <showName>false</showName>
                </errorLink>
            </layoutData>
            <TWComponent>
                <lastModified isNull="true" />
                <lastModifiedBy isNull="true" />
                <tenantId isNull="true" />
                <subProcessId>3012.89deb83f-d58a-426e-a296-d57af865eed0</subProcessId>
                <attachedProcessRef>/1.ba6c25d6-61f6-438d-adc4-af2fd62b9a72</attachedProcessRef>
                <guid>guid:7c21fb2e-b4e7-4039-9271-c955d583bad8</guid>
                <versionId>579e47ab-074c-4db2-8f5c-7f86023d58fc</versionId>
                <parameterMapping name="Input">
                    <lastModified isNull="true" />
                    <lastModifiedBy isNull="true" />
                    <tenantId isNull="true" />
                    <parameterMappingId>2054.762d7471-5629-4618-9a5c-4055fd35c08e</parameterMappingId>
                    <processParameterId>2055.4fdc3321-a0f5-4b69-87c5-22782b0056f0</processParameterId>
                    <parameterMappingParentId>3012.89deb83f-d58a-426e-a296-d57af865eed0</parameterMappingParentId>
                    <useDefault>false</useDefault>
                    <value>tw.local.Input</value>
                    <classRef>f9bfad03-1cba-408d-921f-41cfbdd4600c/12.db884a3c-c533-44b7-bb2d-47bec8ad4022</classRef>
                    <isList>false</isList>
                    <isInput>true</isInput>
                    <mappingMode isNull="true" />
                    <sourcePath isNull="true" />
                    <targetPath isNull="true" />
                    <guid>guid:762d7471-5629-4618-9a5c-4055fd35c08e</guid>
                    <versionId>043be294-cf7a-49a8-9abc-6d41fc78b029</versionId>
                    <description isNull="true" />
                </parameterMapping>
                <parameterMapping name="question">
                    <lastModified isNull="true" />
                    <lastModifiedBy isNull="true" />
                    <tenantId isNull="true" />
                    <parameterMappingId>2054.f2875ca2-ee9e-4725-9345-0c139a6b660b</parameterMappingId>
                    <processParameterId>2055.02ab8258-2a0b-41d2-84e9-1e9814aeb6b4</processParameterId>
                    <parameterMappingParentId>3012.89deb83f-d58a-426e-a296-d57af865eed0</parameterMappingParentId>
                    <useDefault>false</useDefault>
                    <value>tw.local.question</value>
                    <classRef>f9bfad03-1cba-408d-921f-41cfbdd4600c/12.db884a3c-c533-44b7-bb2d-47bec8ad4022</classRef>
                    <isList>false</isList>
                    <isInput>true</isInput>
                    <mappingMode isNull="true" />
                    <sourcePath isNull="true" />
                    <targetPath isNull="true" />
                    <guid>guid:f2875ca2-ee9e-4725-9345-0c139a6b660b</guid>
                    <versionId>9920aa60-a0e7-4029-8261-2e5501e2b496</versionId>
                    <description isNull="true" />
                </parameterMapping>
                <parameterMapping name="EmailBody">
                    <lastModified isNull="true" />
                    <lastModifiedBy isNull="true" />
                    <tenantId isNull="true" />
                    <parameterMappingId>2054.8714ea8f-53d3-4bcf-afc9-b70aa8960d12</parameterMappingId>
                    <processParameterId>2055.a6fd9e38-2924-41ce-b56d-a560038ffa4f</processParameterId>
                    <parameterMappingParentId>3012.89deb83f-d58a-426e-a296-d57af865eed0</parameterMappingParentId>
                    <useDefault>false</useDefault>
                    <value>tw.local.EmailBody</value>
                    <classRef>f9bfad03-1cba-408d-921f-41cfbdd4600c/12.db884a3c-c533-44b7-bb2d-47bec8ad4022</classRef>
                    <isList>false</isList>
                    <isInput>false</isInput>
                    <mappingMode isNull="true" />
                    <sourcePath isNull="true" />
                    <targetPath isNull="true" />
                    <guid>guid:8714ea8f-53d3-4bcf-afc9-b70aa8960d12</guid>
                    <versionId>543d6661-428e-4372-a020-57fa99c269b8</versionId>
                    <description isNull="true" />
                </parameterMapping>
            </TWComponent>
        </item>
        <startingProcessItemId>2025.44d440f8-0830-4470-8fd6-8c666177802d</startingProcessItemId>
        <errorHandlerItemId isNull="true" />
        <layoutData noConversion="true">
            <errorLink>
                <controlPoints />
                <showEndState>false</showEndState>
                <showName>false</showName>
            </errorLink>
        </layoutData>
        <startPoint>
            <layoutData x="25" y="80">
                <errorLink>
                    <controlPoints />
                    <showEndState>false</showEndState>
                    <showName>false</showName>
                </errorLink>
            </layoutData>
        </startPoint>
        <startLink>
            <fromPort locationId="rightCenter" portType="1" />
            <toPort locationId="leftCenter" portType="2" />
            <layoutData>
                <controlPoints />
                <showEndState>false</showEndState>
                <showName>false</showName>
            </layoutData>
        </startLink>
        <bpmn2Model>
            <ns16:definitions xmlns:ns16="http://www.omg.org/spec/BPMN/20100524/MODEL" xmlns:ns2="http://www.ibm.com/xmlns/prod/bpm/bpmn/ext/process" xmlns:ns3="http://www.ibm.com/xmlns/prod/bpm/bpmn/ext/process/wle" xmlns:ns4="http://www.ibm.com/xmlns/prod/bpm/bpmn/ext/process/case" xmlns:ns5="http://www.ibm.com/bpm/Extensions" xmlns:ns6="http://www.ibm.com/xmlns/prod/bpm/uca" xmlns:ns7="http://www.ibm.com/xmlns/prod/bpm/bpmn/ext/team" xmlns:ns8="http://www.ibm.com/xmlns/prod/bpm/bpmn/ext/trackinggroup" xmlns:ns9="http://www.ibm.com/xmlns/bpmnx/20100524/v1/BusinessVocabulary" xmlns:ns10="http://www.omg.org/spec/DD/20100524/DI" xmlns:ns11="http://www.omg.org/spec/DD/20100524/DC" xmlns:ns12="http://www.omg.org/spec/BPMN/20100524/BPMNDI" xmlns:ns13="http://www.ibm.com/xmlns/prod/bpm/graph" xmlns:ns14="http://www.ibm.com/xmlns/prod/bpm/bpmn/ext/process/auth" xmlns:ns15="http://www.ibm.com/xmlns/prod/bpm/bpmn/ext/extservice" xmlns:ns17="http://www.ibm.com/bpm/processappsettings" xmlns:ns18="http://www.ibm.com/xmlns/links" xmlns:ns19="http://www.ibm.com/bpm/CoachDesignerNG" xmlns:ns20="http://www.ibm.com/xmlns/tagging" xmlns:ns21="http://www.ibm.com/bpm/uitheme" xmlns:ns22="http://www.ibm.com/bpm/coachview" targetNamespace="" expressionLanguage="http://www.ibm.com/xmlns/prod/bpm/expression-lang/javascript" typeLanguage="http://www.w3.org/2001/XMLSchema">
                
                
                <ns16:process name="Generate Email Notification" id="1.eac176d3-80ad-4374-a77d-40de2c1b18ae" ns2:executionMode="microflow">
                    
                    
                    <ns16:documentation textFormat="text/plain" />
                    
                    
                    <ns16:extensionElements>
                        
                        
                        <ns2:isTransactionalFlow>false</ns2:isTransactionalFlow>
                        
                        
                        <ns2:sboSyncEnabled>true</ns2:sboSyncEnabled>
                        
                        
                        <ns2:isInvokedAsynchronously>false</ns2:isInvokedAsynchronously>
                        
                        
                        <ns2:isSecured>false</ns2:isSecured>
                        
                        
                        <ns2:isAjaxExposed>true</ns2:isAjaxExposed>
                        
                    
                    </ns16:extensionElements>
                    
                    
                    <ns16:ioSpecification>
                        
                        
                        <ns16:dataInput name="Input" itemSubjectRef="itm.12.db884a3c-c533-44b7-bb2d-47bec8ad4022" isCollection="false" id="2055.df257605-343a-482f-9ddb-30c1e0f1ddcd">
                            
                            
                            <ns16:extensionElements>
                                
                                
                                <ns2:defaultValue useDefault="true">"Insurance Agent: Thank you for calling XYZ Insurance. My name is Joe. How may I assist you today?\n\nCustomer: Hi, my name is Mary Johnson, and I need to file a claim. My 1998 Nissan Maxima was stolen and damaged on November 20th, 2023, in Houston.\n\nInsurance Agent: Sorry to hear that your vehicle was stolen and damaged, Mary. Can you provide your policy number?\n\nCustomer: It's 456789012.\n\nInsurance Agent: Thank you. Sorry to hear that you've gone through this ordeal. Let me gather some information. So, the incident occurred on November 20th at 10 PM in Houston?\n\nCustomer: Yes.\n\nInsurance Agent: There were no other vehicles involved, and one witness was present at the scene? And you reported the incident to the authorities and have a police report available?\n\nCustomer: That's correct.\n\nInsurance Agent: Great. Can you tell me about any damage to your vehicle?\n\nCustomer: When I found my vehicle, it had some scratches and dents on the exterior.\n\nInsurance Agent: Okay. I see. Based on the information you've provided, it seems like this is a trivial damage claim. However, since your vehicle was stolen, I'll ensure that we initiate the claims process for you. A claims representative will follow up with you shortly to provide further guidance. Is there anything else you'd like to add or ask at this time?\n\nCustomer: No, that covers it. Thank you for your help.";</ns2:defaultValue>
                                
                            
                            </ns16:extensionElements>
                            
                        
                        </ns16:dataInput>
                        
                        
                        <ns16:dataOutput name="EmailBody" itemSubjectRef="itm.12.db884a3c-c533-44b7-bb2d-47bec8ad4022" isCollection="false" id="2055.3c1c7a4d-5f5a-4383-8d66-e80da9674a82" />
                        
                        
                        <ns16:inputSet>
                            
                            
                            <ns16:dataInputRefs>2055.df257605-343a-482f-9ddb-30c1e0f1ddcd</ns16:dataInputRefs>
                            
                        
                        </ns16:inputSet>
                        
                        
                        <ns16:outputSet>
                            
                            
                            <ns16:dataOutputRefs>2055.3c1c7a4d-5f5a-4383-8d66-e80da9674a82</ns16:dataOutputRefs>
                            
                        
                        </ns16:outputSet>
                        
                    
                    </ns16:ioSpecification>
                    
                    
                    <ns16:laneSet id="ecdf924e-e5e9-4985-8a53-03e125a90469">
                        
                        
                        <ns16:lane name="System" partitionElementRef="24.6fd38d02-81cf-48ab-bd42-8ff4c0a1628b" id="2cf04ee6-c9ec-4024-8791-8aa357d65a22" ns3:isSystemLane="true">
                            
                            
                            <ns16:extensionElements>
                                
                                
                                <ns13:nodeVisualInfo x="0" y="0" width="3000" height="500" color="#F8F8F8" />
                                
                            
                            </ns16:extensionElements>
                            
                            
                            <ns16:flowNodeRef>6e82d5b6-a118-4e27-9348-cb1ae91ef0c7</ns16:flowNodeRef>
                            
                            
                            <ns16:flowNodeRef>fbabc0ac-d36f-4497-bf9c-0e990fb316f6</ns16:flowNodeRef>
                            
                            
                            <ns16:flowNodeRef>44d440f8-0830-4470-8fd6-8c666177802d</ns16:flowNodeRef>
                            
                        
                        </ns16:lane>
                        
                    
                    </ns16:laneSet>
                    
                    
                    <ns16:startEvent isInterrupting="false" parallelMultiple="false" name="Start" id="6e82d5b6-a118-4e27-9348-cb1ae91ef0c7">
                        
                        
                        <ns16:extensionElements>
                            
                            
                            <ns13:nodeVisualInfo x="25" y="80" width="24" height="24" color="#F8F8F8" />
                            
                        
                        </ns16:extensionElements>
                        
                        
                        <ns16:outgoing>2027.bc49765f-ae91-48e4-9991-1cd556b32da9</ns16:outgoing>
                        
                    
                    </ns16:startEvent>
                    
                    
                    <ns16:endEvent name="End" id="fbabc0ac-d36f-4497-bf9c-0e990fb316f6">
                        
                        
                        <ns16:extensionElements>
                            
                            
                            <ns13:nodeVisualInfo x="850" y="85" width="24" height="24" color="#F8F8F8" />
                            
                            
                            <ns3:saveExecutionContext>true</ns3:saveExecutionContext>
                            
                            
                            <ns2:endStateId>guid:8b0c8ed1dccfb194:-60544698:18f06b936dc:-7681</ns2:endStateId>
                            
                        
                        </ns16:extensionElements>
                        
                        
                        <ns16:incoming>4a4caea9-0473-425e-8ec9-1d217e11fb49</ns16:incoming>
                        
                    
                    </ns16:endEvent>
                    
                    
                    <ns16:sequenceFlow sourceRef="6e82d5b6-a118-4e27-9348-cb1ae91ef0c7" targetRef="44d440f8-0830-4470-8fd6-8c666177802d" name="To General Custom Notification" id="2027.bc49765f-ae91-48e4-9991-1cd556b32da9">
                        
                        
                        <ns16:extensionElements>
                            
                            
                            <ns13:linkVisualInfo>
                                
                                
                                <ns13:sourcePortLocation>rightCenter</ns13:sourcePortLocation>
                                
                                
                                <ns13:targetPortLocation>leftCenter</ns13:targetPortLocation>
                                
                                
                                <ns13:showLabel>false</ns13:showLabel>
                                
                                
                                <ns13:showCoachControlLabel>false</ns13:showCoachControlLabel>
                                
                                
                                <ns13:labelPosition>0.0</ns13:labelPosition>
                                
                                
                                <ns13:saveExecutionContext>false</ns13:saveExecutionContext>
                                
                            
                            </ns13:linkVisualInfo>
                            
                        
                        </ns16:extensionElements>
                        
                    
                    </ns16:sequenceFlow>
                    
                    
                    <ns16:callActivity calledElement="1.ba6c25d6-61f6-438d-adc4-af2fd62b9a72" name="General Custom Notification" id="44d440f8-0830-4470-8fd6-8c666177802d">
                        
                        
                        <ns16:extensionElements>
                            
                            
                            <ns13:nodeVisualInfo x="367" y="57" width="95" height="70" />
                            
                            
                            <ns3:activityType>CalledProcess</ns3:activityType>
                            
                        
                        </ns16:extensionElements>
                        
                        
                        <ns16:incoming>2027.bc49765f-ae91-48e4-9991-1cd556b32da9</ns16:incoming>
                        
                        
                        <ns16:outgoing>4a4caea9-0473-425e-8ec9-1d217e11fb49</ns16:outgoing>
                        
                        
                        <ns16:dataInputAssociation>
                            
                            
                            <ns16:targetRef>2055.4fdc3321-a0f5-4b69-87c5-22782b0056f0</ns16:targetRef>
                            
                            
                            <ns16:assignment>
                                
                                
                                <ns16:from xmlns:xsi="http://www.w3.org/2001/XMLSchema-instance" xsi:type="ns16:tFormalExpression" evaluatesToTypeRef="itm.12.db884a3c-c533-44b7-bb2d-47bec8ad4022">tw.local.Input</ns16:from>
                                
                            
                            </ns16:assignment>
                            
                        
                        </ns16:dataInputAssociation>
                        
                        
                        <ns16:dataInputAssociation>
                            
                            
                            <ns16:targetRef>2055.02ab8258-2a0b-41d2-84e9-1e9814aeb6b4</ns16:targetRef>
                            
                            
                            <ns16:assignment>
                                
                                
                                <ns16:from xmlns:xsi="http://www.w3.org/2001/XMLSchema-instance" xsi:type="ns16:tFormalExpression" evaluatesToTypeRef="itm.12.db884a3c-c533-44b7-bb2d-47bec8ad4022">tw.local.question</ns16:from>
                                
                            
                            </ns16:assignment>
                            
                        
                        </ns16:dataInputAssociation>
                        
                        
                        <ns16:dataInputAssociation>
                            
                            
                            <ns16:targetRef>2055.17fd4668-d5e1-473c-8a72-035063ab69b8</ns16:targetRef>
                            
                            
                            <ns16:assignment>
                                
                                
                                <ns16:from xmlns:xsi="http://www.w3.org/2001/XMLSchema-instance" xsi:type="ns16:tFormalExpression" evaluatesToTypeRef="itm.12.c09c9b6e-aabd-4897-bef2-ed61db106297">tw.env.Language</ns16:from>
                                
                            
                            </ns16:assignment>
                            
                        
                        </ns16:dataInputAssociation>
                        
                        
                        <ns16:dataOutputAssociation>
                            
                            
                            <ns16:sourceRef>2055.a6fd9e38-2924-41ce-b56d-a560038ffa4f</ns16:sourceRef>
                            
                            
                            <ns16:assignment>
                                
                                
                                <ns16:to xmlns:xsi="http://www.w3.org/2001/XMLSchema-instance" xsi:type="ns16:tFormalExpression" evaluatesToTypeRef="itm.12.db884a3c-c533-44b7-bb2d-47bec8ad4022">tw.local.EmailBody</ns16:to>
                                
                            
                            </ns16:assignment>
                            
                        
                        </ns16:dataOutputAssociation>
                        
                    
                    </ns16:callActivity>
                    
                    
                    <ns16:sequenceFlow sourceRef="44d440f8-0830-4470-8fd6-8c666177802d" targetRef="fbabc0ac-d36f-4497-bf9c-0e990fb316f6" name="To End" id="4a4caea9-0473-425e-8ec9-1d217e11fb49">
                        
                        
                        <ns16:extensionElements>
                            
                            
                            <ns2:sequenceFlowImplementation sboSyncEnabled="true" />
                            
                            
                            <ns13:linkVisualInfo>
                                
                                
                                <ns13:sourcePortLocation>rightCenter</ns13:sourcePortLocation>
                                
                                
                                <ns13:targetPortLocation>leftCenter</ns13:targetPortLocation>
                                
                                
                                <ns13:showLabel>false</ns13:showLabel>
                                
                                
                                <ns13:showCoachControlLabel>false</ns13:showCoachControlLabel>
                                
                                
                                <ns13:labelPosition>0.0</ns13:labelPosition>
                                
                                
                                <ns13:saveExecutionContext>true</ns13:saveExecutionContext>
                                
                            
                            </ns13:linkVisualInfo>
                            
                            
                            <ns2:endStateId>guid:cc90e269813961f2:-6d44b79:18f361f07e6:-779e</ns2:endStateId>
                            
                        
                        </ns16:extensionElements>
                        
                    
                    </ns16:sequenceFlow>
                    
                    
                    <ns16:dataObject itemSubjectRef="itm.12.db884a3c-c533-44b7-bb2d-47bec8ad4022" isCollection="false" name="question" id="2056.692bca6d-7b10-490a-86fd-02a980fb937a">
                        
                        
                        <ns16:extensionElements>
                            
                            
                            <ns2:defaultValue useDefault="true">"Generate an email body to acknowledge the reception of the claims.\n\n"</ns2:defaultValue>
                            
                        
                        </ns16:extensionElements>
                        
                    
                    </ns16:dataObject>
                    
                
                </ns16:process>
                
            
            </ns16:definitions>
        </bpmn2Model>
        <link name="To End">
            <lastModified isNull="true" />
            <lastModifiedBy isNull="true" />
            <tenantId isNull="true" />
            <processLinkId>2027.4a4caea9-0473-425e-8ec9-1d217e11fb49</processLinkId>
            <processId>1.eac176d3-80ad-4374-a77d-40de2c1b18ae</processId>
            <description isNull="true" />
            <fromProcessItemId>2025.44d440f8-0830-4470-8fd6-8c666177802d</fromProcessItemId>
            <endStateId>guid:cc90e269813961f2:-6d44b79:18f361f07e6:-779e</endStateId>
            <toProcessItemId>2025.fbabc0ac-d36f-4497-bf9c-0e990fb316f6</toProcessItemId>
            <guid>guid:c06ea485-1ee3-4766-8833-76dab719f546</guid>
            <versionId>2daf1751-c405-476d-94ee-b91815b95527</versionId>
            <layoutData>
                <controlPoints />
                <showEndState>false</showEndState>
                <showName>false</showName>
            </layoutData>
            <fromItemPort locationId="rightCenter" portType="1" />
            <toItemPort locationId="leftCenter" portType="2" />
            <fromProcessItemId>2025.44d440f8-0830-4470-8fd6-8c666177802d</fromProcessItemId>
            <toProcessItemId>2025.fbabc0ac-d36f-4497-bf9c-0e990fb316f6</toProcessItemId>
        </link>
    </process>
</teamworks>

