<?xml version="1.0" encoding="UTF-8"?>
<teamworks>
    <process id="1.ec455503-bc18-4407-b5e3-5e4b2bc2a338" name="GetDocsSC">
        <lastModified>1716368448953</lastModified>
        <lastModifiedBy>cp4admin</lastModifiedBy>
        <tenantId isNull="true" />
        <processId>1.ec455503-bc18-4407-b5e3-5e4b2bc2a338</processId>
        <image isNull="true" />
        <tabGroup isNull="true" />
        <startingProcessItemId>2025.231d0de0-fa85-4fb0-8a95-7bc69077aaa0</startingProcessItemId>
        <isRootProcess>false</isRootProcess>
        <processType>12</processType>
        <isErrorHandlerEnabled>false</isErrorHandlerEnabled>
        <errorHandlerItemId isNull="true" />
        <isLoggingVariables>false</isLoggingVariables>
        <isTransactional>false</isTransactional>
        <processTimingLevel isNull="true" />
        <participantRef isNull="true" />
        <exposedType>0</exposedType>
        <isTrackingEnabled>true</isTrackingEnabled>
        <xmlData isNull="true" />
        <cachingType>false</cachingType>
        <itemLabel isNull="true" />
        <cacheLength>0</cacheLength>
        <mobileReady>false</mobileReady>
        <sboSyncEnabled>true</sboSyncEnabled>
        <externalId isNull="true" />
        <isSecured>false</isSecured>
        <isAjaxExposed>true</isAjaxExposed>
        <isInvokedAsynchronously>false</isInvokedAsynchronously>
        <isTransactionalFlow>false</isTransactionalFlow>
        <description isNull="true" />
        <guid>guid:4de8e7d5da8de40b:66c9899e:18f8878ebd9:-78f4</guid>
        <versionId>ed878f7e-6b5b-4f07-a1cf-02b6b2629edf</versionId>
        <dependencySummary>&lt;dependencySummary id="bpdid:4de8e7d5da8de40b:66c9899e:18f8878ebd9:-78bf" /&gt;</dependencySummary>
        <jsonData>{"rootElement":[{"flowElement":[{"parallelMultiple":false,"outgoing":["2027.f6f2908a-e978-4527-8e75-1363875efd80"],"isInterrupting":false,"extensionElements":{"nodeVisualInfo":[{"color":"#F8F8F8","width":24,"x":25,"y":80,"declaredType":"TNodeVisualInfo","height":24}]},"name":"Start","declaredType":"startEvent","id":"c28b242b-d57c-48b0-8ad2-85ba74816ed6"},{"incoming":["d0306047-afdc-4036-8185-351c1cee9e85","fd0443db-b8c2-4fd9-8d2a-c891a1da5828"],"extensionElements":{"nodeVisualInfo":[{"color":"#F8F8F8","width":24,"x":650,"y":80,"declaredType":"TNodeVisualInfo","height":24}],"endStateId":["guid:4de8e7d5da8de40b:66c9899e:18f8878ebd9:-78f2"],"saveExecutionContext":[true]},"name":"End","declaredType":"endEvent","id":"0997816f-6fe7-4425-8fc0-e2b38c1c01b8"},{"targetRef":"231d0de0-fa85-4fb0-8a95-7bc69077aaa0","extensionElements":{"linkVisualInfo":[{"sourcePortLocation":"rightCenter","showCoachControlLabel":false,"labelPosition":0.0,"targetPortLocation":"leftCenter","declaredType":"TLinkVisualInfo","saveExecutionContext":false,"showLabel":false}]},"name":"To Exclusive gateway","declaredType":"sequenceFlow","id":"2027.f6f2908a-e978-4527-8e75-1363875efd80","sourceRef":"c28b242b-d57c-48b0-8ad2-85ba74816ed6"},{"startQuantity":1,"outgoing":["d0306047-afdc-4036-8185-351c1cee9e85"],"incoming":["b2449631-6ae2-4a91-870e-66dfd11bda19"],"extensionElements":{"nodeVisualInfo":[{"width":95,"x":383,"y":57,"declaredType":"TNodeVisualInfo","height":70}],"activityType":["CalledProcess"]},"name":"Transcript","isForCompensation":false,"completionQuantity":1,"declaredType":"callActivity","id":"7673dfcd-fab4-4a9d-876e-3837648dec12","dataOutputAssociation":[{"assignment":[{"to":{"evaluatesToTypeRef":"itm.12.c09c9b6e-aabd-4897-bef2-ed61db106297","declaredType":"TFormalExpression","content":["tw.local.results"]}}],"sourceRef":["2055.d7791d8a-59c7-4aa8-86fa-c510e8bb716f"]}],"calledElement":"1.0c5aa512-a402-4d97-bfa6-c6176e60a774"},{"targetRef":"0997816f-6fe7-4425-8fc0-e2b38c1c01b8","extensionElements":{"sequenceFlowImplementation":[{"fireValidation":"Never","sboSyncEnabled":true,"declaredType":"com.ibm.bpmsdk.model.bpmn20.ibmext.TSequenceFlowImplementation"}],"endStateId":["guid:4de8e7d5da8de40b:66c9899e:18f8878ebd9:-7938"],"linkVisualInfo":[{"sourcePortLocation":"rightCenter","showCoachControlLabel":false,"labelPosition":0.0,"targetPortLocation":"leftCenter","declaredType":"TLinkVisualInfo","saveExecutionContext":true,"showLabel":false}]},"name":"To End","declaredType":"sequenceFlow","id":"d0306047-afdc-4036-8185-351c1cee9e85","sourceRef":"7673dfcd-fab4-4a9d-876e-3837648dec12"},{"outgoing":["b2449631-6ae2-4a91-870e-66dfd11bda19","d4adc513-8880-4dda-89ef-f9cba9317330"],"incoming":["2027.f6f2908a-e978-4527-8e75-1363875efd80"],"default":"b2449631-6ae2-4a91-870e-66dfd11bda19","gatewayDirection":"Unspecified","extensionElements":{"nodeVisualInfo":[{"width":32,"x":180,"y":76,"declaredType":"TNodeVisualInfo","height":32}]},"name":"Exclusive gateway","declaredType":"exclusiveGateway","id":"231d0de0-fa85-4fb0-8a95-7bc69077aaa0"},{"targetRef":"7673dfcd-fab4-4a9d-876e-3837648dec12","extensionElements":{"linkVisualInfo":[{"sourcePortLocation":"rightCenter","showCoachControlLabel":false,"labelPosition":0.0,"targetPortLocation":"leftCenter","declaredType":"TLinkVisualInfo","saveExecutionContext":false,"showLabel":true}]},"name":"To Transcript","declaredType":"sequenceFlow","id":"b2449631-6ae2-4a91-870e-66dfd11bda19","sourceRef":"231d0de0-fa85-4fb0-8a95-7bc69077aaa0"},{"startQuantity":1,"outgoing":["fd0443db-b8c2-4fd9-8d2a-c891a1da5828"],"incoming":["d4adc513-8880-4dda-89ef-f9cba9317330"],"extensionElements":{"nodeVisualInfo":[{"width":95,"x":384,"y":163,"declaredType":"TNodeVisualInfo","height":70}],"activityType":["CalledProcess"]},"name":"Email","isForCompensation":false,"completionQuantity":1,"declaredType":"callActivity","id":"15309a97-890f-43d5-82ca-249d43576031","dataOutputAssociation":[{"assignment":[{"to":{"evaluatesToTypeRef":"itm.12.c09c9b6e-aabd-4897-bef2-ed61db106297","declaredType":"TFormalExpression","content":["tw.local.results"]}}],"sourceRef":["2055.38bb5299-570d-43eb-8147-96f3f013d793"]}],"calledElement":"1.e3b1241c-e158-4930-b33b-e7d79be80a76"},{"targetRef":"15309a97-890f-43d5-82ca-249d43576031","conditionExpression":{"declaredType":"TFormalExpression","content":["tw.local.data\t  ==\t  \"Email\""]},"extensionElements":{"linkVisualInfo":[{"sourcePortLocation":"bottomCenter","showCoachControlLabel":false,"labelPosition":0.0,"targetPortLocation":"leftCenter","declaredType":"TLinkVisualInfo","saveExecutionContext":false,"showLabel":true}]},"name":"To Email","declaredType":"sequenceFlow","id":"d4adc513-8880-4dda-89ef-f9cba9317330","sourceRef":"231d0de0-fa85-4fb0-8a95-7bc69077aaa0"},{"targetRef":"0997816f-6fe7-4425-8fc0-e2b38c1c01b8","extensionElements":{"sequenceFlowImplementation":[{"fireValidation":"Never","sboSyncEnabled":true,"declaredType":"com.ibm.bpmsdk.model.bpmn20.ibmext.TSequenceFlowImplementation"}],"endStateId":["guid:4de8e7d5da8de40b:66c9899e:18f8878ebd9:-78e8"],"linkVisualInfo":[{"sourcePortLocation":"rightCenter","showCoachControlLabel":false,"labelPosition":0.0,"targetPortLocation":"leftCenter","declaredType":"TLinkVisualInfo","saveExecutionContext":true,"showLabel":false}]},"name":"To End","declaredType":"sequenceFlow","id":"fd0443db-b8c2-4fd9-8d2a-c891a1da5828","sourceRef":"15309a97-890f-43d5-82ca-249d43576031"}],"laneSet":[{"id":"36721464-6e24-4776-86c0-b91de6bc06bc","lane":[{"flowNodeRef":["c28b242b-d57c-48b0-8ad2-85ba74816ed6","0997816f-6fe7-4425-8fc0-e2b38c1c01b8","7673dfcd-fab4-4a9d-876e-3837648dec12","231d0de0-fa85-4fb0-8a95-7bc69077aaa0","15309a97-890f-43d5-82ca-249d43576031"],"extensionElements":{"nodeVisualInfo":[{"color":"#F8F8F8","width":3000,"x":0,"y":0,"declaredType":"TNodeVisualInfo","height":500}]},"name":"System","partitionElementRef":"24.6fd38d02-81cf-48ab-bd42-8ff4c0a1628b","declaredType":"lane","id":"13692c46-1edb-4fd6-88ba-1b2a4f898f93","otherAttributes":{"{http:\/\/www.ibm.com\/xmlns\/prod\/bpm\/bpmn\/ext\/process\/wle}isSystemLane":"true"}}]}],"isClosed":false,"extensionElements":{"isSecured":[false],"isAjaxExposed":[true],"isTransactionalFlow":[false],"sboSyncEnabled":[true],"isInvokedAsynchronously":[false]},"documentation":[{"textFormat":"text\/plain"}],"name":"GetDocsSC","declaredType":"process","id":"1.ec455503-bc18-4407-b5e3-5e4b2bc2a338","processType":"None","otherAttributes":{"{http:\/\/www.ibm.com\/xmlns\/prod\/bpm\/bpmn\/ext\/process}executionMode":"microflow"},"ioSpecification":{"dataOutput":[{"itemSubjectRef":"itm.12.c09c9b6e-aabd-4897-bef2-ed61db106297","name":"results","isCollection":false,"id":"2055.ec7f9390-adf0-4e15-82ed-64a042638525"},{"itemSubjectRef":"itm.12.5551644c-3dc6-4161-a939-4e7f27f8ce45","name":"error","isCollection":false,"id":"2055.42a17a44-b99f-4372-86bb-54fb26b13033"}],"inputSet":[{}],"outputSet":[{}],"dataInput":[{"extensionElements":{"defaultValue":[{"declaredType":"com.ibm.bpmsdk.model.bpmn20.ibmext.TDefaultValue","useDefault":true,"value":"\"Email\""}]},"itemSubjectRef":"itm.12.db884a3c-c533-44b7-bb2d-47bec8ad4022","name":"data","isCollection":false,"id":"2055.78058399-9599-42f8-8f12-61054b378963"}]}}],"targetNamespace":"","typeLanguage":"http:\/\/www.w3.org\/2001\/XMLSchema","expressionLanguage":"http:\/\/www.ibm.com\/xmlns\/prod\/bpm\/expression-lang\/javascript"}</jsonData>
        <field1 isNull="true" />
        <field2 isNull="true" />
        <field3>0</field3>
        <field4 isNull="true" />
        <field5>false</field5>
        <clobField1 isNull="true" />
        <blobField1 isNull="true" />
        <processParameter name="data">
            <lastModified isNull="true" />
            <lastModifiedBy isNull="true" />
            <tenantId isNull="true" />
            <processParameterId>2055.78058399-9599-42f8-8f12-61054b378963</processParameterId>
            <processId>1.ec455503-bc18-4407-b5e3-5e4b2bc2a338</processId>
            <parameterType>1</parameterType>
            <isArrayOf>false</isArrayOf>
            <classId>f9bfad03-1cba-408d-921f-41cfbdd4600c/12.db884a3c-c533-44b7-bb2d-47bec8ad4022</classId>
            <seq>1</seq>
            <hasDefault>true</hasDefault>
            <defaultValue>"Email"</defaultValue>
            <isLocked>false</isLocked>
            <description isNull="true" />
            <guid>guid:15435b27-0f28-4d05-9873-c5d62ae5da64</guid>
            <versionId>40031fca-bc24-4152-9706-579fba05a666</versionId>
        </processParameter>
        <processParameter name="results">
            <lastModified isNull="true" />
            <lastModifiedBy isNull="true" />
            <tenantId isNull="true" />
            <processParameterId>2055.ec7f9390-adf0-4e15-82ed-64a042638525</processParameterId>
            <processId>1.ec455503-bc18-4407-b5e3-5e4b2bc2a338</processId>
            <parameterType>2</parameterType>
            <isArrayOf>false</isArrayOf>
            <classId>f9bfad03-1cba-408d-921f-41cfbdd4600c/12.c09c9b6e-aabd-4897-bef2-ed61db106297</classId>
            <seq>2</seq>
            <hasDefault>false</hasDefault>
            <defaultValue isNull="true" />
            <isLocked>false</isLocked>
            <description isNull="true" />
            <guid>guid:fb3191b8-3593-49d7-8459-1280cf0fa665</guid>
            <versionId>e8c092e7-78d3-4ceb-bc61-7494861b0295</versionId>
        </processParameter>
        <processParameter name="error">
            <lastModified isNull="true" />
            <lastModifiedBy isNull="true" />
            <tenantId isNull="true" />
            <processParameterId>2055.42a17a44-b99f-4372-86bb-54fb26b13033</processParameterId>
            <processId>1.ec455503-bc18-4407-b5e3-5e4b2bc2a338</processId>
            <parameterType>2</parameterType>
            <isArrayOf>false</isArrayOf>
            <classId>9b766f05-41c8-44ae-8ce7-ca32db253f3c/12.5551644c-3dc6-4161-a939-4e7f27f8ce45</classId>
            <seq>3</seq>
            <hasDefault>false</hasDefault>
            <defaultValue isNull="true" />
            <isLocked>false</isLocked>
            <description isNull="true" />
            <guid>guid:446699e0-8764-402a-9140-e1fc6fab8d68</guid>
            <versionId>aad87283-3aeb-4dbf-8f28-100eeefedc30</versionId>
        </processParameter>
        <item>
            <lastModified isNull="true" />
            <lastModifiedBy isNull="true" />
            <tenantId isNull="true" />
            <processItemId>2025.231d0de0-fa85-4fb0-8a95-7bc69077aaa0</processItemId>
            <processId>1.ec455503-bc18-4407-b5e3-5e4b2bc2a338</processId>
            <name>Exclusive gateway</name>
            <tWComponentName>Switch</tWComponentName>
            <tWComponentId>3013.3cf7b436-f778-4a7d-9364-b4f5ff199cd7</tWComponentId>
            <isLogEnabled>false</isLogEnabled>
            <isTraceEnabled>false</isTraceEnabled>
            <traceCategory isNull="true" />
            <traceLevel isNull="true" />
            <traceMessage isNull="true" />
            <traceSymbolTable isNull="true" />
            <isExecutionContextTraced>false</isExecutionContextTraced>
            <saveExecutionContext>false</saveExecutionContext>
            <documentation isNull="true" />
            <isErrorHandlerEnabled>false</isErrorHandlerEnabled>
            <errorHandlerItemId isNull="true" />
            <guid>guid:4de8e7d5da8de40b:66c9899e:18f8878ebd9:-78dc</guid>
            <versionId>87c94640-be6e-41d7-99bb-92183c8612f5</versionId>
            <externalServiceRef isNull="true" />
            <externalServiceOp isNull="true" />
            <nodeColor isNull="true" />
            <layoutData x="180" y="76">
                <errorLink>
                    <controlPoints />
                    <showEndState>false</showEndState>
                    <showName>false</showName>
                </errorLink>
            </layoutData>
            <TWComponent>
                <lastModified isNull="true" />
                <lastModifiedBy isNull="true" />
                <tenantId isNull="true" />
                <switchId>3013.3cf7b436-f778-4a7d-9364-b4f5ff199cd7</switchId>
                <guid>guid:5259b191-8cba-4de2-a082-12145dafb114</guid>
                <versionId>f588988d-23eb-447f-a049-0e17bcfe668d</versionId>
                <SwitchCondition>
                    <lastModified isNull="true" />
                    <lastModifiedBy isNull="true" />
                    <tenantId isNull="true" />
                    <switchConditionId>3014.0fcc49ed-61fe-40f8-8815-ff0688e54dab</switchConditionId>
                    <switchId>3013.3cf7b436-f778-4a7d-9364-b4f5ff199cd7</switchId>
                    <seq>1</seq>
                    <endStateId>guid:4de8e7d5da8de40b:66c9899e:18f8878ebd9:-78c0</endStateId>
                    <condition>tw.local.data	  ==	  "Email"</condition>
                    <guid>guid:0fcc49ed-61fe-40f8-8815-ff0688e54dab</guid>
                    <versionId>ef69c433-2845-4a2c-8170-7a9a4ca9b3c7</versionId>
                </SwitchCondition>
            </TWComponent>
        </item>
        <item>
            <lastModified isNull="true" />
            <lastModifiedBy isNull="true" />
            <tenantId isNull="true" />
            <processItemId>2025.0997816f-6fe7-4425-8fc0-e2b38c1c01b8</processItemId>
            <processId>1.ec455503-bc18-4407-b5e3-5e4b2bc2a338</processId>
            <name>End</name>
            <tWComponentName>ExitPoint</tWComponentName>
            <tWComponentId>3008.1c8d2dd6-4b5d-416c-871a-6448f862bf93</tWComponentId>
            <isLogEnabled>false</isLogEnabled>
            <isTraceEnabled>false</isTraceEnabled>
            <traceCategory isNull="true" />
            <traceLevel isNull="true" />
            <traceMessage isNull="true" />
            <traceSymbolTable isNull="true" />
            <isExecutionContextTraced>false</isExecutionContextTraced>
            <saveExecutionContext>true</saveExecutionContext>
            <documentation isNull="true" />
            <isErrorHandlerEnabled>false</isErrorHandlerEnabled>
            <errorHandlerItemId isNull="true" />
            <guid>guid:4de8e7d5da8de40b:66c9899e:18f8878ebd9:-78f2</guid>
            <versionId>15451c1a-d1c0-4b73-944f-30e71e5f7665</versionId>
            <externalServiceRef isNull="true" />
            <externalServiceOp isNull="true" />
            <nodeColor isNull="true" />
            <layoutData x="650" y="80">
                <errorLink>
                    <controlPoints />
                    <showEndState>false</showEndState>
                    <showName>false</showName>
                </errorLink>
            </layoutData>
            <TWComponent>
                <lastModified isNull="true" />
                <lastModifiedBy isNull="true" />
                <tenantId isNull="true" />
                <exitPointId>3008.1c8d2dd6-4b5d-416c-871a-6448f862bf93</exitPointId>
                <haltProcess>false</haltProcess>
                <guid>guid:e4dc8b92-18d2-49a3-82b5-2f9f9ec162b2</guid>
                <versionId>49c524ff-e5fb-4763-9c61-f1f8a7f41661</versionId>
            </TWComponent>
        </item>
        <item>
            <lastModified isNull="true" />
            <lastModifiedBy isNull="true" />
            <tenantId isNull="true" />
            <processItemId>2025.15309a97-890f-43d5-82ca-249d43576031</processItemId>
            <processId>1.ec455503-bc18-4407-b5e3-5e4b2bc2a338</processId>
            <name>Email</name>
            <tWComponentName>SubProcess</tWComponentName>
            <tWComponentId>3012.8b755632-2598-43e3-a2eb-3e8a5fb8e258</tWComponentId>
            <isLogEnabled>false</isLogEnabled>
            <isTraceEnabled>false</isTraceEnabled>
            <traceCategory isNull="true" />
            <traceLevel isNull="true" />
            <traceMessage isNull="true" />
            <traceSymbolTable isNull="true" />
            <isExecutionContextTraced>false</isExecutionContextTraced>
            <saveExecutionContext>false</saveExecutionContext>
            <documentation isNull="true" />
            <isErrorHandlerEnabled>false</isErrorHandlerEnabled>
            <errorHandlerItemId isNull="true" />
            <guid>guid:4de8e7d5da8de40b:66c9899e:18f8878ebd9:-78dd</guid>
            <versionId>2c1dc273-a3dc-4e3d-89f3-49d0d7fd9cb7</versionId>
            <externalServiceRef isNull="true" />
            <externalServiceOp isNull="true" />
            <nodeColor isNull="true" />
            <layoutData x="384" y="163">
                <errorLink>
                    <controlPoints />
                    <showEndState>false</showEndState>
                    <showName>false</showName>
                </errorLink>
            </layoutData>
            <TWComponent>
                <lastModified isNull="true" />
                <lastModifiedBy isNull="true" />
                <tenantId isNull="true" />
                <subProcessId>3012.8b755632-2598-43e3-a2eb-3e8a5fb8e258</subProcessId>
                <attachedProcessRef>/1.e3b1241c-e158-4930-b33b-e7d79be80a76</attachedProcessRef>
                <guid>guid:35092af5-c4c9-4d20-a574-84f9fb370db7</guid>
                <versionId>47211a66-b068-4045-93e6-949249ab0831</versionId>
                <parameterMapping name="docs">
                    <lastModified isNull="true" />
                    <lastModifiedBy isNull="true" />
                    <tenantId isNull="true" />
                    <parameterMappingId>2054.f8278883-4fbb-4d67-b360-11500ab3d7a1</parameterMappingId>
                    <processParameterId>2055.38bb5299-570d-43eb-8147-96f3f013d793</processParameterId>
                    <parameterMappingParentId>3012.8b755632-2598-43e3-a2eb-3e8a5fb8e258</parameterMappingParentId>
                    <useDefault>false</useDefault>
                    <value>tw.local.results</value>
                    <classRef>/12.96bbebff-2620-4303-b3d3-5f56b89693c9</classRef>
                    <isList>true</isList>
                    <isInput>false</isInput>
                    <mappingMode isNull="true" />
                    <sourcePath isNull="true" />
                    <targetPath isNull="true" />
                    <guid>guid:f8278883-4fbb-4d67-b360-11500ab3d7a1</guid>
                    <versionId>04f61570-1529-43d7-b9e2-958dfe9daf57</versionId>
                    <description isNull="true" />
                </parameterMapping>
            </TWComponent>
        </item>
        <item>
            <lastModified isNull="true" />
            <lastModifiedBy isNull="true" />
            <tenantId isNull="true" />
            <processItemId>2025.7673dfcd-fab4-4a9d-876e-3837648dec12</processItemId>
            <processId>1.ec455503-bc18-4407-b5e3-5e4b2bc2a338</processId>
            <name>Transcript</name>
            <tWComponentName>SubProcess</tWComponentName>
            <tWComponentId>3012.a1852160-7d32-48d4-b7c8-a055bcf0d08b</tWComponentId>
            <isLogEnabled>false</isLogEnabled>
            <isTraceEnabled>false</isTraceEnabled>
            <traceCategory isNull="true" />
            <traceLevel isNull="true" />
            <traceMessage isNull="true" />
            <traceSymbolTable isNull="true" />
            <isExecutionContextTraced>false</isExecutionContextTraced>
            <saveExecutionContext>false</saveExecutionContext>
            <documentation isNull="true" />
            <isErrorHandlerEnabled>false</isErrorHandlerEnabled>
            <errorHandlerItemId isNull="true" />
            <guid>guid:4de8e7d5da8de40b:66c9899e:18f8878ebd9:-78f0</guid>
            <versionId>e498d341-6bca-4cdc-b7e5-fa46a63b7356</versionId>
            <externalServiceRef isNull="true" />
            <externalServiceOp isNull="true" />
            <nodeColor isNull="true" />
            <layoutData x="383" y="57">
                <errorLink>
                    <controlPoints />
                    <showEndState>false</showEndState>
                    <showName>false</showName>
                </errorLink>
            </layoutData>
            <TWComponent>
                <lastModified isNull="true" />
                <lastModifiedBy isNull="true" />
                <tenantId isNull="true" />
                <subProcessId>3012.a1852160-7d32-48d4-b7c8-a055bcf0d08b</subProcessId>
                <attachedProcessRef>/1.0c5aa512-a402-4d97-bfa6-c6176e60a774</attachedProcessRef>
                <guid>guid:c46016d1-4bea-4322-9e6e-d0b78580c34e</guid>
                <versionId>598463c6-06b8-41c4-b1e9-b987a564fb9e</versionId>
                <parameterMapping name="docs">
                    <lastModified isNull="true" />
                    <lastModifiedBy isNull="true" />
                    <tenantId isNull="true" />
                    <parameterMappingId>2054.9f9b81c7-b008-42a4-98f4-9459728fb1a8</parameterMappingId>
                    <processParameterId>2055.d7791d8a-59c7-4aa8-86fa-c510e8bb716f</processParameterId>
                    <parameterMappingParentId>3012.a1852160-7d32-48d4-b7c8-a055bcf0d08b</parameterMappingParentId>
                    <useDefault>false</useDefault>
                    <value>tw.local.results</value>
                    <classRef>/12.96bbebff-2620-4303-b3d3-5f56b89693c9</classRef>
                    <isList>true</isList>
                    <isInput>false</isInput>
                    <mappingMode isNull="true" />
                    <sourcePath isNull="true" />
                    <targetPath isNull="true" />
                    <guid>guid:9f9b81c7-b008-42a4-98f4-9459728fb1a8</guid>
                    <versionId>07f604b9-679e-4c66-abbf-6bc2f93250dd</versionId>
                    <description isNull="true" />
                </parameterMapping>
            </TWComponent>
        </item>
        <startingProcessItemId>2025.231d0de0-fa85-4fb0-8a95-7bc69077aaa0</startingProcessItemId>
        <errorHandlerItemId isNull="true" />
        <layoutData noConversion="true">
            <errorLink>
                <controlPoints />
                <showEndState>false</showEndState>
                <showName>false</showName>
            </errorLink>
        </layoutData>
        <startPoint>
            <layoutData x="25" y="80">
                <errorLink>
                    <controlPoints />
                    <showEndState>false</showEndState>
                    <showName>false</showName>
                </errorLink>
            </layoutData>
        </startPoint>
        <startLink>
            <fromPort locationId="rightCenter" portType="1" />
            <toPort locationId="leftCenter" portType="2" />
            <layoutData>
                <controlPoints />
                <showEndState>false</showEndState>
                <showName>false</showName>
            </layoutData>
        </startLink>
        <bpmn2Model>
            <ns16:definitions xmlns:ns16="http://www.omg.org/spec/BPMN/20100524/MODEL" xmlns:ns2="http://www.ibm.com/xmlns/prod/bpm/bpmn/ext/process" xmlns:ns3="http://www.ibm.com/xmlns/prod/bpm/bpmn/ext/process/wle" xmlns:ns4="http://www.ibm.com/xmlns/prod/bpm/bpmn/ext/process/case" xmlns:ns5="http://www.ibm.com/bpm/Extensions" xmlns:ns6="http://www.ibm.com/xmlns/prod/bpm/uca" xmlns:ns7="http://www.ibm.com/xmlns/prod/bpm/bpmn/ext/team" xmlns:ns8="http://www.ibm.com/xmlns/prod/bpm/bpmn/ext/trackinggroup" xmlns:ns9="http://www.ibm.com/xmlns/bpmnx/20100524/v1/BusinessVocabulary" xmlns:ns10="http://www.omg.org/spec/DD/20100524/DI" xmlns:ns11="http://www.omg.org/spec/DD/20100524/DC" xmlns:ns12="http://www.omg.org/spec/BPMN/20100524/BPMNDI" xmlns:ns13="http://www.ibm.com/xmlns/prod/bpm/graph" xmlns:ns14="http://www.ibm.com/xmlns/prod/bpm/bpmn/ext/process/auth" xmlns:ns15="http://www.ibm.com/xmlns/prod/bpm/bpmn/ext/extservice" xmlns:ns17="http://www.ibm.com/bpm/processappsettings" xmlns:ns18="http://www.ibm.com/xmlns/links" xmlns:ns19="http://www.ibm.com/bpm/CoachDesignerNG" xmlns:ns20="http://www.ibm.com/xmlns/tagging" xmlns:ns21="http://www.ibm.com/bpm/uitheme" xmlns:ns22="http://www.ibm.com/bpm/coachview" targetNamespace="" expressionLanguage="http://www.ibm.com/xmlns/prod/bpm/expression-lang/javascript" typeLanguage="http://www.w3.org/2001/XMLSchema">
                
                
                <ns16:process name="GetDocsSC" id="1.ec455503-bc18-4407-b5e3-5e4b2bc2a338" ns2:executionMode="microflow">
                    
                    
                    <ns16:documentation textFormat="text/plain" />
                    
                    
                    <ns16:extensionElements>
                        
                        
                        <ns2:isTransactionalFlow>false</ns2:isTransactionalFlow>
                        
                        
                        <ns2:sboSyncEnabled>true</ns2:sboSyncEnabled>
                        
                        
                        <ns2:isInvokedAsynchronously>false</ns2:isInvokedAsynchronously>
                        
                        
                        <ns2:isSecured>false</ns2:isSecured>
                        
                        
                        <ns2:isAjaxExposed>true</ns2:isAjaxExposed>
                        
                    
                    </ns16:extensionElements>
                    
                    
                    <ns16:ioSpecification>
                        
                        
                        <ns16:dataInput name="data" itemSubjectRef="itm.12.db884a3c-c533-44b7-bb2d-47bec8ad4022" isCollection="false" id="2055.78058399-9599-42f8-8f12-61054b378963">
                            
                            
                            <ns16:extensionElements>
                                
                                
                                <ns2:defaultValue useDefault="true">"Email"</ns2:defaultValue>
                                
                            
                            </ns16:extensionElements>
                            
                        
                        </ns16:dataInput>
                        
                        
                        <ns16:dataOutput name="results" itemSubjectRef="itm.12.c09c9b6e-aabd-4897-bef2-ed61db106297" isCollection="false" id="2055.ec7f9390-adf0-4e15-82ed-64a042638525" />
                        
                        
                        <ns16:dataOutput name="error" itemSubjectRef="itm.12.5551644c-3dc6-4161-a939-4e7f27f8ce45" isCollection="false" id="2055.42a17a44-b99f-4372-86bb-54fb26b13033" />
                        
                        
                        <ns16:inputSet />
                        
                        
                        <ns16:outputSet />
                        
                    
                    </ns16:ioSpecification>
                    
                    
                    <ns16:laneSet id="36721464-6e24-4776-86c0-b91de6bc06bc">
                        
                        
                        <ns16:lane name="System" partitionElementRef="24.6fd38d02-81cf-48ab-bd42-8ff4c0a1628b" id="13692c46-1edb-4fd6-88ba-1b2a4f898f93" ns3:isSystemLane="true">
                            
                            
                            <ns16:extensionElements>
                                
                                
                                <ns13:nodeVisualInfo x="0" y="0" width="3000" height="500" color="#F8F8F8" />
                                
                            
                            </ns16:extensionElements>
                            
                            
                            <ns16:flowNodeRef>c28b242b-d57c-48b0-8ad2-85ba74816ed6</ns16:flowNodeRef>
                            
                            
                            <ns16:flowNodeRef>0997816f-6fe7-4425-8fc0-e2b38c1c01b8</ns16:flowNodeRef>
                            
                            
                            <ns16:flowNodeRef>7673dfcd-fab4-4a9d-876e-3837648dec12</ns16:flowNodeRef>
                            
                            
                            <ns16:flowNodeRef>231d0de0-fa85-4fb0-8a95-7bc69077aaa0</ns16:flowNodeRef>
                            
                            
                            <ns16:flowNodeRef>15309a97-890f-43d5-82ca-249d43576031</ns16:flowNodeRef>
                            
                        
                        </ns16:lane>
                        
                    
                    </ns16:laneSet>
                    
                    
                    <ns16:startEvent isInterrupting="false" parallelMultiple="false" name="Start" id="c28b242b-d57c-48b0-8ad2-85ba74816ed6">
                        
                        
                        <ns16:extensionElements>
                            
                            
                            <ns13:nodeVisualInfo x="25" y="80" width="24" height="24" color="#F8F8F8" />
                            
                        
                        </ns16:extensionElements>
                        
                        
                        <ns16:outgoing>2027.f6f2908a-e978-4527-8e75-1363875efd80</ns16:outgoing>
                        
                    
                    </ns16:startEvent>
                    
                    
                    <ns16:endEvent name="End" id="0997816f-6fe7-4425-8fc0-e2b38c1c01b8">
                        
                        
                        <ns16:extensionElements>
                            
                            
                            <ns13:nodeVisualInfo x="650" y="80" width="24" height="24" color="#F8F8F8" />
                            
                            
                            <ns3:saveExecutionContext>true</ns3:saveExecutionContext>
                            
                            
                            <ns2:endStateId>guid:4de8e7d5da8de40b:66c9899e:18f8878ebd9:-78f2</ns2:endStateId>
                            
                        
                        </ns16:extensionElements>
                        
                        
                        <ns16:incoming>d0306047-afdc-4036-8185-351c1cee9e85</ns16:incoming>
                        
                        
                        <ns16:incoming>fd0443db-b8c2-4fd9-8d2a-c891a1da5828</ns16:incoming>
                        
                    
                    </ns16:endEvent>
                    
                    
                    <ns16:sequenceFlow sourceRef="c28b242b-d57c-48b0-8ad2-85ba74816ed6" targetRef="231d0de0-fa85-4fb0-8a95-7bc69077aaa0" name="To Exclusive gateway" id="2027.f6f2908a-e978-4527-8e75-1363875efd80">
                        
                        
                        <ns16:extensionElements>
                            
                            
                            <ns13:linkVisualInfo>
                                
                                
                                <ns13:sourcePortLocation>rightCenter</ns13:sourcePortLocation>
                                
                                
                                <ns13:targetPortLocation>leftCenter</ns13:targetPortLocation>
                                
                                
                                <ns13:showLabel>false</ns13:showLabel>
                                
                                
                                <ns13:showCoachControlLabel>false</ns13:showCoachControlLabel>
                                
                                
                                <ns13:labelPosition>0.0</ns13:labelPosition>
                                
                                
                                <ns13:saveExecutionContext>false</ns13:saveExecutionContext>
                                
                            
                            </ns13:linkVisualInfo>
                            
                        
                        </ns16:extensionElements>
                        
                    
                    </ns16:sequenceFlow>
                    
                    
                    <ns16:callActivity calledElement="1.0c5aa512-a402-4d97-bfa6-c6176e60a774" name="Transcript" id="7673dfcd-fab4-4a9d-876e-3837648dec12">
                        
                        
                        <ns16:extensionElements>
                            
                            
                            <ns13:nodeVisualInfo x="383" y="57" width="95" height="70" />
                            
                            
                            <ns3:activityType>CalledProcess</ns3:activityType>
                            
                        
                        </ns16:extensionElements>
                        
                        
                        <ns16:incoming>b2449631-6ae2-4a91-870e-66dfd11bda19</ns16:incoming>
                        
                        
                        <ns16:outgoing>d0306047-afdc-4036-8185-351c1cee9e85</ns16:outgoing>
                        
                        
                        <ns16:dataOutputAssociation>
                            
                            
                            <ns16:sourceRef>2055.d7791d8a-59c7-4aa8-86fa-c510e8bb716f</ns16:sourceRef>
                            
                            
                            <ns16:assignment>
                                
                                
                                <ns16:to xmlns:xsi="http://www.w3.org/2001/XMLSchema-instance" xsi:type="ns16:tFormalExpression" evaluatesToTypeRef="itm.12.c09c9b6e-aabd-4897-bef2-ed61db106297">tw.local.results</ns16:to>
                                
                            
                            </ns16:assignment>
                            
                        
                        </ns16:dataOutputAssociation>
                        
                    
                    </ns16:callActivity>
                    
                    
                    <ns16:sequenceFlow sourceRef="7673dfcd-fab4-4a9d-876e-3837648dec12" targetRef="0997816f-6fe7-4425-8fc0-e2b38c1c01b8" name="To End" id="d0306047-afdc-4036-8185-351c1cee9e85">
                        
                        
                        <ns16:extensionElements>
                            
                            
                            <ns2:sequenceFlowImplementation sboSyncEnabled="true" />
                            
                            
                            <ns13:linkVisualInfo>
                                
                                
                                <ns13:sourcePortLocation>rightCenter</ns13:sourcePortLocation>
                                
                                
                                <ns13:targetPortLocation>leftCenter</ns13:targetPortLocation>
                                
                                
                                <ns13:showLabel>false</ns13:showLabel>
                                
                                
                                <ns13:showCoachControlLabel>false</ns13:showCoachControlLabel>
                                
                                
                                <ns13:labelPosition>0.0</ns13:labelPosition>
                                
                                
                                <ns13:saveExecutionContext>true</ns13:saveExecutionContext>
                                
                            
                            </ns13:linkVisualInfo>
                            
                            
                            <ns2:endStateId>guid:4de8e7d5da8de40b:66c9899e:18f8878ebd9:-7938</ns2:endStateId>
                            
                        
                        </ns16:extensionElements>
                        
                    
                    </ns16:sequenceFlow>
                    
                    
                    <ns16:exclusiveGateway default="b2449631-6ae2-4a91-870e-66dfd11bda19" name="Exclusive gateway" id="231d0de0-fa85-4fb0-8a95-7bc69077aaa0">
                        
                        
                        <ns16:extensionElements>
                            
                            
                            <ns13:nodeVisualInfo x="180" y="76" width="32" height="32" />
                            
                        
                        </ns16:extensionElements>
                        
                        
                        <ns16:incoming>2027.f6f2908a-e978-4527-8e75-1363875efd80</ns16:incoming>
                        
                        
                        <ns16:outgoing>b2449631-6ae2-4a91-870e-66dfd11bda19</ns16:outgoing>
                        
                        
                        <ns16:outgoing>d4adc513-8880-4dda-89ef-f9cba9317330</ns16:outgoing>
                        
                    
                    </ns16:exclusiveGateway>
                    
                    
                    <ns16:sequenceFlow sourceRef="231d0de0-fa85-4fb0-8a95-7bc69077aaa0" targetRef="7673dfcd-fab4-4a9d-876e-3837648dec12" name="To Transcript" id="b2449631-6ae2-4a91-870e-66dfd11bda19">
                        
                        
                        <ns16:extensionElements>
                            
                            
                            <ns13:linkVisualInfo>
                                
                                
                                <ns13:sourcePortLocation>rightCenter</ns13:sourcePortLocation>
                                
                                
                                <ns13:targetPortLocation>leftCenter</ns13:targetPortLocation>
                                
                                
                                <ns13:showLabel>true</ns13:showLabel>
                                
                                
                                <ns13:showCoachControlLabel>false</ns13:showCoachControlLabel>
                                
                                
                                <ns13:labelPosition>0.0</ns13:labelPosition>
                                
                                
                                <ns13:saveExecutionContext>false</ns13:saveExecutionContext>
                                
                            
                            </ns13:linkVisualInfo>
                            
                        
                        </ns16:extensionElements>
                        
                    
                    </ns16:sequenceFlow>
                    
                    
                    <ns16:callActivity calledElement="1.e3b1241c-e158-4930-b33b-e7d79be80a76" name="Email" id="15309a97-890f-43d5-82ca-249d43576031">
                        
                        
                        <ns16:extensionElements>
                            
                            
                            <ns13:nodeVisualInfo x="384" y="163" width="95" height="70" />
                            
                            
                            <ns3:activityType>CalledProcess</ns3:activityType>
                            
                        
                        </ns16:extensionElements>
                        
                        
                        <ns16:incoming>d4adc513-8880-4dda-89ef-f9cba9317330</ns16:incoming>
                        
                        
                        <ns16:outgoing>fd0443db-b8c2-4fd9-8d2a-c891a1da5828</ns16:outgoing>
                        
                        
                        <ns16:dataOutputAssociation>
                            
                            
                            <ns16:sourceRef>2055.38bb5299-570d-43eb-8147-96f3f013d793</ns16:sourceRef>
                            
                            
                            <ns16:assignment>
                                
                                
                                <ns16:to xmlns:xsi="http://www.w3.org/2001/XMLSchema-instance" xsi:type="ns16:tFormalExpression" evaluatesToTypeRef="itm.12.c09c9b6e-aabd-4897-bef2-ed61db106297">tw.local.results</ns16:to>
                                
                            
                            </ns16:assignment>
                            
                        
                        </ns16:dataOutputAssociation>
                        
                    
                    </ns16:callActivity>
                    
                    
                    <ns16:sequenceFlow sourceRef="231d0de0-fa85-4fb0-8a95-7bc69077aaa0" targetRef="15309a97-890f-43d5-82ca-249d43576031" name="To Email" id="d4adc513-8880-4dda-89ef-f9cba9317330">
                        
                        
                        <ns16:extensionElements>
                            
                            
                            <ns13:linkVisualInfo>
                                
                                
                                <ns13:sourcePortLocation>bottomCenter</ns13:sourcePortLocation>
                                
                                
                                <ns13:targetPortLocation>leftCenter</ns13:targetPortLocation>
                                
                                
                                <ns13:showLabel>true</ns13:showLabel>
                                
                                
                                <ns13:showCoachControlLabel>false</ns13:showCoachControlLabel>
                                
                                
                                <ns13:labelPosition>0.0</ns13:labelPosition>
                                
                                
                                <ns13:saveExecutionContext>false</ns13:saveExecutionContext>
                                
                            
                            </ns13:linkVisualInfo>
                            
                        
                        </ns16:extensionElements>
                        
                        
                        <ns16:conditionExpression xmlns:xsi="http://www.w3.org/2001/XMLSchema-instance" xsi:type="ns16:tFormalExpression">tw.local.data	  ==	  "Email"</ns16:conditionExpression>
                        
                    
                    </ns16:sequenceFlow>
                    
                    
                    <ns16:sequenceFlow sourceRef="15309a97-890f-43d5-82ca-249d43576031" targetRef="0997816f-6fe7-4425-8fc0-e2b38c1c01b8" name="To End" id="fd0443db-b8c2-4fd9-8d2a-c891a1da5828">
                        
                        
                        <ns16:extensionElements>
                            
                            
                            <ns2:sequenceFlowImplementation sboSyncEnabled="true" />
                            
                            
                            <ns13:linkVisualInfo>
                                
                                
                                <ns13:sourcePortLocation>rightCenter</ns13:sourcePortLocation>
                                
                                
                                <ns13:targetPortLocation>leftCenter</ns13:targetPortLocation>
                                
                                
                                <ns13:showLabel>false</ns13:showLabel>
                                
                                
                                <ns13:showCoachControlLabel>false</ns13:showCoachControlLabel>
                                
                                
                                <ns13:labelPosition>0.0</ns13:labelPosition>
                                
                                
                                <ns13:saveExecutionContext>true</ns13:saveExecutionContext>
                                
                            
                            </ns13:linkVisualInfo>
                            
                            
                            <ns2:endStateId>guid:4de8e7d5da8de40b:66c9899e:18f8878ebd9:-78e8</ns2:endStateId>
                            
                        
                        </ns16:extensionElements>
                        
                    
                    </ns16:sequenceFlow>
                    
                
                </ns16:process>
                
            
            </ns16:definitions>
        </bpmn2Model>
        <link name="To End">
            <lastModified isNull="true" />
            <lastModifiedBy isNull="true" />
            <tenantId isNull="true" />
            <processLinkId>2027.d0306047-afdc-4036-8185-351c1cee9e85</processLinkId>
            <processId>1.ec455503-bc18-4407-b5e3-5e4b2bc2a338</processId>
            <description isNull="true" />
            <fromProcessItemId>2025.7673dfcd-fab4-4a9d-876e-3837648dec12</fromProcessItemId>
            <endStateId>guid:4de8e7d5da8de40b:66c9899e:18f8878ebd9:-7938</endStateId>
            <toProcessItemId>2025.0997816f-6fe7-4425-8fc0-e2b38c1c01b8</toProcessItemId>
            <guid>guid:797d235b-8d3d-4f80-b7a8-0c9ba3400493</guid>
            <versionId>cdb8658a-6f03-4e86-8983-b89b80c0cd59</versionId>
            <layoutData>
                <controlPoints />
                <showEndState>false</showEndState>
                <showName>false</showName>
            </layoutData>
            <fromItemPort locationId="rightCenter" portType="1" />
            <toItemPort locationId="leftCenter" portType="2" />
            <fromProcessItemId>2025.7673dfcd-fab4-4a9d-876e-3837648dec12</fromProcessItemId>
            <toProcessItemId>2025.0997816f-6fe7-4425-8fc0-e2b38c1c01b8</toProcessItemId>
        </link>
        <link name="To End">
            <lastModified isNull="true" />
            <lastModifiedBy isNull="true" />
            <tenantId isNull="true" />
            <processLinkId>2027.fd0443db-b8c2-4fd9-8d2a-c891a1da5828</processLinkId>
            <processId>1.ec455503-bc18-4407-b5e3-5e4b2bc2a338</processId>
            <description isNull="true" />
            <fromProcessItemId>2025.15309a97-890f-43d5-82ca-249d43576031</fromProcessItemId>
            <endStateId>guid:4de8e7d5da8de40b:66c9899e:18f8878ebd9:-78e8</endStateId>
            <toProcessItemId>2025.0997816f-6fe7-4425-8fc0-e2b38c1c01b8</toProcessItemId>
            <guid>guid:49a87ba6-2b60-4cfc-91e1-769fc1963934</guid>
            <versionId>3b61bfa5-af7a-40a1-b53f-3817e2a17a77</versionId>
            <layoutData>
                <controlPoints />
                <showEndState>false</showEndState>
                <showName>false</showName>
            </layoutData>
            <fromItemPort locationId="rightCenter" portType="1" />
            <toItemPort locationId="leftCenter" portType="2" />
            <fromProcessItemId>2025.15309a97-890f-43d5-82ca-249d43576031</fromProcessItemId>
            <toProcessItemId>2025.0997816f-6fe7-4425-8fc0-e2b38c1c01b8</toProcessItemId>
        </link>
        <link name="To Email">
            <lastModified isNull="true" />
            <lastModifiedBy isNull="true" />
            <tenantId isNull="true" />
            <processLinkId>2027.d4adc513-8880-4dda-89ef-f9cba9317330</processLinkId>
            <processId>1.ec455503-bc18-4407-b5e3-5e4b2bc2a338</processId>
            <description isNull="true" />
            <fromProcessItemId>2025.231d0de0-fa85-4fb0-8a95-7bc69077aaa0</fromProcessItemId>
            <endStateId>guid:4de8e7d5da8de40b:66c9899e:18f8878ebd9:-78c0</endStateId>
            <toProcessItemId>2025.15309a97-890f-43d5-82ca-249d43576031</toProcessItemId>
            <guid>guid:2a06227e-85a4-4efc-9165-ca28aa2d4196</guid>
            <versionId>6b435b6d-d6cc-42de-b3ca-b301804793b5</versionId>
            <layoutData>
                <controlPoints />
                <showEndState>false</showEndState>
                <showName>true</showName>
            </layoutData>
            <fromItemPort locationId="bottomCenter" portType="1" />
            <toItemPort locationId="leftCenter" portType="2" />
            <fromProcessItemId>2025.231d0de0-fa85-4fb0-8a95-7bc69077aaa0</fromProcessItemId>
            <toProcessItemId>2025.15309a97-890f-43d5-82ca-249d43576031</toProcessItemId>
        </link>
        <link name="To Transcript">
            <lastModified isNull="true" />
            <lastModifiedBy isNull="true" />
            <tenantId isNull="true" />
            <processLinkId>2027.b2449631-6ae2-4a91-870e-66dfd11bda19</processLinkId>
            <processId>1.ec455503-bc18-4407-b5e3-5e4b2bc2a338</processId>
            <description isNull="true" />
            <fromProcessItemId>2025.231d0de0-fa85-4fb0-8a95-7bc69077aaa0</fromProcessItemId>
            <endStateId>DEFAULT</endStateId>
            <toProcessItemId>2025.7673dfcd-fab4-4a9d-876e-3837648dec12</toProcessItemId>
            <guid>guid:2e50c0a9-d968-47ce-b07d-19904608d960</guid>
            <versionId>d90ed039-54ac-4c14-a917-a4754e5186a4</versionId>
            <layoutData>
                <controlPoints />
                <showEndState>false</showEndState>
                <showName>true</showName>
            </layoutData>
            <fromItemPort locationId="rightCenter" portType="1" />
            <toItemPort locationId="leftCenter" portType="2" />
            <fromProcessItemId>2025.231d0de0-fa85-4fb0-8a95-7bc69077aaa0</fromProcessItemId>
            <toProcessItemId>2025.7673dfcd-fab4-4a9d-876e-3837648dec12</toProcessItemId>
        </link>
    </process>
</teamworks>

