<?xml version="1.0" encoding="UTF-8"?>
<teamworks>
    <process id="1.f0bf025c-f1b0-486d-b99f-df66c8a78a59" name="Integration Java">
        <lastModified>1716545781227</lastModified>
        <lastModifiedBy>cp4admin</lastModifiedBy>
        <tenantId isNull="true" />
        <processId>1.f0bf025c-f1b0-486d-b99f-df66c8a78a59</processId>
        <image isNull="true" />
        <tabGroup isNull="true" />
        <startingProcessItemId>2025.2889767f-4dc8-4839-875f-6be488901ea4</startingProcessItemId>
        <isRootProcess>false</isRootProcess>
        <processType>12</processType>
        <isErrorHandlerEnabled>false</isErrorHandlerEnabled>
        <errorHandlerItemId isNull="true" />
        <isLoggingVariables>false</isLoggingVariables>
        <isTransactional>false</isTransactional>
        <processTimingLevel isNull="true" />
        <participantRef isNull="true" />
        <exposedType>0</exposedType>
        <isTrackingEnabled>true</isTrackingEnabled>
        <xmlData isNull="true" />
        <cachingType>false</cachingType>
        <itemLabel isNull="true" />
        <cacheLength>0</cacheLength>
        <mobileReady>false</mobileReady>
        <sboSyncEnabled>true</sboSyncEnabled>
        <externalId isNull="true" />
        <isSecured>false</isSecured>
        <isAjaxExposed>true</isAjaxExposed>
        <isInvokedAsynchronously>false</isInvokedAsynchronously>
        <isTransactionalFlow>true</isTransactionalFlow>
        <description isNull="true" />
        <guid>guid:4de8e7d5da8de40b:66c9899e:18f8878ebd9:-7253</guid>
        <versionId>14091765-689d-4898-bc68-8546f9543df4</versionId>
        <dependencySummary>&lt;dependencySummary id="bpdid:4de8e7d5da8de40b:66c9899e:18f8878ebd9:-71b0"&gt;
  &lt;artifactReference id="bpdid:4de8e7d5da8de40b:66c9899e:18f8878ebd9:-71af"&gt;
    &lt;refId&gt;1.417647a4-718e-4c8e-a134-0706f784614d&lt;/refId&gt;
    &lt;refType&gt;1&lt;/refType&gt;
    &lt;nameValuePair id="bpdid:4de8e7d5da8de40b:66c9899e:18f8878ebd9:-71ae"&gt;
      &lt;name&gt;operationId&lt;/name&gt;
      &lt;value&gt;{teamworks}_33deb8f9-cc95-44ee-8d04-d8c011e0ece0&lt;/value&gt;
    &lt;/nameValuePair&gt;
  &lt;/artifactReference&gt;
&lt;/dependencySummary&gt;</dependencySummary>
        <jsonData>{"rootElement":[{"flowElement":[{"parallelMultiple":false,"outgoing":["2027.ab0f7e14-9de3-4eda-81d9-f66ece0fdaa4"],"isInterrupting":false,"extensionElements":{"nodeVisualInfo":[{"color":"#F8F8F8","width":24,"x":133,"y":173,"declaredType":"TNodeVisualInfo","height":24}]},"name":"Start","declaredType":"startEvent","id":"4b607972-5bfb-4324-8575-00ab6b4dc4eb"},{"incoming":["693b85eb-db2f-4c91-8f88-b11b373c67a7"],"extensionElements":{"nodeVisualInfo":[{"color":"#F8F8F8","width":24,"x":998,"y":75,"declaredType":"TNodeVisualInfo","height":24}],"endStateId":["guid:4de8e7d5da8de40b:66c9899e:18f8878ebd9:-7251"],"saveExecutionContext":[true]},"name":"End","declaredType":"endEvent","id":"55ef80f7-53fd-46da-8a92-edf95b8bade5"},{"targetRef":"2889767f-4dc8-4839-875f-6be488901ea4","extensionElements":{"linkVisualInfo":[{"sourcePortLocation":"rightCenter","showCoachControlLabel":false,"labelPosition":0.0,"targetPortLocation":"leftCenter","declaredType":"TLinkVisualInfo","saveExecutionContext":false,"showLabel":false}]},"name":"To Db Execute","declaredType":"sequenceFlow","id":"2027.ab0f7e14-9de3-4eda-81d9-f66ece0fdaa4","sourceRef":"4b607972-5bfb-4324-8575-00ab6b4dc4eb"},{"startQuantity":1,"outgoing":["8147ef3d-d26c-49b7-8324-2b8072f68267"],"incoming":["6a550f26-11d2-489a-80fb-4e76f8e74753","2027.ab0f7e14-9de3-4eda-81d9-f66ece0fdaa4"],"extensionElements":{"nodeVisualInfo":[{"width":95,"x":318,"y":89,"declaredType":"TNodeVisualInfo","height":70}],"activityType":["ServiceTask"],"externalServiceRefPO":["1.417647a4-718e-4c8e-a134-0706f784614d"],"externalServiceRef":["{teamworks}_469dbfc4-4ccb-47b9-a063-7f1bb3c0d4de"]},"operationRef":"{teamworks}_33deb8f9-cc95-44ee-8d04-d8c011e0ece0","implementation":"##WebService","name":"Db Execute","isForCompensation":false,"completionQuantity":1,"declaredType":"serviceTask","id":"2889767f-4dc8-4839-875f-6be488901ea4"},{"targetRef":"cd2dccdc-8959-4009-8672-4644fabeca2b","extensionElements":{"sequenceFlowImplementation":[{"fireValidation":"Never","sboSyncEnabled":true,"declaredType":"com.ibm.bpmsdk.model.bpmn20.ibmext.TSequenceFlowImplementation"}],"linkVisualInfo":[{"sourcePortLocation":"rightCenter","showCoachControlLabel":false,"labelPosition":0.0,"targetPortLocation":"leftCenter","declaredType":"TLinkVisualInfo","saveExecutionContext":true,"showLabel":false}]},"name":"To Kafka","declaredType":"sequenceFlow","id":"8147ef3d-d26c-49b7-8324-2b8072f68267","sourceRef":"2889767f-4dc8-4839-875f-6be488901ea4"},{"startQuantity":1,"outgoing":["693b85eb-db2f-4c91-8f88-b11b373c67a7"],"incoming":["8147ef3d-d26c-49b7-8324-2b8072f68267"],"extensionElements":{"nodeVisualInfo":[{"width":95,"x":608,"y":88,"declaredType":"TNodeVisualInfo","height":70}],"activityType":["ServiceTask"]},"implementation":"##WebService","name":"Kafka","isForCompensation":false,"completionQuantity":1,"declaredType":"serviceTask","id":"cd2dccdc-8959-4009-8672-4644fabeca2b"},{"targetRef":"55ef80f7-53fd-46da-8a92-edf95b8bade5","extensionElements":{"sequenceFlowImplementation":[{"fireValidation":"Never","sboSyncEnabled":true,"declaredType":"com.ibm.bpmsdk.model.bpmn20.ibmext.TSequenceFlowImplementation"}],"linkVisualInfo":[{"sourcePortLocation":"rightCenter","showCoachControlLabel":false,"labelPosition":0.0,"targetPortLocation":"leftCenter","declaredType":"TLinkVisualInfo","saveExecutionContext":true,"showLabel":false}]},"name":"To End","declaredType":"sequenceFlow","id":"693b85eb-db2f-4c91-8f88-b11b373c67a7","sourceRef":"cd2dccdc-8959-4009-8672-4644fabeca2b"},{"parallelMultiple":false,"outgoing":["6a550f26-11d2-489a-80fb-4e76f8e74753"],"dataOutput":[{"itemSubjectRef":"itm.19e8dc33-1100-46be-89a6-36c9040f7b3e","name":"error","isCollection":false,"id":"0855b797-db73-4f7f-8754-42e8d08b2559"}],"eventDefinition":[{"extensionElements":{"errorEventSettings":[{"catchAll":true,"declaredType":"com.ibm.bpmsdk.model.bpmn20.ibmwleext.TErrorEventSettings"}]},"declaredType":"errorEventDefinition","id":"be36bd1a-b368-450a-8f71-30a45adbe36d","otherAttributes":{"eventImplId":"81124109-7c22-4f4f-84a2-8bb3cb3dff27"}}],"attachedToRef":"cd2dccdc-8959-4009-8672-4644fabeca2b","extensionElements":{"nodeVisualInfo":[{"width":24,"x":643,"y":146,"declaredType":"TNodeVisualInfo","height":24}]},"cancelActivity":true,"name":"Error","declaredType":"boundaryEvent","id":"fb714a29-b547-4f0a-8f5a-adc26c836ced","outputSet":{}},{"targetRef":"2889767f-4dc8-4839-875f-6be488901ea4","extensionElements":{"linkVisualInfo":[{"sourcePortLocation":"bottomCenter","showCoachControlLabel":false,"labelPosition":0.0,"targetPortLocation":"bottomCenter","declaredType":"TLinkVisualInfo","saveExecutionContext":false,"showLabel":false}]},"name":"To Kafka","declaredType":"sequenceFlow","id":"6a550f26-11d2-489a-80fb-4e76f8e74753","sourceRef":"fb714a29-b547-4f0a-8f5a-adc26c836ced"}],"laneSet":[{"id":"b2ed4def-f2d3-4c3e-8556-8a4a28ff857e","lane":[{"flowNodeRef":["4b607972-5bfb-4324-8575-00ab6b4dc4eb","55ef80f7-53fd-46da-8a92-edf95b8bade5","2889767f-4dc8-4839-875f-6be488901ea4","cd2dccdc-8959-4009-8672-4644fabeca2b","fb714a29-b547-4f0a-8f5a-adc26c836ced"],"extensionElements":{"nodeVisualInfo":[{"color":"#F8F8F8","width":3000,"x":0,"y":0,"declaredType":"TNodeVisualInfo","height":500}]},"name":"System","partitionElementRef":"24.6fd38d02-81cf-48ab-bd42-8ff4c0a1628b","declaredType":"lane","id":"0a4f008f-d9f1-4ff6-80cf-414682c98257","otherAttributes":{"{http:\/\/www.ibm.com\/xmlns\/prod\/bpm\/bpmn\/ext\/process\/wle}isSystemLane":"true"}}]}],"isClosed":false,"extensionElements":{"isSecured":[false],"isAjaxExposed":[true],"isTransactionalFlow":[true],"sboSyncEnabled":[true],"isInvokedAsynchronously":[false]},"documentation":[{"textFormat":"text\/plain"}],"name":"Integration Java","declaredType":"process","id":"1.f0bf025c-f1b0-486d-b99f-df66c8a78a59","processType":"None","otherAttributes":{"{http:\/\/www.ibm.com\/xmlns\/prod\/bpm\/bpmn\/ext\/process}executionMode":"microflow"},"ioSpecification":{"inputSet":[{}],"outputSet":[{}]}}],"targetNamespace":"","typeLanguage":"http:\/\/www.w3.org\/2001\/XMLSchema","expressionLanguage":"http:\/\/www.ibm.com\/xmlns\/prod\/bpm\/expression-lang\/javascript"}</jsonData>
        <field1 isNull="true" />
        <field2 isNull="true" />
        <field3>0</field3>
        <field4 isNull="true" />
        <field5>false</field5>
        <clobField1 isNull="true" />
        <blobField1 isNull="true" />
        <item>
            <lastModified isNull="true" />
            <lastModifiedBy isNull="true" />
            <tenantId isNull="true" />
            <processItemId>2025.cd2dccdc-8959-4009-8672-4644fabeca2b</processItemId>
            <processId>1.f0bf025c-f1b0-486d-b99f-df66c8a78a59</processId>
            <name>Kafka</name>
            <tWComponentName>Script</tWComponentName>
            <tWComponentId>3011.0cf46b12-7678-47a1-9f8e-b8b0749200dc</tWComponentId>
            <isLogEnabled>false</isLogEnabled>
            <isTraceEnabled>false</isTraceEnabled>
            <traceCategory isNull="true" />
            <traceLevel isNull="true" />
            <traceMessage isNull="true" />
            <traceSymbolTable isNull="true" />
            <isExecutionContextTraced>false</isExecutionContextTraced>
            <saveExecutionContext>false</saveExecutionContext>
            <documentation isNull="true" />
            <isErrorHandlerEnabled>true</isErrorHandlerEnabled>
            <errorHandlerItemId>2025.2889767f-4dc8-4839-875f-6be488901ea4</errorHandlerItemId>
            <guid>guid:4de8e7d5da8de40b:66c9899e:18f8878ebd9:-71b6</guid>
            <versionId>f55c7ee3-df29-461d-b4b8-dd0c739a5c8a</versionId>
            <externalServiceRef isNull="true" />
            <externalServiceOp isNull="true" />
            <nodeColor isNull="true" />
            <layoutData x="608" y="88">
                <errorLink>
                    <controlPoints />
                    <showEndState>false</showEndState>
                    <showName>false</showName>
                </errorLink>
            </layoutData>
            <errorHandler>
                <name>Error</name>
                <locationId>bottomCenter</locationId>
                <faultStyle>1</faultStyle>
                <isCatchAll>true</isCatchAll>
                <errorHandlerItem>guid:4de8e7d5da8de40b:66c9899e:18f8878ebd9:-724c</errorHandlerItem>
                <errorHandlerItemId>2025.2889767f-4dc8-4839-875f-6be488901ea4</errorHandlerItemId>
                <errorHandlerLink>
                    <fromPort locationId="bottomCenter" portType="1" />
                    <toPort locationId="bottomCenter" portType="2" />
                    <layoutData>
                        <controlPoints />
                        <showEndState>false</showEndState>
                        <showName>false</showName>
                    </layoutData>
                </errorHandlerLink>
            </errorHandler>
            <TWComponent>
                <lastModified isNull="true" />
                <lastModifiedBy isNull="true" />
                <tenantId isNull="true" />
                <scriptId>3011.0cf46b12-7678-47a1-9f8e-b8b0749200dc</scriptId>
                <scriptTypeId isNull="true" />
                <isActive>false</isActive>
                <script isNull="true" />
                <isRule>false</isRule>
                <guid>guid:7b79edb4-63b5-4ec8-b0ed-5d8d1f74be8e</guid>
                <versionId>d106b24d-9269-44b8-b8f7-cb43854e0a3e</versionId>
            </TWComponent>
        </item>
        <item>
            <lastModified isNull="true" />
            <lastModifiedBy isNull="true" />
            <tenantId isNull="true" />
            <processItemId>2025.55ef80f7-53fd-46da-8a92-edf95b8bade5</processItemId>
            <processId>1.f0bf025c-f1b0-486d-b99f-df66c8a78a59</processId>
            <name>End</name>
            <tWComponentName>ExitPoint</tWComponentName>
            <tWComponentId>3008.68cad9ef-b587-44e1-99ea-6c6d733f0efa</tWComponentId>
            <isLogEnabled>false</isLogEnabled>
            <isTraceEnabled>false</isTraceEnabled>
            <traceCategory isNull="true" />
            <traceLevel isNull="true" />
            <traceMessage isNull="true" />
            <traceSymbolTable isNull="true" />
            <isExecutionContextTraced>false</isExecutionContextTraced>
            <saveExecutionContext>true</saveExecutionContext>
            <documentation isNull="true" />
            <isErrorHandlerEnabled>false</isErrorHandlerEnabled>
            <errorHandlerItemId isNull="true" />
            <guid>guid:4de8e7d5da8de40b:66c9899e:18f8878ebd9:-7251</guid>
            <versionId>6b931d7b-7c9e-44e8-a344-25a7f534e7df</versionId>
            <externalServiceRef isNull="true" />
            <externalServiceOp isNull="true" />
            <nodeColor isNull="true" />
            <layoutData x="998" y="75">
                <errorLink>
                    <controlPoints />
                    <showEndState>false</showEndState>
                    <showName>false</showName>
                </errorLink>
            </layoutData>
            <TWComponent>
                <lastModified isNull="true" />
                <lastModifiedBy isNull="true" />
                <tenantId isNull="true" />
                <exitPointId>3008.68cad9ef-b587-44e1-99ea-6c6d733f0efa</exitPointId>
                <haltProcess>false</haltProcess>
                <guid>guid:035a07d1-f9d7-4168-be31-0fc3279bbbd2</guid>
                <versionId>2fd81cce-e5c4-4260-b3b0-5601b21e2f3d</versionId>
            </TWComponent>
        </item>
        <item>
            <lastModified isNull="true" />
            <lastModifiedBy isNull="true" />
            <tenantId isNull="true" />
            <processItemId>2025.2889767f-4dc8-4839-875f-6be488901ea4</processItemId>
            <processId>1.f0bf025c-f1b0-486d-b99f-df66c8a78a59</processId>
            <name>Db Execute</name>
            <tWComponentName>SKELConnector</tWComponentName>
            <tWComponentId>3034.00ecc929-03a3-4c98-948f-e2a9d3a7b8d6</tWComponentId>
            <isLogEnabled>false</isLogEnabled>
            <isTraceEnabled>false</isTraceEnabled>
            <traceCategory isNull="true" />
            <traceLevel isNull="true" />
            <traceMessage isNull="true" />
            <traceSymbolTable isNull="true" />
            <isExecutionContextTraced>false</isExecutionContextTraced>
            <saveExecutionContext>false</saveExecutionContext>
            <documentation isNull="true" />
            <isErrorHandlerEnabled>false</isErrorHandlerEnabled>
            <errorHandlerItemId isNull="true" />
            <guid>guid:4de8e7d5da8de40b:66c9899e:18f8878ebd9:-724c</guid>
            <versionId>83aedf9a-14c6-47c3-983c-9b72fd81b567</versionId>
            <externalServiceRef>f9bfad03-1cba-408d-921f-41cfbdd4600c/1.417647a4-718e-4c8e-a134-0706f784614d</externalServiceRef>
            <externalServiceOp>_33deb8f9-cc95-44ee-8d04-d8c011e0ece0</externalServiceOp>
            <nodeColor isNull="true" />
            <layoutData x="318" y="89">
                <errorLink>
                    <controlPoints />
                    <showEndState>false</showEndState>
                    <showName>false</showName>
                </errorLink>
            </layoutData>
            <TWComponent>
                <lastModified isNull="true" />
                <lastModifiedBy isNull="true" />
                <tenantId isNull="true" />
                <skelConnectorId>3034.00ecc929-03a3-4c98-948f-e2a9d3a7b8d6</skelConnectorId>
                <definition>&lt;config type="com.lombardisoftware.client.persistence.SKELConnectorConfiguration"&gt;
  &lt;inputParameters /&gt;
  &lt;outputParameters /&gt;
  &lt;extendedProperties /&gt;
&lt;/config&gt;</definition>
                <guid>guid:b955ec52-229d-4cc9-b27e-cf6769c38174</guid>
                <versionId>a7ef2af8-74a5-4257-8e72-f787447f8f5b</versionId>
            </TWComponent>
        </item>
        <startingProcessItemId>2025.2889767f-4dc8-4839-875f-6be488901ea4</startingProcessItemId>
        <errorHandlerItemId isNull="true" />
        <layoutData noConversion="true">
            <errorLink>
                <controlPoints />
                <showEndState>false</showEndState>
                <showName>false</showName>
            </errorLink>
        </layoutData>
        <startPoint>
            <layoutData x="133" y="173">
                <errorLink>
                    <controlPoints />
                    <showEndState>false</showEndState>
                    <showName>false</showName>
                </errorLink>
            </layoutData>
        </startPoint>
        <startLink>
            <fromPort locationId="rightCenter" portType="1" />
            <toPort locationId="leftCenter" portType="2" />
            <layoutData>
                <controlPoints />
                <showEndState>false</showEndState>
                <showName>false</showName>
            </layoutData>
        </startLink>
        <bpmn2Model>
            <ns16:definitions xmlns:ns16="http://www.omg.org/spec/BPMN/20100524/MODEL" xmlns:ns2="http://www.ibm.com/xmlns/prod/bpm/bpmn/ext/process" xmlns:ns3="http://www.ibm.com/xmlns/prod/bpm/bpmn/ext/process/wle" xmlns:ns4="http://www.ibm.com/xmlns/prod/bpm/bpmn/ext/process/case" xmlns:ns5="http://www.ibm.com/bpm/Extensions" xmlns:ns6="http://www.ibm.com/xmlns/prod/bpm/uca" xmlns:ns7="http://www.ibm.com/xmlns/prod/bpm/bpmn/ext/team" xmlns:ns8="http://www.ibm.com/xmlns/prod/bpm/bpmn/ext/trackinggroup" xmlns:ns9="http://www.ibm.com/xmlns/bpmnx/20100524/v1/BusinessVocabulary" xmlns:ns10="http://www.omg.org/spec/DD/20100524/DI" xmlns:ns11="http://www.omg.org/spec/DD/20100524/DC" xmlns:ns12="http://www.omg.org/spec/BPMN/20100524/BPMNDI" xmlns:ns13="http://www.ibm.com/xmlns/prod/bpm/graph" xmlns:ns14="http://www.ibm.com/xmlns/prod/bpm/bpmn/ext/process/auth" xmlns:ns15="http://www.ibm.com/xmlns/prod/bpm/bpmn/ext/extservice" xmlns:ns17="http://www.ibm.com/bpm/processappsettings" xmlns:ns18="http://www.ibm.com/xmlns/links" xmlns:ns19="http://www.ibm.com/bpm/CoachDesignerNG" xmlns:ns20="http://www.ibm.com/xmlns/tagging" xmlns:ns21="http://www.ibm.com/bpm/uitheme" xmlns:ns22="http://www.ibm.com/bpm/coachview" targetNamespace="" expressionLanguage="http://www.ibm.com/xmlns/prod/bpm/expression-lang/javascript" typeLanguage="http://www.w3.org/2001/XMLSchema">
                
                
                <ns16:process name="Integration Java" id="1.f0bf025c-f1b0-486d-b99f-df66c8a78a59" ns2:executionMode="microflow">
                    
                    
                    <ns16:documentation textFormat="text/plain" />
                    
                    
                    <ns16:extensionElements>
                        
                        
                        <ns2:sboSyncEnabled>true</ns2:sboSyncEnabled>
                        
                        
                        <ns2:isSecured>false</ns2:isSecured>
                        
                        
                        <ns2:isAjaxExposed>true</ns2:isAjaxExposed>
                        
                        
                        <ns2:isTransactionalFlow>true</ns2:isTransactionalFlow>
                        
                        
                        <ns2:isInvokedAsynchronously>false</ns2:isInvokedAsynchronously>
                        
                    
                    </ns16:extensionElements>
                    
                    
                    <ns16:ioSpecification>
                        
                        
                        <ns16:inputSet />
                        
                        
                        <ns16:outputSet />
                        
                    
                    </ns16:ioSpecification>
                    
                    
                    <ns16:laneSet id="b2ed4def-f2d3-4c3e-8556-8a4a28ff857e">
                        
                        
                        <ns16:lane name="System" partitionElementRef="24.6fd38d02-81cf-48ab-bd42-8ff4c0a1628b" id="0a4f008f-d9f1-4ff6-80cf-414682c98257" ns3:isSystemLane="true">
                            
                            
                            <ns16:extensionElements>
                                
                                
                                <ns13:nodeVisualInfo x="0" y="0" width="3000" height="500" color="#F8F8F8" />
                                
                            
                            </ns16:extensionElements>
                            
                            
                            <ns16:flowNodeRef>4b607972-5bfb-4324-8575-00ab6b4dc4eb</ns16:flowNodeRef>
                            
                            
                            <ns16:flowNodeRef>55ef80f7-53fd-46da-8a92-edf95b8bade5</ns16:flowNodeRef>
                            
                            
                            <ns16:flowNodeRef>2889767f-4dc8-4839-875f-6be488901ea4</ns16:flowNodeRef>
                            
                            
                            <ns16:flowNodeRef>cd2dccdc-8959-4009-8672-4644fabeca2b</ns16:flowNodeRef>
                            
                            
                            <ns16:flowNodeRef>fb714a29-b547-4f0a-8f5a-adc26c836ced</ns16:flowNodeRef>
                            
                        
                        </ns16:lane>
                        
                    
                    </ns16:laneSet>
                    
                    
                    <ns16:startEvent isInterrupting="false" parallelMultiple="false" name="Start" id="4b607972-5bfb-4324-8575-00ab6b4dc4eb">
                        
                        
                        <ns16:extensionElements>
                            
                            
                            <ns13:nodeVisualInfo x="133" y="173" width="24" height="24" color="#F8F8F8" />
                            
                        
                        </ns16:extensionElements>
                        
                        
                        <ns16:outgoing>2027.ab0f7e14-9de3-4eda-81d9-f66ece0fdaa4</ns16:outgoing>
                        
                    
                    </ns16:startEvent>
                    
                    
                    <ns16:endEvent name="End" id="55ef80f7-53fd-46da-8a92-edf95b8bade5">
                        
                        
                        <ns16:extensionElements>
                            
                            
                            <ns13:nodeVisualInfo x="998" y="75" width="24" height="24" color="#F8F8F8" />
                            
                            
                            <ns3:saveExecutionContext>true</ns3:saveExecutionContext>
                            
                            
                            <ns2:endStateId>guid:4de8e7d5da8de40b:66c9899e:18f8878ebd9:-7251</ns2:endStateId>
                            
                        
                        </ns16:extensionElements>
                        
                        
                        <ns16:incoming>693b85eb-db2f-4c91-8f88-b11b373c67a7</ns16:incoming>
                        
                    
                    </ns16:endEvent>
                    
                    
                    <ns16:sequenceFlow sourceRef="4b607972-5bfb-4324-8575-00ab6b4dc4eb" targetRef="2889767f-4dc8-4839-875f-6be488901ea4" name="To Db Execute" id="2027.ab0f7e14-9de3-4eda-81d9-f66ece0fdaa4">
                        
                        
                        <ns16:extensionElements>
                            
                            
                            <ns13:linkVisualInfo>
                                
                                
                                <ns13:sourcePortLocation>rightCenter</ns13:sourcePortLocation>
                                
                                
                                <ns13:targetPortLocation>leftCenter</ns13:targetPortLocation>
                                
                                
                                <ns13:showLabel>false</ns13:showLabel>
                                
                                
                                <ns13:showCoachControlLabel>false</ns13:showCoachControlLabel>
                                
                                
                                <ns13:labelPosition>0.0</ns13:labelPosition>
                                
                                
                                <ns13:saveExecutionContext>false</ns13:saveExecutionContext>
                                
                            
                            </ns13:linkVisualInfo>
                            
                        
                        </ns16:extensionElements>
                        
                    
                    </ns16:sequenceFlow>
                    
                    
                    <ns16:serviceTask xmlns:ns23="teamworks" operationRef="ns23:_33deb8f9-cc95-44ee-8d04-d8c011e0ece0" name="Db Execute" id="2889767f-4dc8-4839-875f-6be488901ea4">
                        
                        
                        <ns16:extensionElements>
                            
                            
                            <ns13:nodeVisualInfo x="318" y="89" width="95" height="70" />
                            
                            
                            <ns3:activityType>ServiceTask</ns3:activityType>
                            
                            
                            <ns2:externalServiceRefPO>1.417647a4-718e-4c8e-a134-0706f784614d</ns2:externalServiceRefPO>
                            
                            
                            <ns2:externalServiceRef>ns23:_469dbfc4-4ccb-47b9-a063-7f1bb3c0d4de</ns2:externalServiceRef>
                            
                        
                        </ns16:extensionElements>
                        
                        
                        <ns16:incoming>6a550f26-11d2-489a-80fb-4e76f8e74753</ns16:incoming>
                        
                        
                        <ns16:incoming>2027.ab0f7e14-9de3-4eda-81d9-f66ece0fdaa4</ns16:incoming>
                        
                        
                        <ns16:outgoing>8147ef3d-d26c-49b7-8324-2b8072f68267</ns16:outgoing>
                        
                    
                    </ns16:serviceTask>
                    
                    
                    <ns16:sequenceFlow sourceRef="2889767f-4dc8-4839-875f-6be488901ea4" targetRef="cd2dccdc-8959-4009-8672-4644fabeca2b" name="To Kafka" id="8147ef3d-d26c-49b7-8324-2b8072f68267">
                        
                        
                        <ns16:extensionElements>
                            
                            
                            <ns2:sequenceFlowImplementation sboSyncEnabled="true" />
                            
                            
                            <ns13:linkVisualInfo>
                                
                                
                                <ns13:sourcePortLocation>rightCenter</ns13:sourcePortLocation>
                                
                                
                                <ns13:targetPortLocation>leftCenter</ns13:targetPortLocation>
                                
                                
                                <ns13:showLabel>false</ns13:showLabel>
                                
                                
                                <ns13:showCoachControlLabel>false</ns13:showCoachControlLabel>
                                
                                
                                <ns13:labelPosition>0.0</ns13:labelPosition>
                                
                                
                                <ns13:saveExecutionContext>true</ns13:saveExecutionContext>
                                
                            
                            </ns13:linkVisualInfo>
                            
                        
                        </ns16:extensionElements>
                        
                    
                    </ns16:sequenceFlow>
                    
                    
                    <ns16:serviceTask name="Kafka" id="cd2dccdc-8959-4009-8672-4644fabeca2b">
                        
                        
                        <ns16:extensionElements>
                            
                            
                            <ns13:nodeVisualInfo x="608" y="88" width="95" height="70" />
                            
                            
                            <ns3:activityType>ServiceTask</ns3:activityType>
                            
                        
                        </ns16:extensionElements>
                        
                        
                        <ns16:incoming>8147ef3d-d26c-49b7-8324-2b8072f68267</ns16:incoming>
                        
                        
                        <ns16:outgoing>693b85eb-db2f-4c91-8f88-b11b373c67a7</ns16:outgoing>
                        
                    
                    </ns16:serviceTask>
                    
                    
                    <ns16:sequenceFlow sourceRef="cd2dccdc-8959-4009-8672-4644fabeca2b" targetRef="55ef80f7-53fd-46da-8a92-edf95b8bade5" name="To End" id="693b85eb-db2f-4c91-8f88-b11b373c67a7">
                        
                        
                        <ns16:extensionElements>
                            
                            
                            <ns2:sequenceFlowImplementation sboSyncEnabled="true" />
                            
                            
                            <ns13:linkVisualInfo>
                                
                                
                                <ns13:sourcePortLocation>rightCenter</ns13:sourcePortLocation>
                                
                                
                                <ns13:targetPortLocation>leftCenter</ns13:targetPortLocation>
                                
                                
                                <ns13:showLabel>false</ns13:showLabel>
                                
                                
                                <ns13:showCoachControlLabel>false</ns13:showCoachControlLabel>
                                
                                
                                <ns13:labelPosition>0.0</ns13:labelPosition>
                                
                                
                                <ns13:saveExecutionContext>true</ns13:saveExecutionContext>
                                
                            
                            </ns13:linkVisualInfo>
                            
                        
                        </ns16:extensionElements>
                        
                    
                    </ns16:sequenceFlow>
                    
                    
                    <ns16:boundaryEvent cancelActivity="true" attachedToRef="cd2dccdc-8959-4009-8672-4644fabeca2b" parallelMultiple="false" name="Error" id="fb714a29-b547-4f0a-8f5a-adc26c836ced">
                        
                        
                        <ns16:extensionElements>
                            
                            
                            <ns13:nodeVisualInfo x="643" y="146" width="24" height="24" />
                            
                        
                        </ns16:extensionElements>
                        
                        
                        <ns16:outgoing>6a550f26-11d2-489a-80fb-4e76f8e74753</ns16:outgoing>
                        
                        
                        <ns16:dataOutput name="error" itemSubjectRef="itm.19e8dc33-1100-46be-89a6-36c9040f7b3e" isCollection="false" id="0855b797-db73-4f7f-8754-42e8d08b2559" />
                        
                        
                        <ns16:outputSet />
                        
                        
                        <ns16:errorEventDefinition id="be36bd1a-b368-450a-8f71-30a45adbe36d" eventImplId="81124109-7c22-4f4f-84a2-8bb3cb3dff27">
                            
                            
                            <ns16:extensionElements>
                                
                                
                                <ns3:errorEventSettings>
                                    
                                    
                                    <ns3:catchAll>true</ns3:catchAll>
                                    
                                
                                </ns3:errorEventSettings>
                                
                            
                            </ns16:extensionElements>
                            
                        
                        </ns16:errorEventDefinition>
                        
                    
                    </ns16:boundaryEvent>
                    
                    
                    <ns16:sequenceFlow sourceRef="fb714a29-b547-4f0a-8f5a-adc26c836ced" targetRef="2889767f-4dc8-4839-875f-6be488901ea4" name="To Kafka" id="6a550f26-11d2-489a-80fb-4e76f8e74753">
                        
                        
                        <ns16:extensionElements>
                            
                            
                            <ns13:linkVisualInfo>
                                
                                
                                <ns13:sourcePortLocation>bottomCenter</ns13:sourcePortLocation>
                                
                                
                                <ns13:targetPortLocation>bottomCenter</ns13:targetPortLocation>
                                
                                
                                <ns13:showLabel>false</ns13:showLabel>
                                
                                
                                <ns13:showCoachControlLabel>false</ns13:showCoachControlLabel>
                                
                                
                                <ns13:labelPosition>0.0</ns13:labelPosition>
                                
                                
                                <ns13:saveExecutionContext>false</ns13:saveExecutionContext>
                                
                            
                            </ns13:linkVisualInfo>
                            
                        
                        </ns16:extensionElements>
                        
                    
                    </ns16:sequenceFlow>
                    
                
                </ns16:process>
                
            
            </ns16:definitions>
        </bpmn2Model>
        <link name="To Kafka">
            <lastModified isNull="true" />
            <lastModifiedBy isNull="true" />
            <tenantId isNull="true" />
            <processLinkId>2027.8147ef3d-d26c-49b7-8324-2b8072f68267</processLinkId>
            <processId>1.f0bf025c-f1b0-486d-b99f-df66c8a78a59</processId>
            <description isNull="true" />
            <fromProcessItemId>2025.2889767f-4dc8-4839-875f-6be488901ea4</fromProcessItemId>
            <endStateId>Out</endStateId>
            <toProcessItemId>2025.cd2dccdc-8959-4009-8672-4644fabeca2b</toProcessItemId>
            <guid>guid:8942d731-5b75-49fd-b036-897e320ebb36</guid>
            <versionId>c7b0e1ea-c82e-42f8-bf7d-02c3a1cab5f1</versionId>
            <layoutData>
                <controlPoints />
                <showEndState>false</showEndState>
                <showName>false</showName>
            </layoutData>
            <fromItemPort locationId="rightCenter" portType="1" />
            <toItemPort locationId="leftCenter" portType="2" />
            <fromProcessItemId>2025.2889767f-4dc8-4839-875f-6be488901ea4</fromProcessItemId>
            <toProcessItemId>2025.cd2dccdc-8959-4009-8672-4644fabeca2b</toProcessItemId>
        </link>
        <link name="To End">
            <lastModified isNull="true" />
            <lastModifiedBy isNull="true" />
            <tenantId isNull="true" />
            <processLinkId>2027.693b85eb-db2f-4c91-8f88-b11b373c67a7</processLinkId>
            <processId>1.f0bf025c-f1b0-486d-b99f-df66c8a78a59</processId>
            <description isNull="true" />
            <fromProcessItemId>2025.cd2dccdc-8959-4009-8672-4644fabeca2b</fromProcessItemId>
            <endStateId>Out</endStateId>
            <toProcessItemId>2025.55ef80f7-53fd-46da-8a92-edf95b8bade5</toProcessItemId>
            <guid>guid:0f452600-870d-472f-b55a-d849c5d10793</guid>
            <versionId>30c48461-01c8-4b01-a425-f5578973f26d</versionId>
            <layoutData>
                <controlPoints />
                <showEndState>false</showEndState>
                <showName>false</showName>
            </layoutData>
            <fromItemPort locationId="rightCenter" portType="1" />
            <toItemPort locationId="leftCenter" portType="2" />
            <fromProcessItemId>2025.cd2dccdc-8959-4009-8672-4644fabeca2b</fromProcessItemId>
            <toProcessItemId>2025.55ef80f7-53fd-46da-8a92-edf95b8bade5</toProcessItemId>
        </link>
    </process>
</teamworks>

