<?xml version="1.0" encoding="UTF-8"?>
<teamworks>
    <twClass id="12.1bc0cc0e-44c7-4a0a-aa6c-96573fe53c77" name="Remediation Step">
        <lastModified>1714388116677</lastModified>
        <lastModifiedBy>cp4admin</lastModifiedBy>
        <tenantId isNull="true" />
        <classId>12.1bc0cc0e-44c7-4a0a-aa6c-96573fe53c77</classId>
        <type>1</type>
        <isSystem>false</isSystem>
        <shared>false</shared>
        <isShadow>true</isShadow>
        <globalLifetime>false</globalLifetime>
        <internalName>PA_RemediationStep</internalName>
        <extensionType>6</extensionType>
        <saveServiceRef isNull="true" />
        <bpmn2Data isNull="true" />
        <externalId>{979A8852-7CCC-476D-88FA-0D7FFCD68E24}</externalId>
        <dependencySummary isNull="true" />
        <jsonData isNull="true" />
        <dataName isNull="true" />
        <description></description>
        <guid>guid:8b0c8ed1dccfb194:-60544698:18f06b936dc:-7be8</guid>
        <versionId>b04b3c39-d7a2-4db8-8919-62f6be77202c</versionId>
        <definition>
            <property>
                <name>RemediationTitle</name>
                <description isNull="true" />
                <classRef>/12.37061fe8-fcba-4dc8-bed9-58ac923f1488</classRef>
                <arrayProperty>false</arrayProperty>
                <propertyDefault isNull="true" />
                <propertyRequired>false</propertyRequired>
                <propertyHidden>false</propertyHidden>
            </property>
            <property>
                <name>RemediationStatus</name>
                <description isNull="true" />
                <classRef>/12.c029c798-9270-4f7d-a647-f64edd4afd2a</classRef>
                <arrayProperty>false</arrayProperty>
                <propertyDefault isNull="true" />
                <propertyRequired>false</propertyRequired>
                <propertyHidden>false</propertyHidden>
            </property>
            <validator>
                <className isNull="true" />
                <errorMessage isNull="true" />
                <webWidgetJavaClass isNull="true" />
                <externalType>BusinessObject</externalType>
                <configData>
                    <schema>
                        <complexType name="PA_RemediationStep">
                            <complexContent>
                                <extension base="Object" baseClassRef="/12.46ab33d6-3cf8-4cd3-bb72-8258fbc340c6" />
                            </complexContent>
                        </complexType>
                    </schema>
                </configData>
            </validator>
        </definition>
    </twClass>
</teamworks>

