<?xml version="1.0" encoding="UTF-8"?>
<teamworks>
    <twClass id="12.1fa70ff1-8673-40be-8263-241959861a02" name="Expert Estimation">
        <lastModified>1715052976401</lastModified>
        <lastModifiedBy>cp4admin</lastModifiedBy>
        <tenantId isNull="true" />
        <classId>12.1fa70ff1-8673-40be-8263-241959861a02</classId>
        <type>1</type>
        <isSystem>false</isSystem>
        <shared>false</shared>
        <isShadow>true</isShadow>
        <globalLifetime>false</globalLifetime>
        <internalName>PA_ExpertEstimation</internalName>
        <extensionType>6</extensionType>
        <saveServiceRef isNull="true" />
        <bpmn2Data isNull="true" />
        <externalId>{E1B433DF-3250-4ABA-A6BA-D679DD069C37}</externalId>
        <dependencySummary isNull="true" />
        <jsonData isNull="true" />
        <dataName isNull="true" />
        <description isNull="true" />
        <guid>guid:cc90e269813961f2:-6d44b79:18f361f07e6:-7775</guid>
        <versionId>24944bab-dc76-412a-8678-180e668b43a6</versionId>
        <definition>
            <validator>
                <className isNull="true" />
                <errorMessage isNull="true" />
                <webWidgetJavaClass isNull="true" />
                <externalType>Activity</externalType>
                <configData>
                    <schema>
                        <simpleType name="PA_ExpertEstimation">
                            <restriction base="String" />
                        </simpleType>
                    </schema>
                </configData>
            </validator>
        </definition>
    </twClass>
</teamworks>

