<?xml version="1.0" encoding="UTF-8"?>
<teamworks>
    <twClass id="12.2dc89b0e-045e-43a0-af55-4d37f6cf2ef0" name="envelopID">
        <lastModified>1718722477102</lastModified>
        <lastModifiedBy>cp4admin</lastModifiedBy>
        <tenantId isNull="true" />
        <classId>12.2dc89b0e-045e-43a0-af55-4d37f6cf2ef0</classId>
        <type>1</type>
        <isSystem>false</isSystem>
        <shared>false</shared>
        <isShadow>true</isShadow>
        <globalLifetime>false</globalLifetime>
        <internalName>PA_envelopID</internalName>
        <extensionType>5</extensionType>
        <saveServiceRef isNull="true" />
        <bpmn2Data isNull="true" />
        <externalId>{397F204C-7E74-49ED-A23B-1602DBE34E18}</externalId>
        <dependencySummary isNull="true" />
        <jsonData isNull="true" />
        <dataName isNull="true" />
        <description isNull="true" />
        <guid>guid:5733966303c98ceb:54e7d30:18fe44fdd7b:-552c</guid>
        <versionId>4c1321eb-c1ea-446a-8672-2cf999006161</versionId>
        <definition>
            <validator>
                <className isNull="true" />
                <errorMessage isNull="true" />
                <webWidgetJavaClass isNull="true" />
                <externalType isNull="true" />
                <configData>
                    <schema>
                        <simpleType name="PA_envelopID">
                            <restriction base="String">
                                <maxLength value="150" />
                            </restriction>
                        </simpleType>
                    </schema>
                </configData>
            </validator>
        </definition>
    </twClass>
</teamworks>

