<?xml version="1.0" encoding="UTF-8"?>
<teamworks>
    <twClass id="12.2ba89e42-3d77-4120-8286-1b6eb8e46cb6" name="Location">
        <lastModified>1713918957099</lastModified>
        <lastModifiedBy>cp4admin</lastModifiedBy>
        <tenantId isNull="true" />
        <classId>12.2ba89e42-3d77-4120-8286-1b6eb8e46cb6</classId>
        <type>1</type>
        <isSystem>false</isSystem>
        <shared>false</shared>
        <isShadow>true</isShadow>
        <globalLifetime>false</globalLifetime>
        <internalName>PA_Location</internalName>
        <extensionType>5</extensionType>
        <saveServiceRef isNull="true" />
        <bpmn2Data isNull="true" />
        <externalId>{703F5F47-9746-4B68-B3B6-51EEAF465545}</externalId>
        <dependencySummary isNull="true" />
        <jsonData isNull="true" />
        <dataName isNull="true" />
        <description isNull="true" />
        <guid>guid:8b0c8ed1dccfb194:-60544698:18f06b936dc:-7d73</guid>
        <versionId>2b044859-e6ce-448c-b6fe-4681cdd9d91f</versionId>
        <definition>
            <validator>
                <className isNull="true" />
                <errorMessage isNull="true" />
                <webWidgetJavaClass isNull="true" />
                <externalType isNull="true" />
                <configData>
                    <schema>
                        <simpleType name="PA_Location">
                            <restriction base="String">
                                <maxLength value="64" />
                            </restriction>
                        </simpleType>
                    </schema>
                </configData>
            </validator>
        </definition>
    </twClass>
</teamworks>

