<?xml version="1.0" encoding="UTF-8"?>
<teamworks>
    <twClass id="12.37061fe8-fcba-4dc8-bed9-58ac923f1488" name="Remediation Title">
        <lastModified>1714388116677</lastModified>
        <lastModifiedBy>cp4admin</lastModifiedBy>
        <tenantId isNull="true" />
        <classId>12.37061fe8-fcba-4dc8-bed9-58ac923f1488</classId>
        <type>1</type>
        <isSystem>false</isSystem>
        <shared>false</shared>
        <isShadow>true</isShadow>
        <globalLifetime>false</globalLifetime>
        <internalName>PA_RemediationTitle</internalName>
        <extensionType>5</extensionType>
        <saveServiceRef isNull="true" />
        <bpmn2Data isNull="true" />
        <externalId>{A1D4F9D0-071E-4412-BD86-A2F76020E280}</externalId>
        <dependencySummary isNull="true" />
        <jsonData isNull="true" />
        <dataName isNull="true" />
        <description isNull="true" />
        <guid>guid:8b0c8ed1dccfb194:-60544698:18f06b936dc:-7bea</guid>
        <versionId>5cc67b9e-0a34-4ef8-9e82-2ec0d35376d2</versionId>
        <definition>
            <validator>
                <className isNull="true" />
                <errorMessage isNull="true" />
                <webWidgetJavaClass isNull="true" />
                <externalType isNull="true" />
                <configData>
                    <schema>
                        <simpleType name="PA_RemediationTitle">
                            <restriction base="String">
                                <maxLength value="1333" />
                            </restriction>
                        </simpleType>
                    </schema>
                </configData>
            </validator>
        </definition>
    </twClass>
</teamworks>

