<?xml version="1.0" encoding="UTF-8"?>
<teamworks>
    <twClass id="12.5187bf1f-4088-496b-8d97-939ebd6ad1fd" name="Claims Status">
        <lastModified>1714388116677</lastModified>
        <lastModifiedBy>cp4admin</lastModifiedBy>
        <tenantId isNull="true" />
        <classId>12.5187bf1f-4088-496b-8d97-939ebd6ad1fd</classId>
        <type>0</type>
        <isSystem>false</isSystem>
        <shared>false</shared>
        <isShadow>true</isShadow>
        <globalLifetime>false</globalLifetime>
        <internalName>PA_Claims Status</internalName>
        <extensionType>7</extensionType>
        <saveServiceRef isNull="true" />
        <bpmn2Data isNull="true" />
        <externalId>{9E309851-7041-4C4A-86F1-D77ADE1DB06A}</externalId>
        <dependencySummary isNull="true" />
        <jsonData isNull="true" />
        <dataName isNull="true" />
        <description isNull="true" />
        <guid>guid:8b0c8ed1dccfb194:-60544698:18f06b936dc:-7beb</guid>
        <versionId>3d5cc047-1922-4ebe-8e1c-ca557e0aee9e</versionId>
        <definition>
            <validator>
                <className isNull="true" />
                <errorMessage isNull="true" />
                <webWidgetJavaClass isNull="true" />
                <externalType>ChoiceList</externalType>
                <configData>
                    <schema>
                        <simpleType name="PA_Claims Status">
                            <restriction base="Selection">
                                <option value="Draft" display="Draft" />
                                <option value="Unprocessed" display="Unprocessed" />
                                <option value="Accepted" display="Accepted" />
                                <option value="Rejected" display="Rejected" />
                            </restriction>
                        </simpleType>
                    </schema>
                </configData>
            </validator>
        </definition>
    </twClass>
</teamworks>

