<?xml version="1.0" encoding="UTF-8"?>
<teamworks>
    <twClass id="12.77e3eaa2-6bfb-4c51-b8db-9c217ead2a66" name="Damage Estimation">
        <lastModified>1715053093278</lastModified>
        <lastModifiedBy>cp4admin</lastModifiedBy>
        <tenantId isNull="true" />
        <classId>12.77e3eaa2-6bfb-4c51-b8db-9c217ead2a66</classId>
        <type>1</type>
        <isSystem>false</isSystem>
        <shared>false</shared>
        <isShadow>true</isShadow>
        <globalLifetime>false</globalLifetime>
        <internalName>PA_DamageEstimation</internalName>
        <extensionType>5</extensionType>
        <saveServiceRef isNull="true" />
        <bpmn2Data isNull="true" />
        <externalId>{20D7671E-8A6C-47C8-BFDD-C74EDD7F4E02}</externalId>
        <dependencySummary isNull="true" />
        <jsonData isNull="true" />
        <dataName isNull="true" />
        <description isNull="true" />
        <guid>guid:cc90e269813961f2:-6d44b79:18f361f07e6:-76da</guid>
        <versionId>67122b0b-8d20-4e5c-9da7-d593fac986eb</versionId>
        <definition>
            <validator>
                <className isNull="true" />
                <errorMessage isNull="true" />
                <webWidgetJavaClass isNull="true" />
                <externalType isNull="true" />
                <configData>
                    <schema>
                        <simpleType name="PA_DamageEstimation">
                            <restriction base="Decimal" />
                        </simpleType>
                    </schema>
                </configData>
            </validator>
        </definition>
    </twClass>
</teamworks>

