<?xml version="1.0" encoding="UTF-8"?>
<teamworks>
    <twClass id="12.73775928-3868-4096-a6dd-6b5f2ee54f62" name="Summary">
        <lastModified>1713922309207</lastModified>
        <lastModifiedBy>cp4admin</lastModifiedBy>
        <tenantId isNull="true" />
        <classId>12.73775928-3868-4096-a6dd-6b5f2ee54f62</classId>
        <type>1</type>
        <isSystem>false</isSystem>
        <shared>false</shared>
        <isShadow>true</isShadow>
        <globalLifetime>false</globalLifetime>
        <internalName>PA_Summary</internalName>
        <extensionType>5</extensionType>
        <saveServiceRef isNull="true" />
        <bpmn2Data isNull="true" />
        <externalId>{DDB7F5DB-7CE2-48FA-8FBD-92023277CA21}</externalId>
        <dependencySummary isNull="true" />
        <jsonData isNull="true" />
        <dataName isNull="true" />
        <description isNull="true" />
        <guid>guid:8b0c8ed1dccfb194:-60544698:18f06b936dc:-7c75</guid>
        <versionId>e4c10510-e13d-4c16-8d99-2e47d6eabdf9</versionId>
        <definition>
            <validator>
                <className isNull="true" />
                <errorMessage isNull="true" />
                <webWidgetJavaClass isNull="true" />
                <externalType isNull="true" />
                <configData>
                    <schema>
                        <simpleType name="PA_Summary">
                            <restriction base="String">
                                <maxLength value="1333" />
                            </restriction>
                        </simpleType>
                    </schema>
                </configData>
            </validator>
        </definition>
    </twClass>
</teamworks>

