<?xml version="1.0" encoding="UTF-8"?>
<teamworks>
    <twClass id="12.70ac9454-dd3f-4226-9086-560c6e498808" name="Retrieve Signed Document">
        <lastModified>1718721872395</lastModified>
        <lastModifiedBy>cp4admin</lastModifiedBy>
        <tenantId isNull="true" />
        <classId>12.70ac9454-dd3f-4226-9086-560c6e498808</classId>
        <type>1</type>
        <isSystem>false</isSystem>
        <shared>false</shared>
        <isShadow>true</isShadow>
        <globalLifetime>false</globalLifetime>
        <internalName>PA_RetrieveSignedDocument</internalName>
        <extensionType>6</extensionType>
        <saveServiceRef isNull="true" />
        <bpmn2Data isNull="true" />
        <externalId>{B536379D-DEC1-457F-B164-567ABB7E7CF3}</externalId>
        <dependencySummary isNull="true" />
        <jsonData isNull="true" />
        <dataName isNull="true" />
        <description isNull="true" />
        <guid>guid:5733966303c98ceb:54e7d30:18fe44fdd7b:-5616</guid>
        <versionId>be19601e-7604-4094-a63c-6cd80b7cf70b</versionId>
        <definition>
            <validator>
                <className isNull="true" />
                <errorMessage isNull="true" />
                <webWidgetJavaClass isNull="true" />
                <externalType>Activity</externalType>
                <configData>
                    <schema>
                        <simpleType name="PA_RetrieveSignedDocument">
                            <restriction base="String" />
                        </simpleType>
                    </schema>
                </configData>
            </validator>
        </definition>
    </twClass>
</teamworks>

