<?xml version="1.0" encoding="UTF-8"?>
<teamworks>
    <twClass id="12.76df539e-3e60-4e9c-b559-bae46a7dc0f4" name="Level of Damage">
        <lastModified>1713918957099</lastModified>
        <lastModifiedBy>cp4admin</lastModifiedBy>
        <tenantId isNull="true" />
        <classId>12.76df539e-3e60-4e9c-b559-bae46a7dc0f4</classId>
        <type>1</type>
        <isSystem>false</isSystem>
        <shared>false</shared>
        <isShadow>true</isShadow>
        <globalLifetime>false</globalLifetime>
        <internalName>PA_LevelofDamage</internalName>
        <extensionType>5</extensionType>
        <saveServiceRef isNull="true" />
        <bpmn2Data isNull="true" />
        <externalId>{91DBC57B-7BF2-4E68-845C-4391EA92D255}</externalId>
        <dependencySummary isNull="true" />
        <jsonData isNull="true" />
        <dataName isNull="true" />
        <description isNull="true" />
        <guid>guid:8b0c8ed1dccfb194:-60544698:18f06b936dc:-7d7a</guid>
        <versionId>72c5a65a-4448-41c6-9c2e-739f91822370</versionId>
        <definition>
            <validator>
                <className isNull="true" />
                <errorMessage isNull="true" />
                <webWidgetJavaClass isNull="true" />
                <externalType isNull="true" />
                <configData>
                    <schema>
                        <simpleType name="PA_LevelofDamage">
                            <restriction base="String">
                                <maxLength value="64" />
                            </restriction>
                        </simpleType>
                    </schema>
                </configData>
            </validator>
        </definition>
    </twClass>
</teamworks>

