<?xml version="1.0" encoding="UTF-8"?>
<teamworks>
    <twClass id="12.861d6d33-f7d0-4f96-8fda-a59dc0a2305f" name="Closing">
        <lastModified>1715052976401</lastModified>
        <lastModifiedBy>cp4admin</lastModifiedBy>
        <tenantId isNull="true" />
        <classId>12.861d6d33-f7d0-4f96-8fda-a59dc0a2305f</classId>
        <type>1</type>
        <isSystem>false</isSystem>
        <shared>false</shared>
        <isShadow>true</isShadow>
        <globalLifetime>false</globalLifetime>
        <internalName>PA_Closing</internalName>
        <extensionType>6</extensionType>
        <saveServiceRef isNull="true" />
        <bpmn2Data isNull="true" />
        <externalId>{7871D60C-804D-4E86-94F2-BBE87427984B}</externalId>
        <dependencySummary isNull="true" />
        <jsonData isNull="true" />
        <dataName isNull="true" />
        <description isNull="true" />
        <guid>guid:cc90e269813961f2:-6d44b79:18f361f07e6:-7773</guid>
        <versionId>95c05a76-a3ec-4c9b-82d4-c66eb4a5f55f</versionId>
        <definition>
            <validator>
                <className isNull="true" />
                <errorMessage isNull="true" />
                <webWidgetJavaClass isNull="true" />
                <externalType>Activity</externalType>
                <configData>
                    <schema>
                        <simpleType name="PA_Closing">
                            <restriction base="String" />
                        </simpleType>
                    </schema>
                </configData>
            </validator>
        </definition>
    </twClass>
</teamworks>

