<?xml version="1.0" encoding="UTF-8"?>
<teamworks>
    <twClass id="12.95d86137-4fe1-4539-8668-18a85b1fde27" name="Claims Review">
        <lastModified>1718695619629</lastModified>
        <lastModifiedBy>cp4admin</lastModifiedBy>
        <tenantId isNull="true" />
        <classId>12.95d86137-4fe1-4539-8668-18a85b1fde27</classId>
        <type>1</type>
        <isSystem>false</isSystem>
        <shared>false</shared>
        <isShadow>true</isShadow>
        <globalLifetime>false</globalLifetime>
        <internalName>PA_ClaimsReview</internalName>
        <extensionType>6</extensionType>
        <saveServiceRef isNull="true" />
        <bpmn2Data isNull="true" />
        <externalId>{D34974DC-29CB-4371-B535-508104B7FF8A}</externalId>
        <dependencySummary isNull="true" />
        <jsonData isNull="true" />
        <dataName isNull="true" />
        <description></description>
        <guid>guid:8b0c8ed1dccfb194:-60544698:18f06b936dc:-7d71</guid>
        <versionId>2e33d825-b993-4aee-858b-82f28e62aea8</versionId>
        <definition>
            <validator>
                <className isNull="true" />
                <errorMessage isNull="true" />
                <webWidgetJavaClass isNull="true" />
                <externalType>Activity</externalType>
                <configData>
                    <schema>
                        <simpleType name="PA_ClaimsReview">
                            <restriction base="String" />
                        </simpleType>
                    </schema>
                </configData>
            </validator>
        </definition>
    </twClass>
</teamworks>

