<?xml version="1.0" encoding="UTF-8"?>
<teamworks>
    <twClass id="12.9bca8ead-7049-40ce-9dee-44e3188fc4e7" name="Has Official Gov Report">
        <lastModified>1713918957099</lastModified>
        <lastModifiedBy>cp4admin</lastModifiedBy>
        <tenantId isNull="true" />
        <classId>12.9bca8ead-7049-40ce-9dee-44e3188fc4e7</classId>
        <type>1</type>
        <isSystem>false</isSystem>
        <shared>false</shared>
        <isShadow>true</isShadow>
        <globalLifetime>false</globalLifetime>
        <internalName>PA_HasOfficialGovReport</internalName>
        <extensionType>5</extensionType>
        <saveServiceRef isNull="true" />
        <bpmn2Data isNull="true" />
        <externalId>{6F8B98FA-5D1E-4D0C-8D64-54C9BE99B7D1}</externalId>
        <dependencySummary isNull="true" />
        <jsonData isNull="true" />
        <dataName isNull="true" />
        <description isNull="true" />
        <guid>guid:8b0c8ed1dccfb194:-60544698:18f06b936dc:-7d76</guid>
        <versionId>0c402861-18dc-4644-92fd-c40908cfa5e2</versionId>
        <definition>
            <validator>
                <className isNull="true" />
                <errorMessage isNull="true" />
                <webWidgetJavaClass isNull="true" />
                <externalType isNull="true" />
                <configData>
                    <schema>
                        <simpleType name="PA_HasOfficialGovReport">
                            <restriction base="boolean" />
                        </simpleType>
                    </schema>
                </configData>
            </validator>
        </definition>
    </twClass>
</teamworks>

