<?xml version="1.0" encoding="UTF-8"?>
<teamworks>
    <twClass id="12.97645cc9-703b-4879-a80d-37e025ff1de6" name="No of Casualties">
        <lastModified>1713918957099</lastModified>
        <lastModifiedBy>cp4admin</lastModifiedBy>
        <tenantId isNull="true" />
        <classId>12.97645cc9-703b-4879-a80d-37e025ff1de6</classId>
        <type>1</type>
        <isSystem>false</isSystem>
        <shared>false</shared>
        <isShadow>true</isShadow>
        <globalLifetime>false</globalLifetime>
        <internalName>PA_NoofCasualties</internalName>
        <extensionType>5</extensionType>
        <saveServiceRef isNull="true" />
        <bpmn2Data isNull="true" />
        <externalId>{8851D818-5183-4A4C-8E1C-E3DC62D5F207}</externalId>
        <dependencySummary isNull="true" />
        <jsonData isNull="true" />
        <dataName isNull="true" />
        <description isNull="true" />
        <guid>guid:8b0c8ed1dccfb194:-60544698:18f06b936dc:-7d79</guid>
        <versionId>1e17534b-3e82-43d1-b2a2-56ba990fff17</versionId>
        <definition>
            <validator>
                <className isNull="true" />
                <errorMessage isNull="true" />
                <webWidgetJavaClass isNull="true" />
                <externalType isNull="true" />
                <configData>
                    <schema>
                        <simpleType name="PA_NoofCasualties">
                            <restriction base="Integer" />
                        </simpleType>
                    </schema>
                </configData>
            </validator>
        </definition>
    </twClass>
</teamworks>

