<?xml version="1.0" encoding="UTF-8"?>
<teamworks>
    <twClass id="12.aa947144-db5d-4e36-a1b1-35973913d7e5" name="Risk">
        <lastModified>1714741961600</lastModified>
        <lastModifiedBy>cp4admin</lastModifiedBy>
        <tenantId isNull="true" />
        <classId>12.aa947144-db5d-4e36-a1b1-35973913d7e5</classId>
        <type>1</type>
        <isSystem>false</isSystem>
        <shared>false</shared>
        <isShadow>true</isShadow>
        <globalLifetime>false</globalLifetime>
        <internalName>PA_Risk</internalName>
        <extensionType>5</extensionType>
        <saveServiceRef isNull="true" />
        <bpmn2Data isNull="true" />
        <externalId>{43685BBF-3309-4AD9-9489-B3D320143C76}</externalId>
        <dependencySummary isNull="true" />
        <jsonData isNull="true" />
        <dataName isNull="true" />
        <description isNull="true" />
        <guid>guid:cc90e269813961f2:-6d44b79:18f361f07e6:-7c5c</guid>
        <versionId>0b48be57-fa1f-4dbc-adeb-362b62d05b43</versionId>
        <definition>
            <validator>
                <className isNull="true" />
                <errorMessage isNull="true" />
                <webWidgetJavaClass isNull="true" />
                <externalType isNull="true" />
                <configData>
                    <schema>
                        <simpleType name="PA_Risk">
                            <restriction base="Integer" />
                        </simpleType>
                    </schema>
                </configData>
            </validator>
        </definition>
    </twClass>
</teamworks>

