<?xml version="1.0" encoding="UTF-8"?>
<teamworks>
    <twClass id="12.a71f6749-10d9-494b-9e1c-17974b1603f7" name="Date of Incidence">
        <lastModified>1713918957099</lastModified>
        <lastModifiedBy>cp4admin</lastModifiedBy>
        <tenantId isNull="true" />
        <classId>12.a71f6749-10d9-494b-9e1c-17974b1603f7</classId>
        <type>1</type>
        <isSystem>false</isSystem>
        <shared>false</shared>
        <isShadow>true</isShadow>
        <globalLifetime>false</globalLifetime>
        <internalName>PA_DateofIncidence</internalName>
        <extensionType>5</extensionType>
        <saveServiceRef isNull="true" />
        <bpmn2Data isNull="true" />
        <externalId>{5F86F6C8-4837-4306-BD55-B12833A67579}</externalId>
        <dependencySummary isNull="true" />
        <jsonData isNull="true" />
        <dataName isNull="true" />
        <description isNull="true" />
        <guid>guid:8b0c8ed1dccfb194:-60544698:18f06b936dc:-7d75</guid>
        <versionId>a86f0b2e-484c-4ec7-aa6a-0cba335ab65e</versionId>
        <definition>
            <validator>
                <className isNull="true" />
                <errorMessage isNull="true" />
                <webWidgetJavaClass isNull="true" />
                <externalType isNull="true" />
                <configData>
                    <schema>
                        <simpleType name="PA_DateofIncidence">
                            <restriction base="Date">
                                <format value="yyyy.MM.dd" />
                            </restriction>
                        </simpleType>
                    </schema>
                </configData>
            </validator>
        </definition>
    </twClass>
</teamworks>

