<?xml version="1.0" encoding="UTF-8"?>
<teamworks>
    <twClass id="12.b4e24498-3d8f-41d9-953a-450540bd1120" name="Claim Request">
        <lastModified>1718791925291</lastModified>
        <lastModifiedBy>cp4admin</lastModifiedBy>
        <tenantId isNull="true" />
        <classId>12.b4e24498-3d8f-41d9-953a-450540bd1120</classId>
        <type>1</type>
        <isSystem>false</isSystem>
        <shared>false</shared>
        <isShadow>true</isShadow>
        <globalLifetime>false</globalLifetime>
        <internalName>PA_ClaimRequest</internalName>
        <extensionType>6</extensionType>
        <saveServiceRef isNull="true" />
        <bpmn2Data isNull="true" />
        <externalId>{D0E4D576-8299-4FDC-A151-AB297B990B27}</externalId>
        <dependencySummary isNull="true" />
        <jsonData isNull="true" />
        <dataName isNull="true" />
        <description isNull="true" />
        <guid>guid:8b0c8ed1dccfb194:-60544698:18f06b936dc:-7d72</guid>
        <versionId>2c97662e-aa89-4c60-8753-f11d97f53aef</versionId>
        <definition>
            <property>
                <name>Priority</name>
                <description isNull="true" />
                <classRef>/12.9e947b68-c349-4aed-82e8-f6b4e3dd2fa0</classRef>
                <arrayProperty>false</arrayProperty>
                <propertyDefault>Low</propertyDefault>
                <propertyRequired>false</propertyRequired>
                <propertyHidden>false</propertyHidden>
            </property>
            <property>
                <name>TypeofIncidence</name>
                <description isNull="true" />
                <classRef>/12.9151c4fe-7f0b-4846-9ffe-4fa9b2af3667</classRef>
                <arrayProperty>false</arrayProperty>
                <propertyDefault isNull="true" />
                <propertyRequired>false</propertyRequired>
                <propertyHidden>false</propertyHidden>
            </property>
            <property>
                <name>TypeofCollision</name>
                <description isNull="true" />
                <classRef>/12.92c19a1b-f5af-4c60-b078-d9fa56d7ceb5</classRef>
                <arrayProperty>false</arrayProperty>
                <propertyDefault isNull="true" />
                <propertyRequired>false</propertyRequired>
                <propertyHidden>false</propertyHidden>
            </property>
            <property>
                <name>LevelofDamage</name>
                <description isNull="true" />
                <classRef>/12.76df539e-3e60-4e9c-b559-bae46a7dc0f4</classRef>
                <arrayProperty>false</arrayProperty>
                <propertyDefault isNull="true" />
                <propertyRequired>false</propertyRequired>
                <propertyHidden>false</propertyHidden>
            </property>
            <property>
                <name>NoofCasualties</name>
                <description isNull="true" />
                <classRef>/12.97645cc9-703b-4879-a80d-37e025ff1de6</classRef>
                <arrayProperty>false</arrayProperty>
                <propertyDefault isNull="true" />
                <propertyRequired>false</propertyRequired>
                <propertyHidden>false</propertyHidden>
            </property>
            <property>
                <name>NoofWitnesses</name>
                <description isNull="true" />
                <classRef>/12.ca33801d-cb79-4a39-bfca-06723a4fa7a3</classRef>
                <arrayProperty>false</arrayProperty>
                <propertyDefault isNull="true" />
                <propertyRequired>false</propertyRequired>
                <propertyHidden>false</propertyHidden>
            </property>
            <property>
                <name>GovernmentAgencyWitness</name>
                <description isNull="true" />
                <classRef>/12.ae6621a0-ca46-4b5c-b326-0b01e4c2bcd2</classRef>
                <arrayProperty>false</arrayProperty>
                <propertyDefault isNull="true" />
                <propertyRequired>false</propertyRequired>
                <propertyHidden>false</propertyHidden>
            </property>
            <property>
                <name>HasOfficialGovReport</name>
                <description isNull="true" />
                <classRef>/12.9bca8ead-7049-40ce-9dee-44e3188fc4e7</classRef>
                <arrayProperty>false</arrayProperty>
                <propertyDefault isNull="true" />
                <propertyRequired>false</propertyRequired>
                <propertyHidden>false</propertyHidden>
            </property>
            <property>
                <name>DateofIncidence</name>
                <description isNull="true" />
                <classRef>/12.a71f6749-10d9-494b-9e1c-17974b1603f7</classRef>
                <arrayProperty>false</arrayProperty>
                <propertyDefault isNull="true" />
                <propertyRequired>false</propertyRequired>
                <propertyHidden>false</propertyHidden>
            </property>
            <property>
                <name>isVehicleDamaged</name>
                <description isNull="true" />
                <classRef>/12.b014e214-03a8-47b6-91f7-0ad76078b56e</classRef>
                <arrayProperty>false</arrayProperty>
                <propertyDefault isNull="true" />
                <propertyRequired>false</propertyRequired>
                <propertyHidden>false</propertyHidden>
            </property>
            <property>
                <name>Location</name>
                <description isNull="true" />
                <classRef>/12.2ba89e42-3d77-4120-8286-1b6eb8e46cb6</classRef>
                <arrayProperty>false</arrayProperty>
                <propertyDefault isNull="true" />
                <propertyRequired>false</propertyRequired>
                <propertyHidden>false</propertyHidden>
            </property>
            <property>
                <name>ClaimStatus</name>
                <description isNull="true" />
                <classRef>/12.bb68bed4-7a9d-4bea-951a-619a971236e6</classRef>
                <arrayProperty>false</arrayProperty>
                <propertyDefault isNull="true" />
                <propertyRequired>false</propertyRequired>
                <propertyHidden>false</propertyHidden>
            </property>
            <property>
                <name>VehicleBrand</name>
                <description isNull="true" />
                <classRef>/12.c93f4b75-437b-4cdc-9017-7b05edcb2708</classRef>
                <arrayProperty>false</arrayProperty>
                <propertyDefault isNull="true" />
                <propertyRequired>false</propertyRequired>
                <propertyHidden>false</propertyHidden>
            </property>
            <property>
                <name>VehicleModel</name>
                <description isNull="true" />
                <classRef>/12.341c6f09-451a-47f6-9f7d-9ee1cbcb7cf3</classRef>
                <arrayProperty>false</arrayProperty>
                <propertyDefault isNull="true" />
                <propertyRequired>false</propertyRequired>
                <propertyHidden>false</propertyHidden>
            </property>
            <property>
                <name>VehicleYear</name>
                <description isNull="true" />
                <classRef>/12.cc5d977b-8bd0-4019-8f2a-6dd20a87fa55</classRef>
                <arrayProperty>false</arrayProperty>
                <propertyDefault isNull="true" />
                <propertyRequired>false</propertyRequired>
                <propertyHidden>false</propertyHidden>
            </property>
            <property>
                <name>Summary</name>
                <description isNull="true" />
                <classRef>/12.73775928-3868-4096-a6dd-6b5f2ee54f62</classRef>
                <arrayProperty>false</arrayProperty>
                <propertyDefault isNull="true" />
                <propertyRequired>false</propertyRequired>
                <propertyHidden>false</propertyHidden>
            </property>
            <property>
                <name>TranscriptID</name>
                <description isNull="true" />
                <classRef>/12.ff5aaaca-1885-4253-bf7f-b753d3d37163</classRef>
                <arrayProperty>false</arrayProperty>
                <propertyDefault>idd_8F299EE0-0000-C19A-BD26-47755B57939A</propertyDefault>
                <propertyRequired>false</propertyRequired>
                <propertyHidden>true</propertyHidden>
            </property>
            <property>
                <name>PhotoID</name>
                <description isNull="true" />
                <classRef>/12.bee30505-7b5d-4196-9162-0ef6643445be</classRef>
                <arrayProperty>false</arrayProperty>
                <propertyDefault isNull="true" />
                <propertyRequired>false</propertyRequired>
                <propertyHidden>true</propertyHidden>
            </property>
            <property>
                <name>Title</name>
                <description isNull="true" />
                <classRef>/12.0815d5d4-ec40-41ac-b5ac-7736782c5922</classRef>
                <arrayProperty>false</arrayProperty>
                <propertyDefault isNull="true" />
                <propertyRequired>false</propertyRequired>
                <propertyHidden>false</propertyHidden>
            </property>
            <property>
                <name>Risk</name>
                <description isNull="true" />
                <classRef>/12.aa947144-db5d-4e36-a1b1-35973913d7e5</classRef>
                <arrayProperty>false</arrayProperty>
                <propertyDefault isNull="true" />
                <propertyRequired>false</propertyRequired>
                <propertyHidden>false</propertyHidden>
            </property>
            <property>
                <name>CustomerName</name>
                <description isNull="true" />
                <classRef>/12.49908f0a-59bd-4a6d-b56d-43ca3b1f5bec</classRef>
                <arrayProperty>false</arrayProperty>
                <propertyDefault isNull="true" />
                <propertyRequired>false</propertyRequired>
                <propertyHidden>false</propertyHidden>
            </property>
            <property>
                <name>PolicyNumber</name>
                <description isNull="true" />
                <classRef>/12.f559cac4-443d-46c1-9b0d-882ffceb666e</classRef>
                <arrayProperty>false</arrayProperty>
                <propertyDefault isNull="true" />
                <propertyRequired>false</propertyRequired>
                <propertyHidden>false</propertyHidden>
            </property>
            <property>
                <name>DamageEstimation</name>
                <description isNull="true" />
                <classRef>/12.77e3eaa2-6bfb-4c51-b8db-9c217ead2a66</classRef>
                <arrayProperty>false</arrayProperty>
                <propertyDefault isNull="true" />
                <propertyRequired>false</propertyRequired>
                <propertyHidden>false</propertyHidden>
            </property>
            <property>
                <name>DamageDescription</name>
                <description isNull="true" />
                <classRef>/12.feb72795-55e5-4d34-b066-2eed325245d6</classRef>
                <arrayProperty>false</arrayProperty>
                <propertyDefault isNull="true" />
                <propertyRequired>false</propertyRequired>
                <propertyHidden>false</propertyHidden>
            </property>
            <property>
                <name>envelopID</name>
                <description isNull="true" />
                <classRef>/12.2dc89b0e-045e-43a0-af55-4d37f6cf2ef0</classRef>
                <arrayProperty>false</arrayProperty>
                <propertyDefault isNull="true" />
                <propertyRequired>false</propertyRequired>
                <propertyHidden>true</propertyHidden>
            </property>
            <validator>
                <className isNull="true" />
                <errorMessage isNull="true" />
                <webWidgetJavaClass isNull="true" />
                <externalType>Case</externalType>
                <configData>
                    <schema>
                        <simpleType name="PA_ClaimRequest">
                            <restriction base="String" />
                        </simpleType>
                    </schema>
                </configData>
            </validator>
        </definition>
    </twClass>
</teamworks>

