<?xml version="1.0" encoding="UTF-8"?>
<teamworks>
    <twClass id="12.b014e214-03a8-47b6-91f7-0ad76078b56e" name="is Vehicle Damaged">
        <lastModified>1713918957099</lastModified>
        <lastModifiedBy>cp4admin</lastModifiedBy>
        <tenantId isNull="true" />
        <classId>12.b014e214-03a8-47b6-91f7-0ad76078b56e</classId>
        <type>1</type>
        <isSystem>false</isSystem>
        <shared>false</shared>
        <isShadow>true</isShadow>
        <globalLifetime>false</globalLifetime>
        <internalName>PA_isVehicleDamaged</internalName>
        <extensionType>5</extensionType>
        <saveServiceRef isNull="true" />
        <bpmn2Data isNull="true" />
        <externalId>{9A5DA90E-0F15-4C57-8A2B-333A193E08EE}</externalId>
        <dependencySummary isNull="true" />
        <jsonData isNull="true" />
        <dataName isNull="true" />
        <description isNull="true" />
        <guid>guid:8b0c8ed1dccfb194:-60544698:18f06b936dc:-7d74</guid>
        <versionId>a2cbf29d-daa6-4d95-8e36-985361f7b13e</versionId>
        <definition>
            <validator>
                <className isNull="true" />
                <errorMessage isNull="true" />
                <webWidgetJavaClass isNull="true" />
                <externalType isNull="true" />
                <configData>
                    <schema>
                        <simpleType name="PA_isVehicleDamaged">
                            <restriction base="boolean" />
                        </simpleType>
                    </schema>
                </configData>
            </validator>
        </definition>
    </twClass>
</teamworks>

