<?xml version="1.0" encoding="UTF-8"?>
<teamworks>
    <twClass id="12.bb68bed4-7a9d-4bea-951a-619a971236e6" name="Claim Status">
        <lastModified>1713919092105</lastModified>
        <lastModifiedBy>cp4admin</lastModifiedBy>
        <tenantId isNull="true" />
        <classId>12.bb68bed4-7a9d-4bea-951a-619a971236e6</classId>
        <type>1</type>
        <isSystem>false</isSystem>
        <shared>false</shared>
        <isShadow>true</isShadow>
        <globalLifetime>false</globalLifetime>
        <internalName>PA_ClaimStatus</internalName>
        <extensionType>5</extensionType>
        <saveServiceRef isNull="true" />
        <bpmn2Data isNull="true" />
        <externalId>{CF08CA8A-E816-4CB4-9B9C-E5A53D442BDB}</externalId>
        <dependencySummary isNull="true" />
        <jsonData isNull="true" />
        <dataName isNull="true" />
        <description isNull="true" />
        <guid>guid:8b0c8ed1dccfb194:-60544698:18f06b936dc:-7d3c</guid>
        <versionId>802091db-86ae-485e-a5f6-e5d017437aca</versionId>
        <definition>
            <validator>
                <className isNull="true" />
                <errorMessage isNull="true" />
                <webWidgetJavaClass isNull="true" />
                <externalType isNull="true" />
                <configData>
                    <schema>
                        <simpleType name="PA_ClaimStatus">
                            <restriction base="String">
                                <maxLength value="64" />
                            </restriction>
                        </simpleType>
                    </schema>
                </configData>
            </validator>
        </definition>
    </twClass>
</teamworks>

