<?xml version="1.0" encoding="UTF-8"?>
<teamworks>
    <twClass id="12.b38bc654-0a00-44fa-ab0e-84eed2f49bf7" name="Communication">
        <lastModified>1715052976401</lastModified>
        <lastModifiedBy>cp4admin</lastModifiedBy>
        <tenantId isNull="true" />
        <classId>12.b38bc654-0a00-44fa-ab0e-84eed2f49bf7</classId>
        <type>1</type>
        <isSystem>false</isSystem>
        <shared>false</shared>
        <isShadow>true</isShadow>
        <globalLifetime>false</globalLifetime>
        <internalName>PA_Communication</internalName>
        <extensionType>6</extensionType>
        <saveServiceRef isNull="true" />
        <bpmn2Data isNull="true" />
        <externalId>{8533BE95-AE7B-4FAD-8067-7D17C073B79B}</externalId>
        <dependencySummary isNull="true" />
        <jsonData isNull="true" />
        <dataName isNull="true" />
        <description isNull="true" />
        <guid>guid:cc90e269813961f2:-6d44b79:18f361f07e6:-7774</guid>
        <versionId>e0a35ac5-055f-4c6f-9a75-af4ef647fb6e</versionId>
        <definition>
            <validator>
                <className isNull="true" />
                <errorMessage isNull="true" />
                <webWidgetJavaClass isNull="true" />
                <externalType>Activity</externalType>
                <configData>
                    <schema>
                        <simpleType name="PA_Communication">
                            <restriction base="String" />
                        </simpleType>
                    </schema>
                </configData>
            </validator>
        </definition>
    </twClass>
</teamworks>

