<?xml version="1.0" encoding="UTF-8"?>
<teamworks>
    <twClass id="12.cc5d977b-8bd0-4019-8f2a-6dd20a87fa55" name="Vehicle Year">
        <lastModified>1713922309207</lastModified>
        <lastModifiedBy>cp4admin</lastModifiedBy>
        <tenantId isNull="true" />
        <classId>12.cc5d977b-8bd0-4019-8f2a-6dd20a87fa55</classId>
        <type>1</type>
        <isSystem>false</isSystem>
        <shared>false</shared>
        <isShadow>true</isShadow>
        <globalLifetime>false</globalLifetime>
        <internalName>PA_VehicleYear</internalName>
        <extensionType>5</extensionType>
        <saveServiceRef isNull="true" />
        <bpmn2Data isNull="true" />
        <externalId>{44200269-E67F-4CB1-A70F-4482073FD3DC}</externalId>
        <dependencySummary isNull="true" />
        <jsonData isNull="true" />
        <dataName isNull="true" />
        <description isNull="true" />
        <guid>guid:8b0c8ed1dccfb194:-60544698:18f06b936dc:-7c76</guid>
        <versionId>3b137eef-3235-44c0-a83c-1bc7e20177d1</versionId>
        <definition>
            <validator>
                <className isNull="true" />
                <errorMessage isNull="true" />
                <webWidgetJavaClass isNull="true" />
                <externalType isNull="true" />
                <configData>
                    <schema>
                        <simpleType name="PA_VehicleYear">
                            <restriction base="Integer" />
                        </simpleType>
                    </schema>
                </configData>
            </validator>
        </definition>
    </twClass>
</teamworks>

