<?xml version="1.0" encoding="UTF-8"?>
<teamworks>
    <twClass id="12.ca33801d-cb79-4a39-bfca-06723a4fa7a3" name="No of Witnesses">
        <lastModified>1713918957099</lastModified>
        <lastModifiedBy>cp4admin</lastModifiedBy>
        <tenantId isNull="true" />
        <classId>12.ca33801d-cb79-4a39-bfca-06723a4fa7a3</classId>
        <type>1</type>
        <isSystem>false</isSystem>
        <shared>false</shared>
        <isShadow>true</isShadow>
        <globalLifetime>false</globalLifetime>
        <internalName>PA_NoofWitnesses</internalName>
        <extensionType>5</extensionType>
        <saveServiceRef isNull="true" />
        <bpmn2Data isNull="true" />
        <externalId>{B1A167B8-67CA-41CA-A6E7-1D682883BC6A}</externalId>
        <dependencySummary isNull="true" />
        <jsonData isNull="true" />
        <dataName isNull="true" />
        <description isNull="true" />
        <guid>guid:8b0c8ed1dccfb194:-60544698:18f06b936dc:-7d78</guid>
        <versionId>7f74ad79-ddd8-4fe2-9067-27ff1e0ae693</versionId>
        <definition>
            <validator>
                <className isNull="true" />
                <errorMessage isNull="true" />
                <webWidgetJavaClass isNull="true" />
                <externalType isNull="true" />
                <configData>
                    <schema>
                        <simpleType name="PA_NoofWitnesses">
                            <restriction base="Integer" />
                        </simpleType>
                    </schema>
                </configData>
            </validator>
        </definition>
    </twClass>
</teamworks>

