<?xml version="1.0" encoding="UTF-8"?>
<teamworks>
    <twClass id="12.c029c798-9270-4f7d-a647-f64edd4afd2a" name="Remediation Status">
        <lastModified>1714388116677</lastModified>
        <lastModifiedBy>cp4admin</lastModifiedBy>
        <tenantId isNull="true" />
        <classId>12.c029c798-9270-4f7d-a647-f64edd4afd2a</classId>
        <type>1</type>
        <isSystem>false</isSystem>
        <shared>false</shared>
        <isShadow>true</isShadow>
        <globalLifetime>false</globalLifetime>
        <internalName>PA_RemediationStatus</internalName>
        <extensionType>5</extensionType>
        <saveServiceRef isNull="true" />
        <bpmn2Data isNull="true" />
        <externalId>{A0059299-0A0C-45DC-935A-933450B70E1E}</externalId>
        <dependencySummary isNull="true" />
        <jsonData isNull="true" />
        <dataName isNull="true" />
        <description isNull="true" />
        <guid>guid:8b0c8ed1dccfb194:-60544698:18f06b936dc:-7be9</guid>
        <versionId>62a2f23f-e0a3-485c-bf5f-0632bd5d04e6</versionId>
        <definition>
            <validator>
                <className isNull="true" />
                <errorMessage isNull="true" />
                <webWidgetJavaClass isNull="true" />
                <externalType isNull="true" />
                <configData>
                    <schema>
                        <simpleType name="PA_RemediationStatus">
                            <restriction base="boolean" />
                        </simpleType>
                    </schema>
                </configData>
            </validator>
        </definition>
    </twClass>
</teamworks>

