<?xml version="1.0" encoding="UTF-8"?>
<teamworks>
    <twClass id="12.feb72795-55e5-4d34-b066-2eed325245d6" name="Damage Description">
        <lastModified>1715053093278</lastModified>
        <lastModifiedBy>cp4admin</lastModifiedBy>
        <tenantId isNull="true" />
        <classId>12.feb72795-55e5-4d34-b066-2eed325245d6</classId>
        <type>1</type>
        <isSystem>false</isSystem>
        <shared>false</shared>
        <isShadow>true</isShadow>
        <globalLifetime>false</globalLifetime>
        <internalName>PA_DamageDescription</internalName>
        <extensionType>5</extensionType>
        <saveServiceRef isNull="true" />
        <bpmn2Data isNull="true" />
        <externalId>{E92D5E7A-165C-4DC1-8BBA-3E5D65C5377B}</externalId>
        <dependencySummary isNull="true" />
        <jsonData isNull="true" />
        <dataName isNull="true" />
        <description isNull="true" />
        <guid>guid:cc90e269813961f2:-6d44b79:18f361f07e6:-76d9</guid>
        <versionId>d0039c67-43fa-4741-8459-5023c8f2c7a0</versionId>
        <definition>
            <validator>
                <className isNull="true" />
                <errorMessage isNull="true" />
                <webWidgetJavaClass isNull="true" />
                <externalType isNull="true" />
                <configData>
                    <schema>
                        <simpleType name="PA_DamageDescription">
                            <restriction base="String">
                                <maxLength value="1333" />
                            </restriction>
                        </simpleType>
                    </schema>
                </configData>
            </validator>
        </definition>
    </twClass>
</teamworks>

