<?xml version="1.0" encoding="UTF-8"?>
<teamworks>
    <twClass id="12.f559cac4-443d-46c1-9b0d-882ffceb666e" name="Policy Number">
        <lastModified>1714926542798</lastModified>
        <lastModifiedBy>cp4admin</lastModifiedBy>
        <tenantId isNull="true" />
        <classId>12.f559cac4-443d-46c1-9b0d-882ffceb666e</classId>
        <type>1</type>
        <isSystem>false</isSystem>
        <shared>false</shared>
        <isShadow>true</isShadow>
        <globalLifetime>false</globalLifetime>
        <internalName>PA_PolicyNumber</internalName>
        <extensionType>5</extensionType>
        <saveServiceRef isNull="true" />
        <bpmn2Data isNull="true" />
        <externalId>{E5661A83-B1A2-4A85-9599-99B3C2F1E9FB}</externalId>
        <dependencySummary isNull="true" />
        <jsonData isNull="true" />
        <dataName isNull="true" />
        <description isNull="true" />
        <guid>guid:cc90e269813961f2:-6d44b79:18f361f07e6:-79e3</guid>
        <versionId>8ec937e0-d4d3-40f7-a1cd-b4a2f0276e41</versionId>
        <definition>
            <validator>
                <className isNull="true" />
                <errorMessage isNull="true" />
                <webWidgetJavaClass isNull="true" />
                <externalType isNull="true" />
                <configData>
                    <schema>
                        <simpleType name="PA_PolicyNumber">
                            <restriction base="String">
                                <maxLength value="64" />
                            </restriction>
                        </simpleType>
                    </schema>
                </configData>
            </validator>
        </definition>
    </twClass>
</teamworks>

