<?xml version="1.0" encoding="UTF-8"?>
<teamworks>
    <twClass id="12.f7f0d2ea-2719-4432-98d4-78731bb9cb26" name="Remediation">
        <lastModified>1714388116677</lastModified>
        <lastModifiedBy>cp4admin</lastModifiedBy>
        <tenantId isNull="true" />
        <classId>12.f7f0d2ea-2719-4432-98d4-78731bb9cb26</classId>
        <type>1</type>
        <isSystem>false</isSystem>
        <shared>false</shared>
        <isShadow>true</isShadow>
        <globalLifetime>false</globalLifetime>
        <internalName>PA_Remediation</internalName>
        <extensionType>5</extensionType>
        <saveServiceRef isNull="true" />
        <bpmn2Data isNull="true" />
        <externalId>{AFFFB910-4A44-4F1A-A24D-C7417B4E0F48}</externalId>
        <dependencySummary isNull="true" />
        <jsonData isNull="true" />
        <dataName isNull="true" />
        <description isNull="true" />
        <guid>guid:8b0c8ed1dccfb194:-60544698:18f06b936dc:-7be7</guid>
        <versionId>30ab5a4e-ed5a-4440-8e0c-7cf37e2c0fb0</versionId>
        <definition>
            <validator>
                <className isNull="true" />
                <errorMessage isNull="true" />
                <webWidgetJavaClass isNull="true" />
                <externalType isNull="true" />
                <configData>
                    <schema>
                        <complexType name="PA_Remediation">
                            <complexContent>
                                <extension base="PA_RemediationStep" baseClassRef="/12.1bc0cc0e-44c7-4a0a-aa6c-96573fe53c77" />
                            </complexContent>
                        </complexType>
                    </schema>
                </configData>
            </validator>
        </definition>
    </twClass>
</teamworks>

