<?xml version="1.0" encoding="UTF-8"?>
<teamworks>
    <twClass id="12.f2df0f56-eb78-4e5a-b4ed-b1e041ddf077" name="DemoContext">
        <lastModified>1718715581049</lastModified>
        <lastModifiedBy>cp4admin</lastModifiedBy>
        <tenantId isNull="true" />
        <classId>12.f2df0f56-eb78-4e5a-b4ed-b1e041ddf077</classId>
        <type>1</type>
        <isSystem>false</isSystem>
        <shared>true</shared>
        <isShadow>false</isShadow>
        <globalLifetime>false</globalLifetime>
        <internalName isNull="true" />
        <extensionType isNull="true" />
        <saveServiceRef isNull="true" />
        <bpmn2Data isNull="true" />
        <externalId>itm.12.f2df0f56-eb78-4e5a-b4ed-b1e041ddf077</externalId>
        <dependencySummary isNull="true" />
        <jsonData>{"attributeFormDefault":"unqualified","elementFormDefault":"unqualified","targetNamespace":"http:\/\/PA","complexType":[{"annotation":{"documentation":[{}],"appinfo":[{"shared":[true],"advancedProperties":[{}],"shadow":[false]}]},"sequence":{"element":[{"annotation":{"documentation":[{}],"appinfo":[{"propertyName":["locale"],"propertyRequired":[false],"propertyHidden":[false],"advancedParameterProperties":[{}]}]},"name":"locale","type":"{http:\/\/lombardi.ibm.com\/schema\/}String","otherAttributes":{"{http:\/\/www.ibm.com\/bpmsdk}refid":"12.db884a3c-c533-44b7-bb2d-47bec8ad4022"}},{"annotation":{"documentation":[{}],"appinfo":[{"propertyName":["InsuranceName"],"propertyRequired":[false],"propertyHidden":[false],"advancedParameterProperties":[{}]}]},"name":"InsuranceName","type":"{http:\/\/lombardi.ibm.com\/schema\/}String","otherAttributes":{"{http:\/\/www.ibm.com\/bpmsdk}refid":"12.db884a3c-c533-44b7-bb2d-47bec8ad4022"}}]},"name":"DemoContext"}],"id":"_12.f2df0f56-eb78-4e5a-b4ed-b1e041ddf077"}</jsonData>
        <dataName isNull="true" />
        <description isNull="true" />
        <guid>guid:5733966303c98ceb:54e7d30:18fe44fdd7b:-5d13</guid>
        <versionId>bb09bfa7-c2c0-40b4-989c-5a362b2238b4</versionId>
        <definition>
            <property>
                <name>locale</name>
                <description isNull="true" />
                <classRef>f9bfad03-1cba-408d-921f-41cfbdd4600c/12.db884a3c-c533-44b7-bb2d-47bec8ad4022</classRef>
                <arrayProperty>false</arrayProperty>
                <propertyDefault isNull="true" />
                <propertyRequired>false</propertyRequired>
                <propertyHidden>false</propertyHidden>
                <annotation type="com.lombardisoftware.core.xml.XMLFieldAnnotation" version="2.0">
                    <exclude isNull="true" />
                    <nodeType isNull="true" />
                    <name isNull="true" />
                    <namespace isNull="true" />
                    <typeName isNull="true" />
                    <typeNamespace isNull="true" />
                    <minOccurs isNull="true" />
                    <maxOccurs isNull="true" />
                    <nillable isNull="true" />
                    <order isNull="true" />
                    <wrapArray isNull="true" />
                    <arrayTypeName isNull="true" />
                    <arrayTypeAnonymous isNull="true" />
                    <arrayItemName isNull="true" />
                    <arrayItemWildcard isNull="true" />
                    <wildcard isNull="true" />
                    <wildcardVariety isNull="true" />
                    <wildcardMode isNull="true" />
                    <wildcardNamespace isNull="true" />
                    <parentModelGroupCompositor isNull="true" />
                    <timeZone isNull="true" />
                </annotation>
            </property>
            <property>
                <name>InsuranceName</name>
                <description isNull="true" />
                <classRef>f9bfad03-1cba-408d-921f-41cfbdd4600c/12.db884a3c-c533-44b7-bb2d-47bec8ad4022</classRef>
                <arrayProperty>false</arrayProperty>
                <propertyDefault isNull="true" />
                <propertyRequired>false</propertyRequired>
                <propertyHidden>false</propertyHidden>
                <annotation type="com.lombardisoftware.core.xml.XMLFieldAnnotation" version="2.0">
                    <exclude isNull="true" />
                    <nodeType isNull="true" />
                    <name isNull="true" />
                    <namespace isNull="true" />
                    <typeName isNull="true" />
                    <typeNamespace isNull="true" />
                    <minOccurs isNull="true" />
                    <maxOccurs isNull="true" />
                    <nillable isNull="true" />
                    <order isNull="true" />
                    <wrapArray isNull="true" />
                    <arrayTypeName isNull="true" />
                    <arrayTypeAnonymous isNull="true" />
                    <arrayItemName isNull="true" />
                    <arrayItemWildcard isNull="true" />
                    <wildcard isNull="true" />
                    <wildcardVariety isNull="true" />
                    <wildcardMode isNull="true" />
                    <wildcardNamespace isNull="true" />
                    <parentModelGroupCompositor isNull="true" />
                    <timeZone isNull="true" />
                </annotation>
            </property>
            <validator>
                <className isNull="true" />
                <errorMessage isNull="true" />
                <webWidgetJavaClass isNull="true" />
                <externalType isNull="true" />
                <configData>
                    <schema>
                        <simpleType name="DemoContext">
                            <restriction base="String" />
                        </simpleType>
                    </schema>
                </configData>
            </validator>
            <annotation type="com.lombardisoftware.core.xml.XMLTypeAnnotation" version="2.0">
                <exclude isNull="true" />
                <anonymous isNull="true" />
                <local isNull="true" />
                <name isNull="true" />
                <namespace isNull="true" />
                <elementName isNull="true" />
                <elementNamespace isNull="true" />
                <protoTypeName isNull="true" />
                <baseTypeName isNull="true" />
                <specialType isNull="true" />
                <contentTypeVariety isNull="true" />
                <xscRef isNull="true" />
            </annotation>
        </definition>
    </twClass>
</teamworks>

