<?xml version="1.0" encoding="UTF-8"?>
<teamworks>
    <restService id="2051.fbdc9700-a42d-49de-a6ab-066e2df00531" name="ClaimsWatson">
        <lastModified>1717774450190</lastModified>
        <lastModifiedBy>cp4admin</lastModifiedBy>
        <tenantId isNull="true" />
        <restServiceId>2051.fbdc9700-a42d-49de-a6ab-066e2df00531</restServiceId>
        <protocol>1</protocol>
        <jsonData>{"operations":[{"interactionPattern":"REQUEST_RESPONSE_SYNC","implementation":"1.49f88a4f-db5e-4017-b427-c922dac56ac0","name":"ExtractInfo","id":"2053.270733cf-5d9f-49f3-b1c0-8848d0ba6f02","seq":1},{"interactionPattern":"REQUEST_RESPONSE_SYNC","implementation":"1.5747d7e8-12da-497a-a523-ed58d5776aab","name":"CreateClaims","id":"2053.7c436590-9998-4838-8a0c-58ffd5a3a3ac-t","seq":2}],"name":"ClaimsWatson","id":"2051.fbdc9700-a42d-49de-a6ab-066e2df00531","openAPIDefinitionURLTemplate":"https:\/\/cpd-cp4ba-starter.apps.665f1d59437f66001e444d25.cloud.techzone.ibm.com\/bas\/automationservices\/rest\/PA\/{SNAPSHOT_START:a8c13a56-6bc0-48e2-bc79-8ddbc134a8ea:SNAPSHOT_END}\/{NAME_START:ClaimsWatson:NAME_END}\/docs?openAPIVersion=3"}</jsonData>
        <description isNull="true" />
        <guid>guid:8b0c8ed1dccfb194:-60544698:18f06b936dc:-7c05</guid>
        <versionId>9f7e87a3-2a8d-4e95-9225-6f7aa2c23cce</versionId>
        <restServiceOperation name="ExtractInfo">
            <lastModified isNull="true" />
            <lastModifiedBy isNull="true" />
            <tenantId isNull="true" />
            <restServiceOperationId>2053.270733cf-5d9f-49f3-b1c0-8848d0ba6f02</restServiceOperationId>
            <restServiceId>2051.fbdc9700-a42d-49de-a6ab-066e2df00531</restServiceId>
            <seq>1</seq>
            <processRef>/1.49f88a4f-db5e-4017-b427-c922dac56ac0</processRef>
            <implementationRef isNull="true" />
            <interactionPattern>1</interactionPattern>
            <description isNull="true" />
            <guid>guid:270733cf-5d9f-49f3-b1c0-8848d0ba6f02</guid>
            <versionId>d6e16bd4-e97c-478e-b264-218be2e8cbc9</versionId>
        </restServiceOperation>
        <restServiceOperation name="CreateClaims">
            <lastModified isNull="true" />
            <lastModifiedBy isNull="true" />
            <tenantId isNull="true" />
            <restServiceOperationId>2053.faebf1f1-7ae6-4703-ac91-d2081f5d1bab</restServiceOperationId>
            <restServiceId>2051.fbdc9700-a42d-49de-a6ab-066e2df00531</restServiceId>
            <seq>2</seq>
            <processRef>/1.5747d7e8-12da-497a-a523-ed58d5776aab</processRef>
            <implementationRef isNull="true" />
            <interactionPattern>1</interactionPattern>
            <description isNull="true" />
            <guid>guid:faebf1f1-7ae6-4703-ac91-d2081f5d1bab</guid>
            <versionId>3c8e000a-6c96-44c4-8e7f-d716dd309558</versionId>
        </restServiceOperation>
    </restService>
</teamworks>

