<?xml version="1.0" encoding="UTF-8"?>
<teamworks>
    <participant id="24.62d7a7fe-22f3-4c81-85e2-a023b9fb92f1" name="Experts">
        <lastModified>1715072474182</lastModified>
        <lastModifiedBy>cp4admin</lastModifiedBy>
        <tenantId isNull="true" />
        <participantId>24.62d7a7fe-22f3-4c81-85e2-a023b9fb92f1</participantId>
        <participantDefinition isNull="true" />
        <simulationGroupSize>2</simulationGroupSize>
        <capacityType>1</capacityType>
        <definitionType>5</definitionType>
        <percentAvailable isNull="true" />
        <percentEfficiency isNull="true" />
        <cost>10.00</cost>
        <currencyCode isNull="true" />
        <image isNull="true" />
        <serviceMembersRef>f9bfad03-1cba-408d-921f-41cfbdd4600c/1.26d2889e-266f-4622-82d2-6ba6f7f07204</serviceMembersRef>
        <managersRef isNull="true" />
        <jsonData isNull="true" />
        <externalId>PA_Experts</externalId>
        <description isNull="true" />
        <guid>guid:cc90e269813961f2:-6d44b79:18f361f07e6:-6edc</guid>
        <versionId>9d12978e-b76d-4877-8ef3-ae910a198355</versionId>
        <teamAssignments>
            <inputMapping id="bpdid:cc90e269813961f2:-6d44b79:18f361f07e6:-6edb">
                <name>caseSolutionId</name>
                <classId>/12.db884a3c-c533-44b7-bb2d-47bec8ad4022</classId>
                <input>true</input>
                <value>"PA"</value>
                <parameterId>2055.9cfa97c8-e5c5-40e5-8bdf-c11196c6b5cf</parameterId>
            </inputMapping>
            <inputMapping id="bpdid:cc90e269813961f2:-6d44b79:18f361f07e6:-6eda">
                <name>caseRoleId</name>
                <classId>/12.db884a3c-c533-44b7-bb2d-47bec8ad4022</classId>
                <input>true</input>
                <value>"PA_Experts"</value>
                <parameterId>2055.4e25602d-7a16-4f02-81d4-e14c0aa1dccf</parameterId>
            </inputMapping>
            <inputMapping id="bpdid:cc90e269813961f2:-6d44b79:18f361f07e6:-6ed9">
                <name>managerTeamName</name>
                <classId>/12.db884a3c-c533-44b7-bb2d-47bec8ad4022</classId>
                <input>true</input>
                <useDefault>true</useDefault>
                <value>""</value>
                <parameterId>2055.4d5939a4-85a3-4a72-88ed-e380b84baa6a</parameterId>
            </inputMapping>
        </teamAssignments>
    </participant>
</teamworks>

