<?xml version="1.0" encoding="UTF-8"?>
<teamworks>
    <participant id="24.b98114a3-5c01-47ff-a2bf-19464ac7dc31" name="Insurance Claim Analyst">
        <lastModified>1713918956668</lastModified>
        <lastModifiedBy>cp4admin</lastModifiedBy>
        <tenantId isNull="true" />
        <participantId>24.b98114a3-5c01-47ff-a2bf-19464ac7dc31</participantId>
        <participantDefinition isNull="true" />
        <simulationGroupSize>2</simulationGroupSize>
        <capacityType>1</capacityType>
        <definitionType>5</definitionType>
        <percentAvailable isNull="true" />
        <percentEfficiency isNull="true" />
        <cost>10.00</cost>
        <currencyCode isNull="true" />
        <image isNull="true" />
        <serviceMembersRef>f9bfad03-1cba-408d-921f-41cfbdd4600c/1.26d2889e-266f-4622-82d2-6ba6f7f07204</serviceMembersRef>
        <managersRef isNull="true" />
        <jsonData isNull="true" />
        <externalId>PA_InsuranceClaimAnalyst</externalId>
        <description isNull="true" />
        <guid>guid:8b0c8ed1dccfb194:-60544698:18f06b936dc:-7d86</guid>
        <versionId>3e493b97-36f1-4a23-b1f2-343bd28bf255</versionId>
        <teamAssignments>
            <inputMapping id="bpdid:8b0c8ed1dccfb194:-60544698:18f06b936dc:-7d85">
                <name>caseSolutionId</name>
                <classId>/12.db884a3c-c533-44b7-bb2d-47bec8ad4022</classId>
                <input>true</input>
                <value>"PA"</value>
                <parameterId>2055.9cfa97c8-e5c5-40e5-8bdf-c11196c6b5cf</parameterId>
            </inputMapping>
            <inputMapping id="bpdid:8b0c8ed1dccfb194:-60544698:18f06b936dc:-7d84">
                <name>caseRoleId</name>
                <classId>/12.db884a3c-c533-44b7-bb2d-47bec8ad4022</classId>
                <input>true</input>
                <value>"PA_InsuranceClaimAnalyst"</value>
                <parameterId>2055.4e25602d-7a16-4f02-81d4-e14c0aa1dccf</parameterId>
            </inputMapping>
            <inputMapping id="bpdid:8b0c8ed1dccfb194:-60544698:18f06b936dc:-7d83">
                <name>managerTeamName</name>
                <classId>/12.db884a3c-c533-44b7-bb2d-47bec8ad4022</classId>
                <input>true</input>
                <useDefault>true</useDefault>
                <value>""</value>
                <parameterId>2055.4d5939a4-85a3-4a72-88ed-e380b84baa6a</parameterId>
            </inputMapping>
        </teamAssignments>
    </participant>
</teamworks>

