<?xml version="1.0" encoding="UTF-8"?>
<teamworks>
    <bpd id="25.1e0c187e-4892-42ca-a853-96ba7f6d5674" name="Communication">
        <bpdParameter name="caseProperties">
            <lastModified isNull="true" />
            <lastModifiedBy isNull="true" />
            <tenantId isNull="true" />
            <bpdParameterId>2007.1b909318-3137-4968-83ad-ca123b0a313c</bpdParameterId>
            <bpdId>25.1e0c187e-4892-42ca-a853-96ba7f6d5674</bpdId>
            <parameterType>1</parameterType>
            <isArrayOf>false</isArrayOf>
            <classId>/12.b4e24498-3d8f-41d9-953a-450540bd1120</classId>
            <seq>0</seq>
            <documentation></documentation>
            <hasDefault>false</hasDefault>
            <defaultValue isNull="true" />
            <isReadOnly>false</isReadOnly>
            <guid>guid:52051cdc-5796-4788-89f7-3f405856d6dc</guid>
            <versionId>d733859e-e7a3-4ee8-9c48-f941a5825eb7</versionId>
        </bpdParameter>
        <bpdParameter name="activityProperties">
            <lastModified isNull="true" />
            <lastModifiedBy isNull="true" />
            <tenantId isNull="true" />
            <bpdParameterId>2007.e66feb6f-5d71-4ebf-b7e0-8d7a8193ee15</bpdParameterId>
            <bpdId>25.1e0c187e-4892-42ca-a853-96ba7f6d5674</bpdId>
            <parameterType>1</parameterType>
            <isArrayOf>false</isArrayOf>
            <classId>/12.b38bc654-0a00-44fa-ab0e-84eed2f49bf7</classId>
            <seq>1</seq>
            <documentation></documentation>
            <hasDefault>false</hasDefault>
            <defaultValue isNull="true" />
            <isReadOnly>false</isReadOnly>
            <guid>guid:4aa64d06-0f21-453a-9ce6-d3022fd0a757</guid>
            <versionId>bfd62e45-5173-4027-80ba-efd8e1c144a1</versionId>
        </bpdParameter>
        <lastModified>1718709477456</lastModified>
        <lastModifiedBy>cp4admin</lastModifiedBy>
        <tenantId isNull="true" />
        <bpdId>25.1e0c187e-4892-42ca-a853-96ba7f6d5674</bpdId>
        <isTrackingEnabled>false</isTrackingEnabled>
        <isSpcEnabled>false</isSpcEnabled>
        <restrictedName isNull="true" />
        <isCriticalPathEnabled>false</isCriticalPathEnabled>
        <participantRef isNull="true" />
        <businessDataParticipantRef isNull="true" />
        <perfMetricParticipantRef isNull="true" />
        <ownerTeamParticipantRef isNull="true" />
        <timeScheduleType isNull="true" />
        <timeScheduleName isNull="true" />
        <timeScheduleExpression isNull="true" />
        <holidayScheduleType isNull="true" />
        <holidayScheduleName isNull="true" />
        <holidayScheduleExpression isNull="true" />
        <timezoneType isNull="true" />
        <timezone isNull="true" />
        <timezoneExpression isNull="true" />
        <internalName isNull="true" />
        <description></description>
        <type>1</type>
        <rootBpdId isNull="true" />
        <parentBpdId isNull="true" />
        <parentFlowObjectId isNull="true" />
        <xmlData isNull="true" />
        <bpmn2Data>&lt;ns15:definitions xmlns:ns15="http://www.omg.org/spec/BPMN/20100524/MODEL" xmlns:ns2="http://www.ibm.com/xmlns/prod/bpm/bpmn/ext/process" xmlns:ns3="http://www.ibm.com/xmlns/prod/bpm/bpmn/ext/process/wle" xmlns:ns4="http://www.ibm.com/xmlns/prod/bpm/bpmn/ext/process/case" xmlns:ns5="http://www.ibm.com/bpm/Extensions" xmlns:ns6="http://www.ibm.com/xmlns/prod/bpm/uca" xmlns:ns7="http://www.ibm.com/xmlns/prod/bpm/bpmn/ext/team" xmlns:ns8="http://www.ibm.com/xmlns/prod/bpm/bpmn/ext/trackinggroup" xmlns:ns9="http://www.ibm.com/xmlns/bpmnx/20100524/v1/BusinessVocabulary" xmlns:ns10="http://www.omg.org/spec/DD/20100524/DI" xmlns:ns11="http://www.omg.org/spec/DD/20100524/DC" xmlns:ns12="http://www.omg.org/spec/BPMN/20100524/BPMNDI" xmlns:ns13="http://www.ibm.com/xmlns/prod/bpm/graph" xmlns:ns14="http://www.ibm.com/xmlns/prod/bpm/bpmn/ext/extservice" xmlns:ns16="http://www.ibm.com/bpm/processappsettings" xmlns:ns17="http://www.ibm.com/xmlns/prod/bpm/bpmn/ext/process/auth" xmlns:ns18="http://www.ibm.com/bpm/CoachDesignerNG" xmlns:ns19="http://www.ibm.com/xmlns/links" xmlns:ns20="http://www.ibm.com/bpm/uitheme" xmlns:ns21="http://www.ibm.com/bpm/coachview" xmlns:ns22="http://www.ibm.com/xmlns/tagging" id="39d28c65-0830-41d0-9a56-e57bd5ce84ee" targetNamespace="" expressionLanguage="http://www.ibm.com/xmlns/prod/bpm/expression-lang/javascript"&gt;&lt;ns15:process name="Communication" id="25.1e0c187e-4892-42ca-a853-96ba7f6d5674" ns2:executionMode="longRunning"&gt;&lt;ns15:documentation /&gt;&lt;ns15:extensionElements&gt;&lt;ns3:bpdExtension instanceName="&amp;quot;Communication:&amp;quot; + tw.system.process.instanceId" dueDateEnabled="true" atRiskCalcEnabled="true" enableTracking="true" allowProjectedPathManagement="false" optimizeExecForLatency="false" sBOSyncEnabled="true" allowContentOperations="false" autoTrackingEnabled="false" autoTrackingName="at1715052980837"&gt;&lt;ns3:dueDateSettings type="TimeCalculation"&gt;&lt;ns3:dueDate unit="Hours" timeOfDay="00:00"&gt;8&lt;/ns3:dueDate&gt;&lt;/ns3:dueDateSettings&gt;&lt;ns3:workSchedule&gt;&lt;ns3:timeScheduleType&gt;0&lt;/ns3:timeScheduleType&gt;&lt;ns3:timezoneType&gt;0&lt;/ns3:timezoneType&gt;&lt;ns3:holidayScheduleType&gt;0&lt;/ns3:holidayScheduleType&gt;&lt;/ns3:workSchedule&gt;&lt;/ns3:bpdExtension&gt;&lt;ns4:caseExtension&gt;&lt;ns4:caseFolder id="66fc1cbd-c7e8-4934-ad97-04b1675f02bb" /&gt;&lt;/ns4:caseExtension&gt;&lt;ns4:isConvergedProcess&gt;true&lt;/ns4:isConvergedProcess&gt;&lt;ns4:parentCaseActivityId&gt;{8533BE95-AE7B-4FAD-8067-7D17C073B79B}&lt;/ns4:parentCaseActivityId&gt;&lt;/ns15:extensionElements&gt;&lt;ns15:ioSpecification&gt;&lt;ns15:dataInput name="caseProperties" itemSubjectRef="itm.12.b4e24498-3d8f-41d9-953a-450540bd1120" isCollection="false" id="2007.1b909318-3137-4968-83ad-ca123b0a313c" ns2:readOnly="true"&gt;&lt;ns15:extensionElements&gt;&lt;ns4:parameterType&gt;CaseObject&lt;/ns4:parameterType&gt;&lt;/ns15:extensionElements&gt;&lt;/ns15:dataInput&gt;&lt;ns15:dataInput name="activityProperties" itemSubjectRef="itm.12.b38bc654-0a00-44fa-ab0e-84eed2f49bf7" isCollection="false" id="2007.e66feb6f-5d71-4ebf-b7e0-8d7a8193ee15" ns2:readOnly="true"&gt;&lt;ns15:extensionElements&gt;&lt;ns4:parameterType&gt;CaseObject&lt;/ns4:parameterType&gt;&lt;/ns15:extensionElements&gt;&lt;/ns15:dataInput&gt;&lt;ns15:inputSet id="_878dcb3a-9cd8-4517-9676-704f75fdcba1" /&gt;&lt;ns15:outputSet id="_3df5f40b-5d39-4383-a5ad-33709d137d81" /&gt;&lt;/ns15:ioSpecification&gt;&lt;ns15:laneSet id="ecf92628-776c-4412-a9a1-33256bfec7de"&gt;&lt;ns15:lane name="All Users" partitionElementRef="24.da7e4d23-78cb-4483-98ed-b9c238308a03" id="9184fe0f-7652-4030-b55e-3bbd6e3393cf" ns3:isSystemLane="false"&gt;&lt;ns15:extensionElements&gt;&lt;ns13:nodeVisualInfo x="0" y="0" width="3000" height="200" color="#F8F8F8" /&gt;&lt;/ns15:extensionElements&gt;&lt;/ns15:lane&gt;&lt;ns15:lane name="System" partitionElementRef="24.6fd38d02-81cf-48ab-bd42-8ff4c0a1628b" id="511f756e-a667-4674-a24f-02f914a8651d" ns3:isSystemLane="true"&gt;&lt;ns15:extensionElements&gt;&lt;ns13:nodeVisualInfo x="0" y="201" width="3000" height="200" color="#F8F8F8" /&gt;&lt;/ns15:extensionElements&gt;&lt;ns15:flowNodeRef&gt;07e6223d-6a01-4003-9924-cbb3efd0a47c&lt;/ns15:flowNodeRef&gt;&lt;ns15:flowNodeRef&gt;32cd7151-4e9d-4a7f-8950-76cde7f1ee8a&lt;/ns15:flowNodeRef&gt;&lt;ns15:flowNodeRef&gt;c6f715b2-7450-4576-9109-22ff4c6d33a9&lt;/ns15:flowNodeRef&gt;&lt;/ns15:lane&gt;&lt;/ns15:laneSet&gt;&lt;ns15:startEvent name="Start" id="32cd7151-4e9d-4a7f-8950-76cde7f1ee8a"&gt;&lt;ns15:extensionElements&gt;&lt;ns13:nodeVisualInfo x="30" y="79" width="24" height="24" color="#F8F8F8" /&gt;&lt;ns2:default&gt;b0c6b6f2-d2eb-4814-a0f5-213cad1eac10&lt;/ns2:default&gt;&lt;/ns15:extensionElements&gt;&lt;ns15:outgoing&gt;b0c6b6f2-d2eb-4814-a0f5-213cad1eac10&lt;/ns15:outgoing&gt;&lt;/ns15:startEvent&gt;&lt;ns15:endEvent name="End" id="c6f715b2-7450-4576-9109-22ff4c6d33a9"&gt;&lt;ns15:extensionElements&gt;&lt;ns13:nodeVisualInfo x="724" y="84" width="24" height="24" color="#F8F8F8" /&gt;&lt;/ns15:extensionElements&gt;&lt;ns15:incoming&gt;ce65fa55-96d9-4fc8-8094-c7a90f91e469&lt;/ns15:incoming&gt;&lt;/ns15:endEvent&gt;&lt;ns15:scriptTask scriptFormat="text/x-javascript" isForCompensation="false" startQuantity="1" completionQuantity="1" default="87dd5027-4d0a-42c7-8bfb-69827d775877" name="Inline user task" id="07e6223d-6a01-4003-9924-cbb3efd0a47c"&gt;&lt;ns15:extensionElements&gt;&lt;ns3:activityExtension conditional="false" transactionalBehavior="NotSet"&gt;&lt;ns3:conditionScript /&gt;&lt;/ns3:activityExtension&gt;&lt;ns13:nodeVisualInfo x="305" y="61" width="95" height="70" /&gt;&lt;/ns15:extensionElements&gt;&lt;ns15:incoming&gt;b0c6b6f2-d2eb-4814-a0f5-213cad1eac10&lt;/ns15:incoming&gt;&lt;ns15:incoming&gt;87dd5027-4d0a-42c7-8bfb-69827d775877&lt;/ns15:incoming&gt;&lt;ns15:outgoing&gt;87dd5027-4d0a-42c7-8bfb-69827d775877&lt;/ns15:outgoing&gt;&lt;ns15:outgoing&gt;ce65fa55-96d9-4fc8-8094-c7a90f91e469&lt;/ns15:outgoing&gt;&lt;ns15:script&gt;tw.local.listDocs = tw.system.currentProcessInstance.parentCase.getCaseStructure();
if(tw.local.listDocs!=null &amp;amp;&amp;amp; tw.local.listDocs.listLength&amp;gt;0 &amp;amp;&amp;amp; tw.local.listDocs[0].indexOf("{")&amp;gt;0){
	tw.local.DocID = tw.local.listDocs[0].replace("/={", "idv_");
	tw.local.DocID = tw.local.DocID.replace("}", "");
}
tw.system.currentProcessInstance.parentCase.completeCurrentStage();&lt;/ns15:script&gt;&lt;/ns15:scriptTask&gt;&lt;ns15:sequenceFlow sourceRef="32cd7151-4e9d-4a7f-8950-76cde7f1ee8a" targetRef="07e6223d-6a01-4003-9924-cbb3efd0a47c" name="To inline user task" id="b0c6b6f2-d2eb-4814-a0f5-213cad1eac10"&gt;&lt;ns15:extensionElements&gt;&lt;ns13:linkVisualInfo&gt;&lt;ns13:sourcePortLocation&gt;rightCenter&lt;/ns13:sourcePortLocation&gt;&lt;ns13:targetPortLocation&gt;leftCenter&lt;/ns13:targetPortLocation&gt;&lt;ns13:showLabel&gt;false&lt;/ns13:showLabel&gt;&lt;ns13:showCoachControlLabel&gt;false&lt;/ns13:showCoachControlLabel&gt;&lt;ns13:labelPosition&gt;0.0&lt;/ns13:labelPosition&gt;&lt;ns13:saveExecutionContext&gt;false&lt;/ns13:saveExecutionContext&gt;&lt;/ns13:linkVisualInfo&gt;&lt;ns2:happySequence&gt;true&lt;/ns2:happySequence&gt;&lt;/ns15:extensionElements&gt;&lt;/ns15:sequenceFlow&gt;&lt;ns15:dataObject itemSubjectRef="itm.12.db884a3c-c533-44b7-bb2d-47bec8ad4022" isCollection="true" name="listDocs" id="8d8eb61c-6884-4614-87da-cda5bdb1a7c5" /&gt;&lt;ns15:dataObject itemSubjectRef="itm.12.db884a3c-c533-44b7-bb2d-47bec8ad4022" isCollection="false" name="DocID" id="7fef117b-eac5-41a5-8d27-6f50dadc1a1a" /&gt;&lt;ns15:sequenceFlow sourceRef="07e6223d-6a01-4003-9924-cbb3efd0a47c" targetRef="07e6223d-6a01-4003-9924-cbb3efd0a47c" name="To Inline user task" id="87dd5027-4d0a-42c7-8bfb-69827d775877"&gt;&lt;ns15:extensionElements&gt;&lt;ns13:linkVisualInfo&gt;&lt;ns13:sourcePortLocation&gt;leftCenter&lt;/ns13:sourcePortLocation&gt;&lt;ns13:targetPortLocation&gt;leftCenter&lt;/ns13:targetPortLocation&gt;&lt;ns13:showLabel&gt;false&lt;/ns13:showLabel&gt;&lt;ns13:showCoachControlLabel&gt;false&lt;/ns13:showCoachControlLabel&gt;&lt;ns13:labelPosition&gt;0.0&lt;/ns13:labelPosition&gt;&lt;ns13:saveExecutionContext&gt;false&lt;/ns13:saveExecutionContext&gt;&lt;/ns13:linkVisualInfo&gt;&lt;ns2:happySequence&gt;true&lt;/ns2:happySequence&gt;&lt;/ns15:extensionElements&gt;&lt;/ns15:sequenceFlow&gt;&lt;ns15:sequenceFlow sourceRef="07e6223d-6a01-4003-9924-cbb3efd0a47c" targetRef="c6f715b2-7450-4576-9109-22ff4c6d33a9" name="To End" id="ce65fa55-96d9-4fc8-8094-c7a90f91e469"&gt;&lt;ns15:extensionElements&gt;&lt;ns2:sequenceFlowImplementation sboSyncEnabled="true" /&gt;&lt;ns13:linkVisualInfo&gt;&lt;ns13:sourcePortLocation&gt;rightCenter&lt;/ns13:sourcePortLocation&gt;&lt;ns13:targetPortLocation&gt;leftCenter&lt;/ns13:targetPortLocation&gt;&lt;ns13:showLabel&gt;false&lt;/ns13:showLabel&gt;&lt;ns13:showCoachControlLabel&gt;false&lt;/ns13:showCoachControlLabel&gt;&lt;ns13:labelPosition&gt;0.0&lt;/ns13:labelPosition&gt;&lt;ns13:saveExecutionContext&gt;true&lt;/ns13:saveExecutionContext&gt;&lt;/ns13:linkVisualInfo&gt;&lt;ns2:happySequence&gt;true&lt;/ns2:happySequence&gt;&lt;/ns15:extensionElements&gt;&lt;/ns15:sequenceFlow&gt;&lt;ns15:resourceRole name="participantRef" /&gt;&lt;ns15:resourceRole name="businessDataParticipantRef" /&gt;&lt;ns15:resourceRole name="perfMetricParticipantRef" /&gt;&lt;ns15:resourceRole name="ownerTeamParticipantRef" /&gt;&lt;/ns15:process&gt;&lt;ns15:interface name="CommunicationInterface" id="_7a540ba6-bb19-44e2-ab5d-13e2542ea65f" /&gt;&lt;/ns15:definitions&gt;
</bpmn2Data>
        <dependencySummary isNull="true" />
        <jsonData>{"rootElement":[{"flowElement":[{"parallelMultiple":false,"outgoing":["b0c6b6f2-d2eb-4814-a0f5-213cad1eac10"],"isInterrupting":true,"extensionElements":{"default":["b0c6b6f2-d2eb-4814-a0f5-213cad1eac10"],"nodeVisualInfo":[{"color":"#F8F8F8","width":24,"x":30,"y":79,"declaredType":"TNodeVisualInfo","height":24}]},"name":"Start","declaredType":"startEvent","id":"32cd7151-4e9d-4a7f-8950-76cde7f1ee8a"},{"incoming":["ce65fa55-96d9-4fc8-8094-c7a90f91e469"],"extensionElements":{"nodeVisualInfo":[{"color":"#F8F8F8","width":24,"x":724,"y":84,"declaredType":"TNodeVisualInfo","height":24}]},"name":"End","declaredType":"endEvent","id":"c6f715b2-7450-4576-9109-22ff4c6d33a9"},{"startQuantity":1,"outgoing":["87dd5027-4d0a-42c7-8bfb-69827d775877","ce65fa55-96d9-4fc8-8094-c7a90f91e469"],"incoming":["b0c6b6f2-d2eb-4814-a0f5-213cad1eac10","87dd5027-4d0a-42c7-8bfb-69827d775877"],"default":"87dd5027-4d0a-42c7-8bfb-69827d775877","extensionElements":{"activityExtension":[{"conditionScript":"","conditional":false,"transactionalBehavior":"NotSet","declaredType":"com.ibm.bpmsdk.model.bpmn20.ibmwleext.TActivityExtension"}],"nodeVisualInfo":[{"width":95,"x":305,"y":61,"declaredType":"TNodeVisualInfo","height":70}]},"name":"Inline user task","isForCompensation":false,"completionQuantity":1,"declaredType":"scriptTask","id":"07e6223d-6a01-4003-9924-cbb3efd0a47c","scriptFormat":"text\/x-javascript","script":{"content":["tw.local.listDocs = tw.system.currentProcessInstance.parentCase.getCaseStructure();\nif(tw.local.listDocs!=null &amp;&amp; tw.local.listDocs.listLength&gt;0 &amp;&amp; tw.local.listDocs[0].indexOf(\"{\")&gt;0){\n\ttw.local.DocID = tw.local.listDocs[0].replace(\"\/={\", \"idv_\");\n\ttw.local.DocID = tw.local.DocID.replace(\"}\", \"\");\n}\ntw.system.currentProcessInstance.parentCase.completeCurrentStage();"]}},{"targetRef":"07e6223d-6a01-4003-9924-cbb3efd0a47c","extensionElements":{"linkVisualInfo":[{"sourcePortLocation":"rightCenter","showCoachControlLabel":false,"labelPosition":0.0,"targetPortLocation":"leftCenter","declaredType":"TLinkVisualInfo","saveExecutionContext":false,"showLabel":false}],"happySequence":[true]},"name":"To inline user task","declaredType":"sequenceFlow","id":"b0c6b6f2-d2eb-4814-a0f5-213cad1eac10","sourceRef":"32cd7151-4e9d-4a7f-8950-76cde7f1ee8a"},{"itemSubjectRef":"itm.12.db884a3c-c533-44b7-bb2d-47bec8ad4022","name":"listDocs","isCollection":true,"declaredType":"dataObject","id":"8d8eb61c-6884-4614-87da-cda5bdb1a7c5"},{"itemSubjectRef":"itm.12.db884a3c-c533-44b7-bb2d-47bec8ad4022","name":"DocID","isCollection":false,"declaredType":"dataObject","id":"7fef117b-eac5-41a5-8d27-6f50dadc1a1a"},{"targetRef":"07e6223d-6a01-4003-9924-cbb3efd0a47c","extensionElements":{"linkVisualInfo":[{"sourcePortLocation":"leftCenter","showCoachControlLabel":false,"labelPosition":0.0,"targetPortLocation":"leftCenter","declaredType":"TLinkVisualInfo","saveExecutionContext":false,"showLabel":false}],"happySequence":[true]},"name":"To Inline user task","declaredType":"sequenceFlow","id":"87dd5027-4d0a-42c7-8bfb-69827d775877","sourceRef":"07e6223d-6a01-4003-9924-cbb3efd0a47c"},{"targetRef":"c6f715b2-7450-4576-9109-22ff4c6d33a9","extensionElements":{"sequenceFlowImplementation":[{"fireValidation":"Never","sboSyncEnabled":true,"declaredType":"com.ibm.bpmsdk.model.bpmn20.ibmext.TSequenceFlowImplementation"}],"linkVisualInfo":[{"sourcePortLocation":"rightCenter","showCoachControlLabel":false,"labelPosition":0.0,"targetPortLocation":"leftCenter","declaredType":"TLinkVisualInfo","saveExecutionContext":true,"showLabel":false}],"happySequence":[true]},"name":"To End","declaredType":"sequenceFlow","id":"ce65fa55-96d9-4fc8-8094-c7a90f91e469","sourceRef":"07e6223d-6a01-4003-9924-cbb3efd0a47c"}],"laneSet":[{"id":"ecf92628-776c-4412-a9a1-33256bfec7de","lane":[{"extensionElements":{"nodeVisualInfo":[{"color":"#F8F8F8","width":3000,"x":0,"y":0,"declaredType":"TNodeVisualInfo","height":200}]},"name":"All Users","partitionElementRef":"24.da7e4d23-78cb-4483-98ed-b9c238308a03","declaredType":"lane","id":"9184fe0f-7652-4030-b55e-3bbd6e3393cf","otherAttributes":{"{http:\/\/www.ibm.com\/xmlns\/prod\/bpm\/bpmn\/ext\/process\/wle}isSystemLane":"false"}},{"flowNodeRef":["07e6223d-6a01-4003-9924-cbb3efd0a47c","32cd7151-4e9d-4a7f-8950-76cde7f1ee8a","c6f715b2-7450-4576-9109-22ff4c6d33a9"],"extensionElements":{"nodeVisualInfo":[{"color":"#F8F8F8","width":3000,"x":0,"y":201,"declaredType":"TNodeVisualInfo","height":200}]},"name":"System","partitionElementRef":"24.6fd38d02-81cf-48ab-bd42-8ff4c0a1628b","declaredType":"lane","id":"511f756e-a667-4674-a24f-02f914a8651d","otherAttributes":{"{http:\/\/www.ibm.com\/xmlns\/prod\/bpm\/bpmn\/ext\/process\/wle}isSystemLane":"true"}}]}],"resourceRole":[{"name":"participantRef","declaredType":"resourceRole"},{"name":"businessDataParticipantRef","declaredType":"resourceRole"},{"name":"perfMetricParticipantRef","declaredType":"resourceRole"},{"name":"ownerTeamParticipantRef","declaredType":"resourceRole"}],"isClosed":false,"extensionElements":{"parentCaseActivityId":["{8533BE95-AE7B-4FAD-8067-7D17C073B79B}"],"bpdExtension":[{"allowContentOperations":false,"enableTracking":true,"workSchedule":{"timezoneType":0,"timeScheduleType":0,"holidayScheduleType":0},"instanceName":"\"Communication:\" + tw.system.process.instanceId","dueDateSettings":{"dueDate":{"unit":"Hours","value":"8","timeOfDay":"00:00"},"type":"TimeCalculation"},"autoTrackingName":"at1715052980837","declaredType":"com.ibm.bpmsdk.model.bpmn20.ibmwleext.TBPDExtension","optimizeExecForLatency":false,"dueDateEnabled":true,"atRiskCalcEnabled":true,"allowProjectedPathManagement":false,"autoTrackingEnabled":false,"sboSyncEnabled":true}],"caseExtension":[{"declaredType":"com.ibm.bpmsdk.model.bpmn20.ibmcaseext.TCaseExtension","caseFolder":{"allowSubfoldersCreation":false,"allowLocalDoc":false,"id":"66fc1cbd-c7e8-4934-ad97-04b1675f02bb","allowExternalFolder":false,"allowExternalDoc":false}}],"isConvergedProcess":[true]},"documentation":[{"textFormat":"text\/plain"}],"name":"Communication","declaredType":"process","id":"25.1e0c187e-4892-42ca-a853-96ba7f6d5674","processType":"None","otherAttributes":{"{http:\/\/www.ibm.com\/xmlns\/prod\/bpm\/bpmn\/ext\/process}executionMode":"longRunning"},"ioSpecification":{"inputSet":[{"id":"_878dcb3a-9cd8-4517-9676-704f75fdcba1"}],"outputSet":[{"id":"_3df5f40b-5d39-4383-a5ad-33709d137d81"}],"dataInput":[{"extensionElements":{"parameterType":["CaseObject"]},"itemSubjectRef":"itm.12.b4e24498-3d8f-41d9-953a-450540bd1120","name":"caseProperties","isCollection":false,"id":"2007.1b909318-3137-4968-83ad-ca123b0a313c","otherAttributes":{"{http:\/\/www.ibm.com\/xmlns\/prod\/bpm\/bpmn\/ext\/process}readOnly":"true"}},{"extensionElements":{"parameterType":["CaseObject"]},"itemSubjectRef":"itm.12.b38bc654-0a00-44fa-ab0e-84eed2f49bf7","name":"activityProperties","isCollection":false,"id":"2007.e66feb6f-5d71-4ebf-b7e0-8d7a8193ee15","otherAttributes":{"{http:\/\/www.ibm.com\/xmlns\/prod\/bpm\/bpmn\/ext\/process}readOnly":"true"}}]}},{"name":"CommunicationInterface","declaredType":"interface","id":"_7a540ba6-bb19-44e2-ab5d-13e2542ea65f"}],"targetNamespace":"","typeLanguage":"http:\/\/www.w3.org\/2001\/XMLSchema","expressionLanguage":"http:\/\/www.ibm.com\/xmlns\/prod\/bpm\/expression-lang\/javascript","id":"39d28c65-0830-41d0-9a56-e57bd5ce84ee"}</jsonData>
        <migrationData isNull="true" />
        <rwfData isNull="true" />
        <rwfStatus isNull="true" />
        <templateId isNull="true" />
        <externalId>{8533BE95-AE7B-4FAD-8067-7D17C073B79B}</externalId>
        <guid>guid:cc90e269813961f2:-6d44b79:18f361f07e6:-775a</guid>
        <versionId>f443f1c6-7bbe-4244-b766-7d1f45dea021</versionId>
        <field1 isNull="true" />
        <field2 isNull="true" />
        <field3>0</field3>
        <field4 isNull="true" />
        <field5>false</field5>
        <clobField1 isNull="true" />
        <blobField1 isNull="true" />
        <BusinessProcessDiagram id="bpdid:5733966303c98ceb:54e7d30:18fe44fdd7b:-7c9b">
            <metadata>
                <entry>
                    <key>SAP_META.SHOULDRECOVER</key>
                    <value>no</value>
                </entry>
            </metadata>
            <name>Communication</name>
            <documentation></documentation>
            <name>Communication</name>
            <dimension>
                <size w="600" h="150" />
            </dimension>
            <author>cp4admin</author>
            <isTrackingEnabled>true</isTrackingEnabled>
            <isCriticalPathEnabled>false</isCriticalPathEnabled>
            <isSpcEnabled>false</isSpcEnabled>
            <isDueDateEnabled>true</isDueDateEnabled>
            <isAtRiskCalcEnabled>true</isAtRiskCalcEnabled>
            <creationDate>1715052980947</creationDate>
            <modificationDate>1718709477456</modificationDate>
            <metricSettings itemType="2" />
            <instanceNameExpression>"Communication:" + tw.system.process.instanceId</instanceNameExpression>
            <dueDateType>1</dueDateType>
            <dueDateTime>8</dueDateTime>
            <dueDateTimeResolution>1</dueDateTimeResolution>
            <dueDateTimeTOD>00:00</dueDateTimeTOD>
            <officeIntegration>
                <sharePointParentSiteDisabled>true</sharePointParentSiteDisabled>
                <sharePointParentSiteName>&lt;#= tw.system.process.name #&gt;</sharePointParentSiteName>
                <sharePointParentSiteTemplate>ParentSiteTemplate.stp</sharePointParentSiteTemplate>
                <sharePointWorkspaceSiteName>&lt;#= tw.system.process.name #&gt; &lt;#= tw.system.process.instanceId #&gt;</sharePointWorkspaceSiteName>
                <sharePointWorkspaceSiteDescription>This site has been automatically generated for managing collaborations and documents 
for the Lombardi TeamWorks process instance: &lt;#= tw.system.process.name #&gt; &lt;#= tw.system.process.instanceId #&gt;

TeamWorks Link:  ~APPSERVER_URL~/portal/jsp/getProcessDetails.do?bpdInstanceId=&lt;#= tw.system.process.instanceId #&gt;

</sharePointWorkspaceSiteDescription>
                <sharePointWorkspaceSiteTemplate>WorkspaceSiteTemplate.stp</sharePointWorkspaceSiteTemplate>
                <sharePointLCID>1033</sharePointLCID>
            </officeIntegration>
            <timeScheduleType>0</timeScheduleType>
            <holidayScheduleType>0</holidayScheduleType>
            <timezoneType>0</timezoneType>
            <executionProfile>default</executionProfile>
            <isSBOSyncEnabled>true</isSBOSyncEnabled>
            <allowContentOperations>false</allowContentOperations>
            <parentCaseActivityId>{8533BE95-AE7B-4FAD-8067-7D17C073B79B}</parentCaseActivityId>
            <isLegacyCaseMigrated>false</isLegacyCaseMigrated>
            <hasCaseObjectParams>false</hasCaseObjectParams>
            <defaultPool>
                <BpmnObjectId id="ecf92628-776c-4412-a9a1-33256bfec7de" />
            </defaultPool>
            <defaultInstanceUI id="bpdid:5733966303c98ceb:54e7d30:18fe44fdd7b:-64af" />
            <ownerTeamInstanceUI id="bpdid:5733966303c98ceb:54e7d30:18fe44fdd7b:-64b0" />
            <simulationScenario id="bpdid:cc90e269813961f2:-6d44b79:18f361f07e6:-7747">
                <name>Default</name>
                <simNumInstances>100</simNumInstances>
                <simMinutesBetween>30</simMinutesBetween>
                <maxInstances>100</maxInstances>
                <useMaxInstances>true</useMaxInstances>
                <continueFromReal>false</continueFromReal>
                <useParticipantCalendars>false</useParticipantCalendars>
                <useDuration>false</useDuration>
                <duration>86400</duration>
                <startTime>1715052981210</startTime>
            </simulationScenario>
            <flow id="ce65fa55-96d9-4fc8-8094-c7a90f91e469" connectionType="SequenceFlow">
                <name>To End</name>
                <documentation></documentation>
                <nameVisible>false</nameVisible>
                <metricSettings itemType="32" />
                <connection>
                    <lineType>0</lineType>
                    <condition id="bpdid:5733966303c98ceb:54e7d30:18fe44fdd7b:-6428" />
                </connection>
            </flow>
            <flow id="b0c6b6f2-d2eb-4814-a0f5-213cad1eac10" connectionType="SequenceFlow">
                <name>To inline user task</name>
                <documentation></documentation>
                <nameVisible>false</nameVisible>
                <metricSettings itemType="32" />
                <connection>
                    <lineType>0</lineType>
                    <condition id="bpdid:5733966303c98ceb:54e7d30:18fe44fdd7b:-6427" />
                </connection>
            </flow>
            <flow id="87dd5027-4d0a-42c7-8bfb-69827d775877" connectionType="SequenceFlow">
                <name>To Inline user task</name>
                <documentation></documentation>
                <nameVisible>false</nameVisible>
                <metricSettings itemType="32" />
                <connection>
                    <lineType>0</lineType>
                    <condition id="bpdid:5733966303c98ceb:54e7d30:18fe44fdd7b:-6426" />
                </connection>
            </flow>
            <pool id="ecf92628-776c-4412-a9a1-33256bfec7de">
                <name>Pool</name>
                <documentation></documentation>
                <restrictedName>at1715052980837</restrictedName>
                <dimension>
                    <size w="3000" h="200" />
                </dimension>
                <autoTrackingEnabled>false</autoTrackingEnabled>
                <lane id="511f756e-a667-4674-a24f-02f914a8651d">
                    <name>System</name>
                    <height>200</height>
                    <laneColor>0</laneColor>
                    <systemLane>true</systemLane>
                    <attachedParticipant>f9bfad03-1cba-408d-921f-41cfbdd4600c/24.6fd38d02-81cf-48ab-bd42-8ff4c0a1628b</attachedParticipant>
                    <flowObject id="07e6223d-6a01-4003-9924-cbb3efd0a47c" componentType="Activity">
                        <name>Inline user task</name>
                        <documentation></documentation>
                        <position>
                            <location x="305" y="61" />
                        </position>
                        <dropIconUrl>0</dropIconUrl>
                        <colorInput>#A5B7CD</colorInput>
                        <component>
                            <loopType>0</loopType>
                            <loopMaximum>1</loopMaximum>
                            <startQuantity>1</startQuantity>
                            <isAutoflowable>false</isAutoflowable>
                            <MIOrdering>1</MIOrdering>
                            <MIFlowCondition>0</MIFlowCondition>
                            <cancelRemainingInstances>false</cancelRemainingInstances>
                            <metricSettings itemType="4" />
                            <implementationType>3</implementationType>
                            <isConditional>false</isConditional>
                            <conditionScript></conditionScript>
                            <bpmnTaskType>4</bpmnTaskType>
                            <activityOptionType>REQUIRED</activityOptionType>
                            <activityExecutionType>NONE</activityExecutionType>
                            <activityExecutionTypePreviousValue>AUTOMATIC</activityExecutionTypePreviousValue>
                            <isHidden>false</isHidden>
                            <isRepeatable>false</isRepeatable>
                            <transactionalBehavior>0</transactionalBehavior>
                            <isRobotTask>false</isRobotTask>
                            <implementation>
                                <script>tw.local.listDocs = tw.system.currentProcessInstance.parentCase.getCaseStructure();
if(tw.local.listDocs!=null &amp;&amp; tw.local.listDocs.listLength&gt;0 &amp;&amp; tw.local.listDocs[0].indexOf("{")&gt;0){
	tw.local.DocID = tw.local.listDocs[0].replace("/={", "idv_");
	tw.local.DocID = tw.local.DocID.replace("}", "");
}
tw.system.currentProcessInstance.parentCase.completeCurrentStage();</script>
                            </implementation>
                        </component>
                        <inputPort id="bpdid:5733966303c98ceb:54e7d30:18fe44fdd7b:-64ac">
                            <positionId>leftCenter</positionId>
                            <input>true</input>
                            <flow ref="b0c6b6f2-d2eb-4814-a0f5-213cad1eac10" />
                        </inputPort>
                        <inputPort id="bpdid:5733966303c98ceb:54e7d30:18fe44fdd7b:-64a9">
                            <positionId>leftCenter</positionId>
                            <input>true</input>
                            <flow ref="87dd5027-4d0a-42c7-8bfb-69827d775877" />
                        </inputPort>
                        <outputPort id="bpdid:5733966303c98ceb:54e7d30:18fe44fdd7b:-64aa">
                            <positionId>rightCenter</positionId>
                            <flow ref="ce65fa55-96d9-4fc8-8094-c7a90f91e469" />
                        </outputPort>
                        <outputPort id="bpdid:5733966303c98ceb:54e7d30:18fe44fdd7b:-64ab">
                            <positionId>leftCenter</positionId>
                            <flow ref="87dd5027-4d0a-42c7-8bfb-69827d775877" />
                        </outputPort>
                    </flowObject>
                    <flowObject id="32cd7151-4e9d-4a7f-8950-76cde7f1ee8a" componentType="Event">
                        <name>Start</name>
                        <documentation></documentation>
                        <position>
                            <location x="30" y="79" />
                        </position>
                        <dropIconUrl>0</dropIconUrl>
                        <colorInput>#F8F8F8</colorInput>
                        <component>
                            <nameVisible>true</nameVisible>
                            <eventType>1</eventType>
                            <cancelActivity>true</cancelActivity>
                            <repeatable>false</repeatable>
                            <doCloseTask>true</doCloseTask>
                        </component>
                        <outputPort id="bpdid:5733966303c98ceb:54e7d30:18fe44fdd7b:-64ad">
                            <positionId>rightCenter</positionId>
                            <flow ref="b0c6b6f2-d2eb-4814-a0f5-213cad1eac10" />
                        </outputPort>
                    </flowObject>
                    <flowObject id="c6f715b2-7450-4576-9109-22ff4c6d33a9" componentType="Event">
                        <name>End</name>
                        <documentation></documentation>
                        <position>
                            <location x="724" y="84" />
                        </position>
                        <dropIconUrl>0</dropIconUrl>
                        <colorInput>#F8F8F8</colorInput>
                        <component>
                            <nameVisible>true</nameVisible>
                            <eventType>2</eventType>
                            <cancelActivity>true</cancelActivity>
                            <repeatable>false</repeatable>
                            <doCloseTask>true</doCloseTask>
                        </component>
                        <inputPort id="bpdid:5733966303c98ceb:54e7d30:18fe44fdd7b:-64a8">
                            <positionId>leftCenter</positionId>
                            <input>true</input>
                            <flow ref="ce65fa55-96d9-4fc8-8094-c7a90f91e469" />
                        </inputPort>
                    </flowObject>
                </lane>
                <inputParameter id="1b909318-3137-4968-83ad-ca123b0a313c">
                    <bpdParameterId>2007.1b909318-3137-4968-83ad-ca123b0a313c</bpdParameterId>
                    <isProcessInstanceCorrelator>false</isProcessInstanceCorrelator>
                </inputParameter>
                <inputParameter id="e66feb6f-5d71-4ebf-b7e0-8d7a8193ee15">
                    <bpdParameterId>2007.e66feb6f-5d71-4ebf-b7e0-8d7a8193ee15</bpdParameterId>
                    <isProcessInstanceCorrelator>false</isProcessInstanceCorrelator>
                </inputParameter>
                <privateVariable id="8d8eb61c-6884-4614-87da-cda5bdb1a7c5">
                    <name>listDocs</name>
                    <description></description>
                    <classId>f9bfad03-1cba-408d-921f-41cfbdd4600c/12.db884a3c-c533-44b7-bb2d-47bec8ad4022</classId>
                    <arrayOf>true</arrayOf>
                    <hasDefault>false</hasDefault>
                    <visibleInSearch>false</visibleInSearch>
                    <isProcessInstanceCorrelator>false</isProcessInstanceCorrelator>
                    <isSharedContext>false</isSharedContext>
                </privateVariable>
                <privateVariable id="7fef117b-eac5-41a5-8d27-6f50dadc1a1a">
                    <name>DocID</name>
                    <description></description>
                    <classId>f9bfad03-1cba-408d-921f-41cfbdd4600c/12.db884a3c-c533-44b7-bb2d-47bec8ad4022</classId>
                    <arrayOf>false</arrayOf>
                    <hasDefault>false</hasDefault>
                    <visibleInSearch>false</visibleInSearch>
                    <isProcessInstanceCorrelator>false</isProcessInstanceCorrelator>
                    <isSharedContext>false</isSharedContext>
                </privateVariable>
            </pool>
            <extension id="bpdid:5733966303c98ceb:54e7d30:18fe44fdd7b:-64a7" type="CASE">
                <caseFolder id="66fc1cbd-c7e8-4934-ad97-04b1675f02bb">
                    <allowLocalDoc>false</allowLocalDoc>
                    <allowExternalDoc>false</allowExternalDoc>
                    <allowSubfoldersCreation>false</allowSubfoldersCreation>
                    <allowExternalFolder>false</allowExternalFolder>
                </caseFolder>
            </extension>
        </BusinessProcessDiagram>
    </bpd>
</teamworks>

