<?xml version="1.0" encoding="UTF-8"?>
<teamworks>
    <bpd id="25.51b715da-c356-43fd-a410-ade8dc0d342f" name="Expert Estimation">
        <bpdParameter name="caseProperties">
            <lastModified isNull="true" />
            <lastModifiedBy isNull="true" />
            <tenantId isNull="true" />
            <bpdParameterId>2007.aa575aad-8d7a-43ba-a968-883c86ae068a</bpdParameterId>
            <bpdId>25.51b715da-c356-43fd-a410-ade8dc0d342f</bpdId>
            <parameterType>1</parameterType>
            <isArrayOf>false</isArrayOf>
            <classId>/12.b4e24498-3d8f-41d9-953a-450540bd1120</classId>
            <seq>0</seq>
            <documentation></documentation>
            <hasDefault>false</hasDefault>
            <defaultValue isNull="true" />
            <isReadOnly>false</isReadOnly>
            <guid>guid:23ac2494-8a14-47d1-97ee-cf2d6302c76b</guid>
            <versionId>f8daf477-87eb-4c81-ad6b-612087c5b919</versionId>
        </bpdParameter>
        <bpdParameter name="activityProperties">
            <lastModified isNull="true" />
            <lastModifiedBy isNull="true" />
            <tenantId isNull="true" />
            <bpdParameterId>2007.ffaefab0-f17e-4bc3-ad69-2a39582901f1</bpdParameterId>
            <bpdId>25.51b715da-c356-43fd-a410-ade8dc0d342f</bpdId>
            <parameterType>1</parameterType>
            <isArrayOf>false</isArrayOf>
            <classId>/12.1fa70ff1-8673-40be-8263-241959861a02</classId>
            <seq>1</seq>
            <documentation></documentation>
            <hasDefault>false</hasDefault>
            <defaultValue isNull="true" />
            <isReadOnly>false</isReadOnly>
            <guid>guid:a1c38dd0-7232-4ba7-b514-8916bb26a31d</guid>
            <versionId>2c08dc2e-c4c1-47d6-b8a4-94a19cbb7591</versionId>
        </bpdParameter>
        <lastModified>1718745147504</lastModified>
        <lastModifiedBy>cp4admin</lastModifiedBy>
        <tenantId isNull="true" />
        <bpdId>25.51b715da-c356-43fd-a410-ade8dc0d342f</bpdId>
        <isTrackingEnabled>false</isTrackingEnabled>
        <isSpcEnabled>false</isSpcEnabled>
        <restrictedName isNull="true" />
        <isCriticalPathEnabled>false</isCriticalPathEnabled>
        <participantRef isNull="true" />
        <businessDataParticipantRef isNull="true" />
        <perfMetricParticipantRef isNull="true" />
        <ownerTeamParticipantRef isNull="true" />
        <timeScheduleType isNull="true" />
        <timeScheduleName isNull="true" />
        <timeScheduleExpression isNull="true" />
        <holidayScheduleType isNull="true" />
        <holidayScheduleName isNull="true" />
        <holidayScheduleExpression isNull="true" />
        <timezoneType isNull="true" />
        <timezone isNull="true" />
        <timezoneExpression isNull="true" />
        <internalName isNull="true" />
        <description></description>
        <type>1</type>
        <rootBpdId isNull="true" />
        <parentBpdId isNull="true" />
        <parentFlowObjectId isNull="true" />
        <xmlData isNull="true" />
        <bpmn2Data>&lt;ns15:definitions xmlns:ns15="http://www.omg.org/spec/BPMN/20100524/MODEL" xmlns:ns2="http://www.ibm.com/xmlns/prod/bpm/bpmn/ext/process" xmlns:ns3="http://www.ibm.com/xmlns/prod/bpm/bpmn/ext/process/wle" xmlns:ns4="http://www.ibm.com/xmlns/prod/bpm/bpmn/ext/process/case" xmlns:ns5="http://www.ibm.com/bpm/Extensions" xmlns:ns6="http://www.ibm.com/xmlns/prod/bpm/uca" xmlns:ns7="http://www.ibm.com/xmlns/prod/bpm/bpmn/ext/team" xmlns:ns8="http://www.ibm.com/xmlns/prod/bpm/bpmn/ext/trackinggroup" xmlns:ns9="http://www.ibm.com/xmlns/bpmnx/20100524/v1/BusinessVocabulary" xmlns:ns10="http://www.omg.org/spec/DD/20100524/DI" xmlns:ns11="http://www.omg.org/spec/DD/20100524/DC" xmlns:ns12="http://www.omg.org/spec/BPMN/20100524/BPMNDI" xmlns:ns13="http://www.ibm.com/xmlns/prod/bpm/graph" xmlns:ns14="http://www.ibm.com/xmlns/prod/bpm/bpmn/ext/extservice" xmlns:ns16="http://www.ibm.com/bpm/processappsettings" xmlns:ns17="http://www.ibm.com/xmlns/prod/bpm/bpmn/ext/process/auth" xmlns:ns18="http://www.ibm.com/bpm/CoachDesignerNG" xmlns:ns19="http://www.ibm.com/xmlns/links" xmlns:ns20="http://www.ibm.com/bpm/uitheme" xmlns:ns21="http://www.ibm.com/bpm/coachview" xmlns:ns22="http://www.ibm.com/xmlns/tagging" id="f23bbe49-949f-467e-a483-a01eb848b243" targetNamespace="" expressionLanguage="http://www.ibm.com/xmlns/prod/bpm/expression-lang/javascript"&gt;&lt;ns15:process name="Expert Estimation" id="25.51b715da-c356-43fd-a410-ade8dc0d342f" ns2:executionMode="longRunning"&gt;&lt;ns15:documentation /&gt;&lt;ns15:extensionElements&gt;&lt;ns3:bpdExtension instanceName="&amp;quot;Expert Estimation:&amp;quot; + tw.system.process.instanceId" dueDateEnabled="true" atRiskCalcEnabled="true" enableTracking="true" allowProjectedPathManagement="false" optimizeExecForLatency="false" sBOSyncEnabled="true" allowContentOperations="false" autoTrackingEnabled="false" autoTrackingName="at1715052977392"&gt;&lt;ns3:dueDateSettings type="TimeCalculation"&gt;&lt;ns3:dueDate unit="Hours" timeOfDay="00:00"&gt;8&lt;/ns3:dueDate&gt;&lt;/ns3:dueDateSettings&gt;&lt;ns3:workSchedule&gt;&lt;ns3:timeScheduleType&gt;0&lt;/ns3:timeScheduleType&gt;&lt;ns3:timezoneType&gt;0&lt;/ns3:timezoneType&gt;&lt;ns3:holidayScheduleType&gt;0&lt;/ns3:holidayScheduleType&gt;&lt;/ns3:workSchedule&gt;&lt;/ns3:bpdExtension&gt;&lt;ns4:caseExtension&gt;&lt;ns4:caseFolder id="a56f7430-b1b3-4a50-87e0-175bfbdd97ec" /&gt;&lt;/ns4:caseExtension&gt;&lt;ns4:isConvergedProcess&gt;true&lt;/ns4:isConvergedProcess&gt;&lt;ns4:parentCaseActivityId&gt;{E1B433DF-3250-4ABA-A6BA-D679DD069C37}&lt;/ns4:parentCaseActivityId&gt;&lt;/ns15:extensionElements&gt;&lt;ns15:ioSpecification&gt;&lt;ns15:dataInput name="caseProperties" itemSubjectRef="itm.12.b4e24498-3d8f-41d9-953a-450540bd1120" isCollection="false" id="2007.aa575aad-8d7a-43ba-a968-883c86ae068a" ns2:readOnly="true"&gt;&lt;ns15:extensionElements&gt;&lt;ns4:parameterType&gt;CaseObject&lt;/ns4:parameterType&gt;&lt;ns3:searchableField id="232a8002-7e46-4bbb-8cb2-d523591459d7" alias="DamageEstimation" path=".DamageEstimation.value" type="12.536b2aa5-a30f-4eca-87fa-3a28066753ee" /&gt;&lt;ns3:trackedField id="48c5eb08-3d40-4acc-8c7a-c313c986f011" sname="DamageEstimation" type="12.536b2aa5-a30f-4eca-87fa-3a28066753ee" path=".DamageEstimation.value" /&gt;&lt;ns3:searchableField id="ed3a947d-c1f5-41df-8571-4273464f9525" alias="VehicleBrand" path=".VehicleBrand.value" type="12.db884a3c-c533-44b7-bb2d-47bec8ad4022" /&gt;&lt;ns3:trackedField id="6736d1ac-8254-465a-8d7b-fd706239437a" sname="VehicleBrand" type="12.db884a3c-c533-44b7-bb2d-47bec8ad4022" path=".VehicleBrand.value" /&gt;&lt;ns3:searchableField id="608c6f66-21a3-4a2b-873b-374c04389985" alias="VehicleModel" path=".VehicleModel.value" type="12.db884a3c-c533-44b7-bb2d-47bec8ad4022" /&gt;&lt;ns3:trackedField id="ad01639c-05a7-4112-833d-b25773dfc1ea" sname="VehicleModel" type="12.db884a3c-c533-44b7-bb2d-47bec8ad4022" path=".VehicleModel.value" /&gt;&lt;ns3:searchableField id="bf068639-58e2-408e-8ce4-2496d5190642" alias="VehicleYear" path=".VehicleYear.value" type="12.3fa0d7a0-828a-4d60-99cc-db5ed143fc2d" /&gt;&lt;ns3:trackedField id="8fd2c936-d412-4a83-8376-fa51d2798eea" sname="VehicleYear" type="12.3fa0d7a0-828a-4d60-99cc-db5ed143fc2d" path=".VehicleYear.value" /&gt;&lt;ns3:searchableField id="d339185f-bbec-4585-8a5e-c38509a1ee30" alias="TypeofCollision" path=".TypeofCollision.value" type="12.db884a3c-c533-44b7-bb2d-47bec8ad4022" /&gt;&lt;ns3:trackedField id="977969de-c71c-45e6-8ada-b0d522686dbf" sname="TypeofCollision" type="12.db884a3c-c533-44b7-bb2d-47bec8ad4022" path=".TypeofCollision.value" /&gt;&lt;ns3:searchableField id="dedc28bb-2d1c-45f2-809c-8b86422e7abf" alias="TypeofIncidence" path=".TypeofIncidence.value" type="12.db884a3c-c533-44b7-bb2d-47bec8ad4022" /&gt;&lt;ns3:trackedField id="409c4c68-d5f0-4c2e-89ff-a419c3b57d1f" sname="TypeofIncidence" type="12.db884a3c-c533-44b7-bb2d-47bec8ad4022" path=".TypeofIncidence.value" /&gt;&lt;ns3:searchableField id="514cf3ae-5bac-4f0a-8f92-1f0ac6b86e25" alias="LevelofDamage" path=".LevelofDamage.value" type="12.db884a3c-c533-44b7-bb2d-47bec8ad4022" /&gt;&lt;ns3:trackedField id="e7e9a42d-ced6-4527-8880-ed433df82af7" sname="LevelofDamage" type="12.db884a3c-c533-44b7-bb2d-47bec8ad4022" path=".LevelofDamage.value" /&gt;&lt;ns3:searchableField id="0c445611-9d6f-4fb2-823c-530687aa8a11" alias="CustomerName" path=".CustomerName.value" type="12.db884a3c-c533-44b7-bb2d-47bec8ad4022" /&gt;&lt;ns3:trackedField id="181c7ee5-3e31-4e82-85da-fa078fa20128" sname="CustomerName" type="12.db884a3c-c533-44b7-bb2d-47bec8ad4022" path=".CustomerName.value" /&gt;&lt;ns3:searchableField id="2825ed67-0082-4f3e-80b3-8bb0cda7a07b" alias="PolicyNumber" path=".PolicyNumber.value" type="12.db884a3c-c533-44b7-bb2d-47bec8ad4022" /&gt;&lt;ns3:trackedField id="46503a13-a93f-46a1-8f62-18202d3920f6" sname="PolicyNumber" type="12.db884a3c-c533-44b7-bb2d-47bec8ad4022" path=".PolicyNumber.value" /&gt;&lt;ns3:searchableField id="df01fc95-3647-422b-8027-1912f2fddf49" alias="Priority" path=".Priority.value" type="12.db884a3c-c533-44b7-bb2d-47bec8ad4022" /&gt;&lt;ns3:trackedField id="42fcbc2e-26eb-4460-887b-6a7808721aed" sname="Priority" type="12.db884a3c-c533-44b7-bb2d-47bec8ad4022" path=".Priority.value" /&gt;&lt;/ns15:extensionElements&gt;&lt;/ns15:dataInput&gt;&lt;ns15:dataInput name="activityProperties" itemSubjectRef="itm.12.1fa70ff1-8673-40be-8263-241959861a02" isCollection="false" id="2007.ffaefab0-f17e-4bc3-ad69-2a39582901f1" ns2:readOnly="true"&gt;&lt;ns15:extensionElements&gt;&lt;ns4:parameterType&gt;CaseObject&lt;/ns4:parameterType&gt;&lt;/ns15:extensionElements&gt;&lt;/ns15:dataInput&gt;&lt;ns15:inputSet id="_03552327-1ea1-4e0a-892e-1d1301cccc1e" /&gt;&lt;ns15:outputSet id="_327e1a9e-72b0-4651-b435-627a985e344c" /&gt;&lt;/ns15:ioSpecification&gt;&lt;ns15:laneSet id="d573d787-afb4-4d2e-bff2-a4103d2ba2a4"&gt;&lt;ns15:lane name="Experts" partitionElementRef="24.62d7a7fe-22f3-4c81-85e2-a023b9fb92f1" id="de8f0d26-a588-4088-96b0-9ab023749503" ns3:isSystemLane="false"&gt;&lt;ns15:extensionElements&gt;&lt;ns13:nodeVisualInfo x="0" y="0" width="3000" height="170" color="#F8F8F8" /&gt;&lt;/ns15:extensionElements&gt;&lt;ns15:flowNodeRef&gt;3ed7090d-ba62-4b7d-b088-f9f75d907984&lt;/ns15:flowNodeRef&gt;&lt;ns15:flowNodeRef&gt;b710ed82-89eb-4a02-bdb1-72d6a44e4391&lt;/ns15:flowNodeRef&gt;&lt;ns15:flowNodeRef&gt;8451857e-70a2-43ff-bb6a-dc5afe7ffa4c&lt;/ns15:flowNodeRef&gt;&lt;/ns15:lane&gt;&lt;ns15:lane name="System" partitionElementRef="24.6fd38d02-81cf-48ab-bd42-8ff4c0a1628b" id="64912780-7441-4a41-b667-c74677f61ebf" ns3:isSystemLane="true"&gt;&lt;ns15:extensionElements&gt;&lt;ns13:nodeVisualInfo x="0" y="171" width="3000" height="203" color="#F8F8F8" /&gt;&lt;/ns15:extensionElements&gt;&lt;ns15:flowNodeRef&gt;b33dd608-043a-45b5-83c0-01142bd32b7d&lt;/ns15:flowNodeRef&gt;&lt;ns15:flowNodeRef&gt;e9f1083a-60ca-451a-880d-dbc93a9126a2&lt;/ns15:flowNodeRef&gt;&lt;ns15:flowNodeRef&gt;18294902-233c-4ce7-89e4-5e30c980e358&lt;/ns15:flowNodeRef&gt;&lt;/ns15:lane&gt;&lt;/ns15:laneSet&gt;&lt;ns15:startEvent name="Start" id="3ed7090d-ba62-4b7d-b088-f9f75d907984"&gt;&lt;ns15:extensionElements&gt;&lt;ns13:nodeVisualInfo x="23" y="46" width="24" height="24" color="#F8F8F8" /&gt;&lt;ns2:default&gt;2c384e8e-eb11-4e78-98d8-7cb4e680764d&lt;/ns2:default&gt;&lt;/ns15:extensionElements&gt;&lt;ns15:outgoing&gt;2c384e8e-eb11-4e78-98d8-7cb4e680764d&lt;/ns15:outgoing&gt;&lt;/ns15:startEvent&gt;&lt;ns15:endEvent name="End" id="b710ed82-89eb-4a02-bdb1-72d6a44e4391"&gt;&lt;ns15:extensionElements&gt;&lt;ns13:nodeVisualInfo x="825" y="34" width="24" height="24" color="#F8F8F8" /&gt;&lt;/ns15:extensionElements&gt;&lt;ns15:incoming&gt;763b9db8-d6e1-4afa-8e0d-143b27e0ab1e&lt;/ns15:incoming&gt;&lt;/ns15:endEvent&gt;&lt;ns15:callActivity calledElement="1.0d6e077d-8950-4e58-8a7c-025c8da7fad9" default="941804d0-2a33-412b-a571-e6f3918f43ba" name="Expert Review" id="8451857e-70a2-43ff-bb6a-dc5afe7ffa4c"&gt;&lt;ns15:extensionElements&gt;&lt;ns3:activityExtension conditional="false" transactionalBehavior="NotSet"&gt;&lt;ns3:conditionScript /&gt;&lt;/ns3:activityExtension&gt;&lt;ns13:nodeVisualInfo x="480" y="31" width="95" height="70" /&gt;&lt;ns3:userTaskSettings&gt;&lt;ns3:subject&gt;&amp;lt;#=tw.local.TaskHeader #&amp;gt;&lt;/ns3:subject&gt;&lt;ns3:activityPriority type="Priority"&gt;&lt;ns3:priority&gt;Normal&lt;/ns3:priority&gt;&lt;/ns3:activityPriority&gt;&lt;ns3:activityDueDate type="TimeCalculation"&gt;&lt;ns3:dueDate unit="Hours" timeOfDay="00:00"&gt;1&lt;/ns3:dueDate&gt;&lt;ns3:timeZone type="TimeZone"&gt;&lt;ns3:value&gt;(use default)&lt;/ns3:value&gt;&lt;/ns3:timeZone&gt;&lt;/ns3:activityDueDate&gt;&lt;ns3:activityAssignmentType&gt;Lane&lt;/ns3:activityAssignmentType&gt;&lt;ns3:activityWorkSchedule&gt;&lt;ns3:timeScheduleType&gt;0&lt;/ns3:timeScheduleType&gt;&lt;ns3:timezoneType&gt;0&lt;/ns3:timezoneType&gt;&lt;ns3:holidayScheduleType&gt;0&lt;/ns3:holidayScheduleType&gt;&lt;/ns3:activityWorkSchedule&gt;&lt;/ns3:userTaskSettings&gt;&lt;ns3:activityType&gt;UserTask&lt;/ns3:activityType&gt;&lt;/ns15:extensionElements&gt;&lt;ns15:incoming&gt;bdb06a4b-710d-4b6b-80fd-5b7e48a10a42&lt;/ns15:incoming&gt;&lt;ns15:outgoing&gt;941804d0-2a33-412b-a571-e6f3918f43ba&lt;/ns15:outgoing&gt;&lt;ns15:dataInputAssociation&gt;&lt;ns15:targetRef&gt;2055.b6369543-f552-4c32-80fc-0207d3d3be00&lt;/ns15:targetRef&gt;&lt;ns15:assignment&gt;&lt;ns15:extensionElements&gt;&lt;ns2:mappingMode&gt;simple&lt;/ns2:mappingMode&gt;&lt;/ns15:extensionElements&gt;&lt;ns15:from xmlns:xsi="http://www.w3.org/2001/XMLSchema-instance" xsi:type="ns15:tFormalExpression" evaluatesToTypeRef="itm.12.b4e24498-3d8f-41d9-953a-450540bd1120"&gt;tw.local.caseProperties&lt;/ns15:from&gt;&lt;ns15:to xmlns:xsi="http://www.w3.org/2001/XMLSchema-instance" xsi:type="ns15:tFormalExpression" evaluatesToTypeRef="itm.12.b4e24498-3d8f-41d9-953a-450540bd1120"&gt;tw.inputs.caseProperties&lt;/ns15:to&gt;&lt;/ns15:assignment&gt;&lt;/ns15:dataInputAssociation&gt;&lt;ns15:dataInputAssociation&gt;&lt;ns15:targetRef&gt;2055.0997c9b2-12ce-4e51-82b0-6ea99c4ad2e5&lt;/ns15:targetRef&gt;&lt;ns15:assignment&gt;&lt;ns15:extensionElements&gt;&lt;ns2:mappingMode&gt;simple&lt;/ns2:mappingMode&gt;&lt;/ns15:extensionElements&gt;&lt;ns15:from xmlns:xsi="http://www.w3.org/2001/XMLSchema-instance" xsi:type="ns15:tFormalExpression" evaluatesToTypeRef="itm.12.db884a3c-c533-44b7-bb2d-47bec8ad4022"&gt;tw.local.CaseID&lt;/ns15:from&gt;&lt;ns15:to xmlns:xsi="http://www.w3.org/2001/XMLSchema-instance" xsi:type="ns15:tFormalExpression" evaluatesToTypeRef="itm.12.db884a3c-c533-44b7-bb2d-47bec8ad4022"&gt;tw.inputs.CaseID&lt;/ns15:to&gt;&lt;/ns15:assignment&gt;&lt;/ns15:dataInputAssociation&gt;&lt;ns3:activityPerformer distribution="None" name="Lane"&gt;&lt;ns3:teamFilterService /&gt;&lt;/ns3:activityPerformer&gt;&lt;ns3:activityPerformer distribution="None" name="Team"&gt;&lt;ns3:teamFilterService /&gt;&lt;/ns3:activityPerformer&gt;&lt;ns15:performer name="Expert" /&gt;&lt;/ns15:callActivity&gt;&lt;ns15:sequenceFlow sourceRef="3ed7090d-ba62-4b7d-b088-f9f75d907984" targetRef="18294902-233c-4ce7-89e4-5e30c980e358" name="To Prepare Informaiton" id="2c384e8e-eb11-4e78-98d8-7cb4e680764d"&gt;&lt;ns15:extensionElements&gt;&lt;ns13:linkVisualInfo&gt;&lt;ns13:sourcePortLocation&gt;rightCenter&lt;/ns13:sourcePortLocation&gt;&lt;ns13:targetPortLocation&gt;leftCenter&lt;/ns13:targetPortLocation&gt;&lt;ns13:showLabel&gt;false&lt;/ns13:showLabel&gt;&lt;ns13:showCoachControlLabel&gt;false&lt;/ns13:showCoachControlLabel&gt;&lt;ns13:labelPosition&gt;0.0&lt;/ns13:labelPosition&gt;&lt;ns13:saveExecutionContext&gt;false&lt;/ns13:saveExecutionContext&gt;&lt;/ns13:linkVisualInfo&gt;&lt;ns2:happySequence&gt;true&lt;/ns2:happySequence&gt;&lt;/ns15:extensionElements&gt;&lt;/ns15:sequenceFlow&gt;&lt;ns15:sequenceFlow sourceRef="8451857e-70a2-43ff-bb6a-dc5afe7ffa4c" targetRef="b33dd608-043a-45b5-83c0-01142bd32b7d" name="To Move Stage" id="941804d0-2a33-412b-a571-e6f3918f43ba"&gt;&lt;ns15:extensionElements&gt;&lt;ns13:linkVisualInfo&gt;&lt;ns13:sourcePortLocation&gt;rightCenter&lt;/ns13:sourcePortLocation&gt;&lt;ns13:targetPortLocation&gt;leftCenter&lt;/ns13:targetPortLocation&gt;&lt;ns13:showLabel&gt;false&lt;/ns13:showLabel&gt;&lt;ns13:showCoachControlLabel&gt;false&lt;/ns13:showCoachControlLabel&gt;&lt;ns13:labelPosition&gt;0.0&lt;/ns13:labelPosition&gt;&lt;ns13:saveExecutionContext&gt;true&lt;/ns13:saveExecutionContext&gt;&lt;/ns13:linkVisualInfo&gt;&lt;ns2:sequenceFlowImplementation sboSyncEnabled="true" fireValidation="Never" /&gt;&lt;ns2:happySequence&gt;true&lt;/ns2:happySequence&gt;&lt;/ns15:extensionElements&gt;&lt;/ns15:sequenceFlow&gt;&lt;ns15:dataObject itemSubjectRef="itm.12.db884a3c-c533-44b7-bb2d-47bec8ad4022" isCollection="false" name="TaskHeader" id="8f15a7e6-4edb-4e64-8b32-57e0c9c8c2b8"&gt;&lt;ns15:extensionElements&gt;&lt;ns2:defaultValue useDefault="true"&gt;"Expert Damage Estimation"&lt;/ns2:defaultValue&gt;&lt;/ns15:extensionElements&gt;&lt;/ns15:dataObject&gt;&lt;ns15:scriptTask scriptFormat="text/x-javascript" default="bdb06a4b-710d-4b6b-80fd-5b7e48a10a42" name="Prepare Informaiton" id="e9f1083a-60ca-451a-880d-dbc93a9126a2"&gt;&lt;ns15:extensionElements&gt;&lt;ns13:nodeVisualInfo x="290" y="54" width="95" height="70" /&gt;&lt;/ns15:extensionElements&gt;&lt;ns15:incoming&gt;ecf5cbe2-019b-4b25-8b06-53fcce20377b&lt;/ns15:incoming&gt;&lt;ns15:outgoing&gt;bdb06a4b-710d-4b6b-80fd-5b7e48a10a42&lt;/ns15:outgoing&gt;&lt;ns15:script&gt;tw.local.TaskHeader = tw.local.TaskHeader +  " "+ tw.local.caseProperties.PolicyNumber.value; 
tw.local.CaseID = tw.system.currentProcessInstance.parentCase.caseId;&lt;/ns15:script&gt;&lt;/ns15:scriptTask&gt;&lt;ns15:sequenceFlow sourceRef="e9f1083a-60ca-451a-880d-dbc93a9126a2" targetRef="8451857e-70a2-43ff-bb6a-dc5afe7ffa4c" name="To inline user task" id="bdb06a4b-710d-4b6b-80fd-5b7e48a10a42"&gt;&lt;ns15:extensionElements&gt;&lt;ns13:linkVisualInfo&gt;&lt;ns13:sourcePortLocation&gt;rightCenter&lt;/ns13:sourcePortLocation&gt;&lt;ns13:targetPortLocation&gt;leftCenter&lt;/ns13:targetPortLocation&gt;&lt;ns13:showLabel&gt;false&lt;/ns13:showLabel&gt;&lt;ns13:showCoachControlLabel&gt;false&lt;/ns13:showCoachControlLabel&gt;&lt;ns13:labelPosition&gt;0.0&lt;/ns13:labelPosition&gt;&lt;ns13:saveExecutionContext&gt;false&lt;/ns13:saveExecutionContext&gt;&lt;/ns13:linkVisualInfo&gt;&lt;ns2:happySequence&gt;true&lt;/ns2:happySequence&gt;&lt;/ns15:extensionElements&gt;&lt;/ns15:sequenceFlow&gt;&lt;ns15:scriptTask scriptFormat="text/x-javascript" default="763b9db8-d6e1-4afa-8e0d-143b27e0ab1e" name="Move Stage" id="b33dd608-043a-45b5-83c0-01142bd32b7d"&gt;&lt;ns15:extensionElements&gt;&lt;ns13:nodeVisualInfo x="648" y="67" width="95" height="70" /&gt;&lt;/ns15:extensionElements&gt;&lt;ns15:incoming&gt;941804d0-2a33-412b-a571-e6f3918f43ba&lt;/ns15:incoming&gt;&lt;ns15:outgoing&gt;763b9db8-d6e1-4afa-8e0d-143b27e0ab1e&lt;/ns15:outgoing&gt;&lt;ns15:script&gt;if(tw.local.caseProperties.envelopID.value!=null &amp;amp;&amp;amp; tw.local.caseProperties.envelopID.value.length&amp;gt;0 ) tw.system.currentProcessInstance.parentCase.createDiscretionaryActivity("PA_RetrieveSignedDocument", true, "Retrieve Signature ");
else tw.system.currentProcessInstance.parentCase.completeCurrentStage();
tw.system.currentProcessInstance.parentCase.addCommentToCase("Expert estimate the damage at "+tw.local.caseProperties.DamageEstimation.value);&lt;/ns15:script&gt;&lt;/ns15:scriptTask&gt;&lt;ns15:sequenceFlow sourceRef="b33dd608-043a-45b5-83c0-01142bd32b7d" targetRef="b710ed82-89eb-4a02-bdb1-72d6a44e4391" name="To end" id="763b9db8-d6e1-4afa-8e0d-143b27e0ab1e"&gt;&lt;ns15:extensionElements&gt;&lt;ns2:sequenceFlowImplementation sboSyncEnabled="true" /&gt;&lt;ns13:linkVisualInfo&gt;&lt;ns13:sourcePortLocation&gt;rightCenter&lt;/ns13:sourcePortLocation&gt;&lt;ns13:targetPortLocation&gt;leftCenter&lt;/ns13:targetPortLocation&gt;&lt;ns13:showLabel&gt;false&lt;/ns13:showLabel&gt;&lt;ns13:showCoachControlLabel&gt;false&lt;/ns13:showCoachControlLabel&gt;&lt;ns13:labelPosition&gt;0.0&lt;/ns13:labelPosition&gt;&lt;ns13:saveExecutionContext&gt;true&lt;/ns13:saveExecutionContext&gt;&lt;/ns13:linkVisualInfo&gt;&lt;ns2:happySequence&gt;true&lt;/ns2:happySequence&gt;&lt;/ns15:extensionElements&gt;&lt;/ns15:sequenceFlow&gt;&lt;ns15:callActivity calledElement="1.06ab16c4-4d4c-4c6f-81e4-4c064dc725e6" isForCompensation="false" startQuantity="1" completionQuantity="1" default="ecf5cbe2-019b-4b25-8b06-53fcce20377b" name="Get Text From File" id="18294902-233c-4ce7-89e4-5e30c980e358"&gt;&lt;ns15:extensionElements&gt;&lt;ns3:activityExtension conditional="false"&gt;&lt;ns3:conditionScript /&gt;&lt;/ns3:activityExtension&gt;&lt;ns3:deleteTaskOnCompletion&gt;true&lt;/ns3:deleteTaskOnCompletion&gt;&lt;ns13:nodeVisualInfo x="146" y="53" width="95" height="70" /&gt;&lt;ns3:userTaskSettings&gt;&lt;ns3:activityPriority type="Priority"&gt;&lt;ns3:priority&gt;Normal&lt;/ns3:priority&gt;&lt;/ns3:activityPriority&gt;&lt;ns3:activityDueDate type="TimeCalculation"&gt;&lt;ns3:dueDate unit="Hours" timeOfDay="00:00"&gt;1&lt;/ns3:dueDate&gt;&lt;ns3:timeZone type="TimeZone"&gt;&lt;ns3:value&gt;(use default)&lt;/ns3:value&gt;&lt;/ns3:timeZone&gt;&lt;/ns3:activityDueDate&gt;&lt;ns3:activityAssignmentType&gt;Lane&lt;/ns3:activityAssignmentType&gt;&lt;ns3:activityWorkSchedule&gt;&lt;ns3:timeScheduleType&gt;0&lt;/ns3:timeScheduleType&gt;&lt;ns3:timezoneType&gt;0&lt;/ns3:timezoneType&gt;&lt;ns3:holidayScheduleType&gt;0&lt;/ns3:holidayScheduleType&gt;&lt;/ns3:activityWorkSchedule&gt;&lt;/ns3:userTaskSettings&gt;&lt;ns3:activityType&gt;ServiceTask&lt;/ns3:activityType&gt;&lt;/ns15:extensionElements&gt;&lt;ns15:incoming&gt;2c384e8e-eb11-4e78-98d8-7cb4e680764d&lt;/ns15:incoming&gt;&lt;ns15:outgoing&gt;ecf5cbe2-019b-4b25-8b06-53fcce20377b&lt;/ns15:outgoing&gt;&lt;ns15:dataInputAssociation&gt;&lt;ns15:targetRef&gt;2055.2b49033b-357a-4be6-88d5-f20d0cae7642&lt;/ns15:targetRef&gt;&lt;ns15:assignment&gt;&lt;ns15:extensionElements&gt;&lt;ns2:mappingMode&gt;simple&lt;/ns2:mappingMode&gt;&lt;/ns15:extensionElements&gt;&lt;ns15:from xmlns:xsi="http://www.w3.org/2001/XMLSchema-instance" xsi:type="ns15:tFormalExpression" evaluatesToTypeRef="itm.12.db884a3c-c533-44b7-bb2d-47bec8ad4022"&gt;tw.local.caseProperties.TranscriptID.value&lt;/ns15:from&gt;&lt;ns15:to xmlns:xsi="http://www.w3.org/2001/XMLSchema-instance" xsi:type="ns15:tFormalExpression" evaluatesToTypeRef="itm.12.db884a3c-c533-44b7-bb2d-47bec8ad4022"&gt;tw.inputs.DocID&lt;/ns15:to&gt;&lt;/ns15:assignment&gt;&lt;/ns15:dataInputAssociation&gt;&lt;ns15:dataInputAssociation&gt;&lt;ns15:targetRef&gt;2055.deb7bc28-152b-4bab-8409-af3fae6815de&lt;/ns15:targetRef&gt;&lt;ns15:assignment&gt;&lt;ns15:extensionElements&gt;&lt;ns2:mappingMode&gt;literal&lt;/ns2:mappingMode&gt;&lt;/ns15:extensionElements&gt;&lt;ns15:from xmlns:xsi="http://www.w3.org/2001/XMLSchema-instance" xsi:type="ns15:tFormalExpression" evaluatesToTypeRef="itm.12.83ff975e-8dbc-42e5-b738-fa8bc08274a2"&gt;false&lt;/ns15:from&gt;&lt;ns15:to xmlns:xsi="http://www.w3.org/2001/XMLSchema-instance" xsi:type="ns15:tFormalExpression" evaluatesToTypeRef="itm.12.83ff975e-8dbc-42e5-b738-fa8bc08274a2"&gt;tw.inputs.base64&lt;/ns15:to&gt;&lt;/ns15:assignment&gt;&lt;/ns15:dataInputAssociation&gt;&lt;ns15:dataOutputAssociation&gt;&lt;ns15:sourceRef&gt;2055.98bd1354-e093-4b6b-827d-57f4abe94592&lt;/ns15:sourceRef&gt;&lt;ns15:assignment&gt;&lt;ns15:extensionElements&gt;&lt;ns2:mappingMode&gt;simple&lt;/ns2:mappingMode&gt;&lt;/ns15:extensionElements&gt;&lt;ns15:from xmlns:xsi="http://www.w3.org/2001/XMLSchema-instance" xsi:type="ns15:tFormalExpression" evaluatesToTypeRef="itm.12.db884a3c-c533-44b7-bb2d-47bec8ad4022"&gt;tw.outputs.Text&lt;/ns15:from&gt;&lt;ns15:to xmlns:xsi="http://www.w3.org/2001/XMLSchema-instance" xsi:type="ns15:tFormalExpression" evaluatesToTypeRef="itm.12.db884a3c-c533-44b7-bb2d-47bec8ad4022"&gt;tw.local.TranscriptText&lt;/ns15:to&gt;&lt;/ns15:assignment&gt;&lt;/ns15:dataOutputAssociation&gt;&lt;ns3:activityPerformer distribution="None" name="Lane"&gt;&lt;ns3:teamFilterService /&gt;&lt;/ns3:activityPerformer&gt;&lt;ns3:activityPerformer distribution="None" name="Team"&gt;&lt;ns3:teamFilterService /&gt;&lt;/ns3:activityPerformer&gt;&lt;ns15:performer name="Expert" /&gt;&lt;/ns15:callActivity&gt;&lt;ns15:sequenceFlow sourceRef="18294902-233c-4ce7-89e4-5e30c980e358" targetRef="e9f1083a-60ca-451a-880d-dbc93a9126a2" name="To Prepare Informaiton" id="ecf5cbe2-019b-4b25-8b06-53fcce20377b"&gt;&lt;ns15:extensionElements&gt;&lt;ns13:linkVisualInfo&gt;&lt;ns13:sourcePortLocation&gt;rightCenter&lt;/ns13:sourcePortLocation&gt;&lt;ns13:targetPortLocation&gt;leftCenter&lt;/ns13:targetPortLocation&gt;&lt;ns13:showLabel&gt;false&lt;/ns13:showLabel&gt;&lt;ns13:showCoachControlLabel&gt;false&lt;/ns13:showCoachControlLabel&gt;&lt;ns13:labelPosition&gt;0.0&lt;/ns13:labelPosition&gt;&lt;ns13:saveExecutionContext&gt;false&lt;/ns13:saveExecutionContext&gt;&lt;/ns13:linkVisualInfo&gt;&lt;ns2:happySequence&gt;true&lt;/ns2:happySequence&gt;&lt;/ns15:extensionElements&gt;&lt;/ns15:sequenceFlow&gt;&lt;ns15:dataObject itemSubjectRef="itm.12.db884a3c-c533-44b7-bb2d-47bec8ad4022" isCollection="false" name="TranscriptText" id="8587504a-3f14-4683-8fda-47588cf3f4a0" /&gt;&lt;ns15:dataObject itemSubjectRef="itm.12.db884a3c-c533-44b7-bb2d-47bec8ad4022" isCollection="false" name="CaseID" id="ba1e925a-49c1-4bff-8b2f-c4a76f8097d3" /&gt;&lt;ns15:resourceRole name="participantRef" /&gt;&lt;ns15:resourceRole name="businessDataParticipantRef" /&gt;&lt;ns15:resourceRole name="perfMetricParticipantRef" /&gt;&lt;ns15:resourceRole name="ownerTeamParticipantRef" /&gt;&lt;/ns15:process&gt;&lt;ns15:interface name="Expert EstimationInterface" id="_a0bdba75-47dd-4e71-9018-cb84cf2c8e35" /&gt;&lt;/ns15:definitions&gt;
</bpmn2Data>
        <dependencySummary isNull="true" />
        <jsonData>{"rootElement":[{"flowElement":[{"parallelMultiple":false,"outgoing":["2c384e8e-eb11-4e78-98d8-7cb4e680764d"],"isInterrupting":true,"extensionElements":{"default":["2c384e8e-eb11-4e78-98d8-7cb4e680764d"],"nodeVisualInfo":[{"color":"#F8F8F8","width":24,"x":23,"y":46,"declaredType":"TNodeVisualInfo","height":24}]},"name":"Start","declaredType":"startEvent","id":"3ed7090d-ba62-4b7d-b088-f9f75d907984"},{"incoming":["763b9db8-d6e1-4afa-8e0d-143b27e0ab1e"],"extensionElements":{"nodeVisualInfo":[{"color":"#F8F8F8","width":24,"x":825,"y":34,"declaredType":"TNodeVisualInfo","height":24}]},"name":"End","declaredType":"endEvent","id":"b710ed82-89eb-4a02-bdb1-72d6a44e4391"},{"outgoing":["941804d0-2a33-412b-a571-e6f3918f43ba"],"incoming":["bdb06a4b-710d-4b6b-80fd-5b7e48a10a42"],"extensionElements":{"activityExtension":[{"conditionScript":"","conditional":false,"transactionalBehavior":"NotSet","declaredType":"com.ibm.bpmsdk.model.bpmn20.ibmwleext.TActivityExtension"}],"nodeVisualInfo":[{"width":95,"x":480,"y":31,"declaredType":"TNodeVisualInfo","height":70}],"userTaskSettings":[{"activityAssignmentType":"Lane","subject":"&lt;#=tw.local.TaskHeader #&gt;","activityWorkSchedule":{"timezoneType":0,"timeScheduleType":0,"holidayScheduleType":0},"declaredType":"com.ibm.bpmsdk.model.bpmn20.ibmwleext.TUserTaskSettings","activityPriority":{"type":"Priority","priority":"Normal"},"activityDueDate":{"dueDate":{"unit":"Hours","value":"1","timeOfDay":"00:00"},"timeZone":{"type":"TimeZone","value":"(use default)"},"type":"TimeCalculation"}}],"activityType":["UserTask"]},"declaredType":"callActivity","startQuantity":1,"resourceRole":[{"teamAssignmentType":"Reference","name":"Lane","declaredType":"com.ibm.bpmsdk.model.bpmn20.ibmwleext.TActivityPerformer","distribution":"None","teamFilterService":{}},{"teamAssignmentType":"Reference","name":"Team","declaredType":"com.ibm.bpmsdk.model.bpmn20.ibmwleext.TActivityPerformer","distribution":"None","teamFilterService":{}},{"name":"Expert","declaredType":"performer"}],"default":"941804d0-2a33-412b-a571-e6f3918f43ba","name":"Expert Review","dataInputAssociation":[{"targetRef":"2055.b6369543-f552-4c32-80fc-0207d3d3be00","assignment":[{"extensionElements":{"mappingMode":["simple"]},"from":{"evaluatesToTypeRef":"itm.12.b4e24498-3d8f-41d9-953a-450540bd1120","declaredType":"TFormalExpression","content":["tw.local.caseProperties"]},"to":{"evaluatesToTypeRef":"itm.12.b4e24498-3d8f-41d9-953a-450540bd1120","declaredType":"TFormalExpression","content":["tw.inputs.caseProperties"]}}]},{"targetRef":"2055.0997c9b2-12ce-4e51-82b0-6ea99c4ad2e5","assignment":[{"extensionElements":{"mappingMode":["simple"]},"from":{"evaluatesToTypeRef":"itm.12.db884a3c-c533-44b7-bb2d-47bec8ad4022","declaredType":"TFormalExpression","content":["tw.local.CaseID"]},"to":{"evaluatesToTypeRef":"itm.12.db884a3c-c533-44b7-bb2d-47bec8ad4022","declaredType":"TFormalExpression","content":["tw.inputs.CaseID"]}}]}],"isForCompensation":false,"completionQuantity":1,"id":"8451857e-70a2-43ff-bb6a-dc5afe7ffa4c","calledElement":"1.0d6e077d-8950-4e58-8a7c-025c8da7fad9"},{"targetRef":"18294902-233c-4ce7-89e4-5e30c980e358","extensionElements":{"linkVisualInfo":[{"sourcePortLocation":"rightCenter","showCoachControlLabel":false,"labelPosition":0.0,"targetPortLocation":"leftCenter","declaredType":"TLinkVisualInfo","saveExecutionContext":false,"showLabel":false}],"happySequence":[true]},"name":"To Prepare Informaiton","declaredType":"sequenceFlow","id":"2c384e8e-eb11-4e78-98d8-7cb4e680764d","sourceRef":"3ed7090d-ba62-4b7d-b088-f9f75d907984"},{"targetRef":"b33dd608-043a-45b5-83c0-01142bd32b7d","extensionElements":{"sequenceFlowImplementation":[{"fireValidation":"Never","sboSyncEnabled":true,"declaredType":"com.ibm.bpmsdk.model.bpmn20.ibmext.TSequenceFlowImplementation"}],"linkVisualInfo":[{"sourcePortLocation":"rightCenter","showCoachControlLabel":false,"labelPosition":0.0,"targetPortLocation":"leftCenter","declaredType":"TLinkVisualInfo","saveExecutionContext":true,"showLabel":false}],"happySequence":[true]},"name":"To Move Stage","declaredType":"sequenceFlow","id":"941804d0-2a33-412b-a571-e6f3918f43ba","sourceRef":"8451857e-70a2-43ff-bb6a-dc5afe7ffa4c"},{"extensionElements":{"defaultValue":[{"declaredType":"com.ibm.bpmsdk.model.bpmn20.ibmext.TDefaultValue","useDefault":true,"value":"\"Expert Damage Estimation\""}]},"itemSubjectRef":"itm.12.db884a3c-c533-44b7-bb2d-47bec8ad4022","name":"TaskHeader","isCollection":false,"declaredType":"dataObject","id":"8f15a7e6-4edb-4e64-8b32-57e0c9c8c2b8"},{"startQuantity":1,"outgoing":["bdb06a4b-710d-4b6b-80fd-5b7e48a10a42"],"incoming":["ecf5cbe2-019b-4b25-8b06-53fcce20377b"],"default":"bdb06a4b-710d-4b6b-80fd-5b7e48a10a42","extensionElements":{"nodeVisualInfo":[{"width":95,"x":290,"y":54,"declaredType":"TNodeVisualInfo","height":70}]},"name":"Prepare Informaiton","isForCompensation":false,"completionQuantity":1,"declaredType":"scriptTask","id":"e9f1083a-60ca-451a-880d-dbc93a9126a2","scriptFormat":"text\/x-javascript","script":{"content":["tw.local.TaskHeader = tw.local.TaskHeader +  \" \"+ tw.local.caseProperties.PolicyNumber.value; \ntw.local.CaseID = tw.system.currentProcessInstance.parentCase.caseId;"]}},{"targetRef":"8451857e-70a2-43ff-bb6a-dc5afe7ffa4c","extensionElements":{"linkVisualInfo":[{"sourcePortLocation":"rightCenter","showCoachControlLabel":false,"labelPosition":0.0,"targetPortLocation":"leftCenter","declaredType":"TLinkVisualInfo","saveExecutionContext":false,"showLabel":false}],"happySequence":[true]},"name":"To inline user task","declaredType":"sequenceFlow","id":"bdb06a4b-710d-4b6b-80fd-5b7e48a10a42","sourceRef":"e9f1083a-60ca-451a-880d-dbc93a9126a2"},{"startQuantity":1,"outgoing":["763b9db8-d6e1-4afa-8e0d-143b27e0ab1e"],"incoming":["941804d0-2a33-412b-a571-e6f3918f43ba"],"default":"763b9db8-d6e1-4afa-8e0d-143b27e0ab1e","extensionElements":{"nodeVisualInfo":[{"width":95,"x":648,"y":67,"declaredType":"TNodeVisualInfo","height":70}]},"name":"Move Stage","isForCompensation":false,"completionQuantity":1,"declaredType":"scriptTask","id":"b33dd608-043a-45b5-83c0-01142bd32b7d","scriptFormat":"text\/x-javascript","script":{"content":["if(tw.local.caseProperties.envelopID.value!=null &amp;&amp; tw.local.caseProperties.envelopID.value.length&gt;0 ) tw.system.currentProcessInstance.parentCase.createDiscretionaryActivity(\"PA_RetrieveSignedDocument\", true, \"Retrieve Signature \");\nelse tw.system.currentProcessInstance.parentCase.completeCurrentStage();\ntw.system.currentProcessInstance.parentCase.addCommentToCase(\"Expert estimate the damage at \"+tw.local.caseProperties.DamageEstimation.value);"]}},{"targetRef":"b710ed82-89eb-4a02-bdb1-72d6a44e4391","extensionElements":{"sequenceFlowImplementation":[{"fireValidation":"Never","sboSyncEnabled":true,"declaredType":"com.ibm.bpmsdk.model.bpmn20.ibmext.TSequenceFlowImplementation"}],"linkVisualInfo":[{"sourcePortLocation":"rightCenter","showCoachControlLabel":false,"labelPosition":0.0,"targetPortLocation":"leftCenter","declaredType":"TLinkVisualInfo","saveExecutionContext":true,"showLabel":false}],"happySequence":[true]},"name":"To end","declaredType":"sequenceFlow","id":"763b9db8-d6e1-4afa-8e0d-143b27e0ab1e","sourceRef":"b33dd608-043a-45b5-83c0-01142bd32b7d"},{"outgoing":["ecf5cbe2-019b-4b25-8b06-53fcce20377b"],"incoming":["2c384e8e-eb11-4e78-98d8-7cb4e680764d"],"extensionElements":{"activityExtension":[{"conditionScript":"","conditional":false,"transactionalBehavior":"NotSet","declaredType":"com.ibm.bpmsdk.model.bpmn20.ibmwleext.TActivityExtension"}],"deleteTaskOnCompletion":[true],"nodeVisualInfo":[{"width":95,"x":146,"y":53,"declaredType":"TNodeVisualInfo","height":70}],"userTaskSettings":[{"activityAssignmentType":"Lane","activityWorkSchedule":{"timezoneType":0,"timeScheduleType":0,"holidayScheduleType":0},"declaredType":"com.ibm.bpmsdk.model.bpmn20.ibmwleext.TUserTaskSettings","activityPriority":{"type":"Priority","priority":"Normal"},"activityDueDate":{"dueDate":{"unit":"Hours","value":"1","timeOfDay":"00:00"},"timeZone":{"type":"TimeZone","value":"(use default)"},"type":"TimeCalculation"}}],"activityType":["ServiceTask"]},"declaredType":"callActivity","startQuantity":1,"resourceRole":[{"teamAssignmentType":"Reference","name":"Lane","declaredType":"com.ibm.bpmsdk.model.bpmn20.ibmwleext.TActivityPerformer","distribution":"None","teamFilterService":{}},{"teamAssignmentType":"Reference","name":"Team","declaredType":"com.ibm.bpmsdk.model.bpmn20.ibmwleext.TActivityPerformer","distribution":"None","teamFilterService":{}},{"name":"Expert","declaredType":"performer"}],"default":"ecf5cbe2-019b-4b25-8b06-53fcce20377b","name":"Get Text From File","dataInputAssociation":[{"targetRef":"2055.2b49033b-357a-4be6-88d5-f20d0cae7642","assignment":[{"extensionElements":{"mappingMode":["simple"]},"from":{"evaluatesToTypeRef":"itm.12.db884a3c-c533-44b7-bb2d-47bec8ad4022","declaredType":"TFormalExpression","content":["tw.local.caseProperties.TranscriptID.value"]},"to":{"evaluatesToTypeRef":"itm.12.db884a3c-c533-44b7-bb2d-47bec8ad4022","declaredType":"TFormalExpression","content":["tw.inputs.DocID"]}}]},{"targetRef":"2055.deb7bc28-152b-4bab-8409-af3fae6815de","assignment":[{"extensionElements":{"mappingMode":["literal"]},"from":{"evaluatesToTypeRef":"itm.12.83ff975e-8dbc-42e5-b738-fa8bc08274a2","declaredType":"TFormalExpression","content":["false"]},"to":{"evaluatesToTypeRef":"itm.12.83ff975e-8dbc-42e5-b738-fa8bc08274a2","declaredType":"TFormalExpression","content":["tw.inputs.base64"]}}]}],"isForCompensation":false,"completionQuantity":1,"id":"18294902-233c-4ce7-89e4-5e30c980e358","dataOutputAssociation":[{"assignment":[{"extensionElements":{"mappingMode":["simple"]},"from":{"evaluatesToTypeRef":"itm.12.db884a3c-c533-44b7-bb2d-47bec8ad4022","declaredType":"TFormalExpression","content":["tw.outputs.Text"]},"to":{"evaluatesToTypeRef":"itm.12.db884a3c-c533-44b7-bb2d-47bec8ad4022","declaredType":"TFormalExpression","content":["tw.local.TranscriptText"]}}],"sourceRef":["2055.98bd1354-e093-4b6b-827d-57f4abe94592"]}],"calledElement":"1.06ab16c4-4d4c-4c6f-81e4-4c064dc725e6"},{"targetRef":"e9f1083a-60ca-451a-880d-dbc93a9126a2","extensionElements":{"linkVisualInfo":[{"sourcePortLocation":"rightCenter","showCoachControlLabel":false,"labelPosition":0.0,"targetPortLocation":"leftCenter","declaredType":"TLinkVisualInfo","saveExecutionContext":false,"showLabel":false}],"happySequence":[true]},"name":"To Prepare Informaiton","declaredType":"sequenceFlow","id":"ecf5cbe2-019b-4b25-8b06-53fcce20377b","sourceRef":"18294902-233c-4ce7-89e4-5e30c980e358"},{"itemSubjectRef":"itm.12.db884a3c-c533-44b7-bb2d-47bec8ad4022","name":"TranscriptText","isCollection":false,"declaredType":"dataObject","id":"8587504a-3f14-4683-8fda-47588cf3f4a0"},{"itemSubjectRef":"itm.12.db884a3c-c533-44b7-bb2d-47bec8ad4022","name":"CaseID","isCollection":false,"declaredType":"dataObject","id":"ba1e925a-49c1-4bff-8b2f-c4a76f8097d3"}],"laneSet":[{"id":"d573d787-afb4-4d2e-bff2-a4103d2ba2a4","lane":[{"flowNodeRef":["3ed7090d-ba62-4b7d-b088-f9f75d907984","b710ed82-89eb-4a02-bdb1-72d6a44e4391","8451857e-70a2-43ff-bb6a-dc5afe7ffa4c"],"extensionElements":{"nodeVisualInfo":[{"color":"#F8F8F8","width":3000,"x":0,"y":0,"declaredType":"TNodeVisualInfo","height":170}]},"name":"Experts","partitionElementRef":"24.62d7a7fe-22f3-4c81-85e2-a023b9fb92f1","declaredType":"lane","id":"de8f0d26-a588-4088-96b0-9ab023749503","otherAttributes":{"{http:\/\/www.ibm.com\/xmlns\/prod\/bpm\/bpmn\/ext\/process\/wle}isSystemLane":"false"}},{"flowNodeRef":["b33dd608-043a-45b5-83c0-01142bd32b7d","e9f1083a-60ca-451a-880d-dbc93a9126a2","18294902-233c-4ce7-89e4-5e30c980e358"],"extensionElements":{"nodeVisualInfo":[{"color":"#F8F8F8","width":3000,"x":0,"y":171,"declaredType":"TNodeVisualInfo","height":203}]},"name":"System","partitionElementRef":"24.6fd38d02-81cf-48ab-bd42-8ff4c0a1628b","declaredType":"lane","id":"64912780-7441-4a41-b667-c74677f61ebf","otherAttributes":{"{http:\/\/www.ibm.com\/xmlns\/prod\/bpm\/bpmn\/ext\/process\/wle}isSystemLane":"true"}}]}],"resourceRole":[{"name":"participantRef","declaredType":"resourceRole"},{"name":"businessDataParticipantRef","declaredType":"resourceRole"},{"name":"perfMetricParticipantRef","declaredType":"resourceRole"},{"name":"ownerTeamParticipantRef","declaredType":"resourceRole"}],"isClosed":false,"extensionElements":{"parentCaseActivityId":["{E1B433DF-3250-4ABA-A6BA-D679DD069C37}"],"bpdExtension":[{"allowContentOperations":false,"enableTracking":true,"workSchedule":{"timezoneType":0,"timeScheduleType":0,"holidayScheduleType":0},"instanceName":"\"Expert Estimation:\" + tw.system.process.instanceId","dueDateSettings":{"dueDate":{"unit":"Hours","value":"8","timeOfDay":"00:00"},"type":"TimeCalculation"},"autoTrackingName":"at1715052977392","declaredType":"com.ibm.bpmsdk.model.bpmn20.ibmwleext.TBPDExtension","optimizeExecForLatency":false,"dueDateEnabled":true,"atRiskCalcEnabled":true,"allowProjectedPathManagement":false,"autoTrackingEnabled":false,"sboSyncEnabled":true}],"caseExtension":[{"declaredType":"com.ibm.bpmsdk.model.bpmn20.ibmcaseext.TCaseExtension","caseFolder":{"allowSubfoldersCreation":false,"allowLocalDoc":false,"id":"a56f7430-b1b3-4a50-87e0-175bfbdd97ec","allowExternalFolder":false,"allowExternalDoc":false}}],"isConvergedProcess":[true]},"documentation":[{"textFormat":"text\/plain"}],"name":"Expert Estimation","declaredType":"process","id":"25.51b715da-c356-43fd-a410-ade8dc0d342f","processType":"None","otherAttributes":{"{http:\/\/www.ibm.com\/xmlns\/prod\/bpm\/bpmn\/ext\/process}executionMode":"longRunning"},"ioSpecification":{"inputSet":[{"id":"_03552327-1ea1-4e0a-892e-1d1301cccc1e"}],"outputSet":[{"id":"_327e1a9e-72b0-4651-b435-627a985e344c"}],"dataInput":[{"extensionElements":{"parameterType":["CaseObject"],"trackedField":[{"path":".DamageEstimation.value","sname":"DamageEstimation","declaredType":"com.ibm.bpmsdk.model.bpmn20.ibmwleext.TTrackedField","id":"48c5eb08-3d40-4acc-8c7a-c313c986f011","type":"12.536b2aa5-a30f-4eca-87fa-3a28066753ee"},{"path":".VehicleBrand.value","sname":"VehicleBrand","declaredType":"com.ibm.bpmsdk.model.bpmn20.ibmwleext.TTrackedField","id":"6736d1ac-8254-465a-8d7b-fd706239437a","type":"12.db884a3c-c533-44b7-bb2d-47bec8ad4022"},{"path":".VehicleModel.value","sname":"VehicleModel","declaredType":"com.ibm.bpmsdk.model.bpmn20.ibmwleext.TTrackedField","id":"ad01639c-05a7-4112-833d-b25773dfc1ea","type":"12.db884a3c-c533-44b7-bb2d-47bec8ad4022"},{"path":".VehicleYear.value","sname":"VehicleYear","declaredType":"com.ibm.bpmsdk.model.bpmn20.ibmwleext.TTrackedField","id":"8fd2c936-d412-4a83-8376-fa51d2798eea","type":"12.3fa0d7a0-828a-4d60-99cc-db5ed143fc2d"},{"path":".TypeofCollision.value","sname":"TypeofCollision","declaredType":"com.ibm.bpmsdk.model.bpmn20.ibmwleext.TTrackedField","id":"977969de-c71c-45e6-8ada-b0d522686dbf","type":"12.db884a3c-c533-44b7-bb2d-47bec8ad4022"},{"path":".TypeofIncidence.value","sname":"TypeofIncidence","declaredType":"com.ibm.bpmsdk.model.bpmn20.ibmwleext.TTrackedField","id":"409c4c68-d5f0-4c2e-89ff-a419c3b57d1f","type":"12.db884a3c-c533-44b7-bb2d-47bec8ad4022"},{"path":".LevelofDamage.value","sname":"LevelofDamage","declaredType":"com.ibm.bpmsdk.model.bpmn20.ibmwleext.TTrackedField","id":"e7e9a42d-ced6-4527-8880-ed433df82af7","type":"12.db884a3c-c533-44b7-bb2d-47bec8ad4022"},{"path":".CustomerName.value","sname":"CustomerName","declaredType":"com.ibm.bpmsdk.model.bpmn20.ibmwleext.TTrackedField","id":"181c7ee5-3e31-4e82-85da-fa078fa20128","type":"12.db884a3c-c533-44b7-bb2d-47bec8ad4022"},{"path":".PolicyNumber.value","sname":"PolicyNumber","declaredType":"com.ibm.bpmsdk.model.bpmn20.ibmwleext.TTrackedField","id":"46503a13-a93f-46a1-8f62-18202d3920f6","type":"12.db884a3c-c533-44b7-bb2d-47bec8ad4022"},{"path":".Priority.value","sname":"Priority","declaredType":"com.ibm.bpmsdk.model.bpmn20.ibmwleext.TTrackedField","id":"42fcbc2e-26eb-4460-887b-6a7808721aed","type":"12.db884a3c-c533-44b7-bb2d-47bec8ad4022"}],"searchableField":[{"path":".DamageEstimation.value","alias":"DamageEstimation","declaredType":"com.ibm.bpmsdk.model.bpmn20.ibmwleext.TSearchableField","id":"232a8002-7e46-4bbb-8cb2-d523591459d7","type":"12.536b2aa5-a30f-4eca-87fa-3a28066753ee"},{"path":".VehicleBrand.value","alias":"VehicleBrand","declaredType":"com.ibm.bpmsdk.model.bpmn20.ibmwleext.TSearchableField","id":"ed3a947d-c1f5-41df-8571-4273464f9525","type":"12.db884a3c-c533-44b7-bb2d-47bec8ad4022"},{"path":".VehicleModel.value","alias":"VehicleModel","declaredType":"com.ibm.bpmsdk.model.bpmn20.ibmwleext.TSearchableField","id":"608c6f66-21a3-4a2b-873b-374c04389985","type":"12.db884a3c-c533-44b7-bb2d-47bec8ad4022"},{"path":".VehicleYear.value","alias":"VehicleYear","declaredType":"com.ibm.bpmsdk.model.bpmn20.ibmwleext.TSearchableField","id":"bf068639-58e2-408e-8ce4-2496d5190642","type":"12.3fa0d7a0-828a-4d60-99cc-db5ed143fc2d"},{"path":".TypeofCollision.value","alias":"TypeofCollision","declaredType":"com.ibm.bpmsdk.model.bpmn20.ibmwleext.TSearchableField","id":"d339185f-bbec-4585-8a5e-c38509a1ee30","type":"12.db884a3c-c533-44b7-bb2d-47bec8ad4022"},{"path":".TypeofIncidence.value","alias":"TypeofIncidence","declaredType":"com.ibm.bpmsdk.model.bpmn20.ibmwleext.TSearchableField","id":"dedc28bb-2d1c-45f2-809c-8b86422e7abf","type":"12.db884a3c-c533-44b7-bb2d-47bec8ad4022"},{"path":".LevelofDamage.value","alias":"LevelofDamage","declaredType":"com.ibm.bpmsdk.model.bpmn20.ibmwleext.TSearchableField","id":"514cf3ae-5bac-4f0a-8f92-1f0ac6b86e25","type":"12.db884a3c-c533-44b7-bb2d-47bec8ad4022"},{"path":".CustomerName.value","alias":"CustomerName","declaredType":"com.ibm.bpmsdk.model.bpmn20.ibmwleext.TSearchableField","id":"0c445611-9d6f-4fb2-823c-530687aa8a11","type":"12.db884a3c-c533-44b7-bb2d-47bec8ad4022"},{"path":".PolicyNumber.value","alias":"PolicyNumber","declaredType":"com.ibm.bpmsdk.model.bpmn20.ibmwleext.TSearchableField","id":"2825ed67-0082-4f3e-80b3-8bb0cda7a07b","type":"12.db884a3c-c533-44b7-bb2d-47bec8ad4022"},{"path":".Priority.value","alias":"Priority","declaredType":"com.ibm.bpmsdk.model.bpmn20.ibmwleext.TSearchableField","id":"df01fc95-3647-422b-8027-1912f2fddf49","type":"12.db884a3c-c533-44b7-bb2d-47bec8ad4022"}]},"itemSubjectRef":"itm.12.b4e24498-3d8f-41d9-953a-450540bd1120","name":"caseProperties","isCollection":false,"id":"2007.aa575aad-8d7a-43ba-a968-883c86ae068a","otherAttributes":{"{http:\/\/www.ibm.com\/xmlns\/prod\/bpm\/bpmn\/ext\/process}readOnly":"true"}},{"extensionElements":{"parameterType":["CaseObject"]},"itemSubjectRef":"itm.12.1fa70ff1-8673-40be-8263-241959861a02","name":"activityProperties","isCollection":false,"id":"2007.ffaefab0-f17e-4bc3-ad69-2a39582901f1","otherAttributes":{"{http:\/\/www.ibm.com\/xmlns\/prod\/bpm\/bpmn\/ext\/process}readOnly":"true"}}]}},{"name":"Expert EstimationInterface","declaredType":"interface","id":"_a0bdba75-47dd-4e71-9018-cb84cf2c8e35"}],"targetNamespace":"","typeLanguage":"http:\/\/www.w3.org\/2001\/XMLSchema","expressionLanguage":"http:\/\/www.ibm.com\/xmlns\/prod\/bpm\/expression-lang\/javascript","id":"f23bbe49-949f-467e-a483-a01eb848b243"}</jsonData>
        <migrationData isNull="true" />
        <rwfData isNull="true" />
        <rwfStatus isNull="true" />
        <templateId isNull="true" />
        <externalId>{E1B433DF-3250-4ABA-A6BA-D679DD069C37}</externalId>
        <guid>guid:cc90e269813961f2:-6d44b79:18f361f07e6:-7771</guid>
        <versionId>ac0b15e9-36fb-406c-aa10-0dddb711bfac</versionId>
        <field1 isNull="true" />
        <field2 isNull="true" />
        <field3>0</field3>
        <field4 isNull="true" />
        <field5>false</field5>
        <clobField1 isNull="true" />
        <blobField1 isNull="true" />
        <BusinessProcessDiagram id="bpdid:5733966303c98ceb:54e7d30:18fe44fdd7b:-7c98">
            <metadata>
                <entry>
                    <key>SAP_META.SHOULDRECOVER</key>
                    <value>no</value>
                </entry>
            </metadata>
            <name>Expert Estimation</name>
            <documentation></documentation>
            <name>Expert Estimation</name>
            <dimension>
                <size w="600" h="150" />
            </dimension>
            <author>cp4admin</author>
            <isTrackingEnabled>true</isTrackingEnabled>
            <isCriticalPathEnabled>false</isCriticalPathEnabled>
            <isSpcEnabled>false</isSpcEnabled>
            <isDueDateEnabled>true</isDueDateEnabled>
            <isAtRiskCalcEnabled>true</isAtRiskCalcEnabled>
            <creationDate>1715052977582</creationDate>
            <modificationDate>1718745147504</modificationDate>
            <metricSettings itemType="2" />
            <instanceNameExpression>"Expert Estimation:" + tw.system.process.instanceId</instanceNameExpression>
            <dueDateType>1</dueDateType>
            <dueDateTime>8</dueDateTime>
            <dueDateTimeResolution>1</dueDateTimeResolution>
            <dueDateTimeTOD>00:00</dueDateTimeTOD>
            <officeIntegration>
                <sharePointParentSiteDisabled>true</sharePointParentSiteDisabled>
                <sharePointParentSiteName>&lt;#= tw.system.process.name #&gt;</sharePointParentSiteName>
                <sharePointParentSiteTemplate>ParentSiteTemplate.stp</sharePointParentSiteTemplate>
                <sharePointWorkspaceSiteName>&lt;#= tw.system.process.name #&gt; &lt;#= tw.system.process.instanceId #&gt;</sharePointWorkspaceSiteName>
                <sharePointWorkspaceSiteDescription>This site has been automatically generated for managing collaborations and documents 
for the Lombardi TeamWorks process instance: &lt;#= tw.system.process.name #&gt; &lt;#= tw.system.process.instanceId #&gt;

TeamWorks Link:  ~APPSERVER_URL~/portal/jsp/getProcessDetails.do?bpdInstanceId=&lt;#= tw.system.process.instanceId #&gt;

</sharePointWorkspaceSiteDescription>
                <sharePointWorkspaceSiteTemplate>WorkspaceSiteTemplate.stp</sharePointWorkspaceSiteTemplate>
                <sharePointLCID>1033</sharePointLCID>
            </officeIntegration>
            <timeScheduleType>0</timeScheduleType>
            <holidayScheduleType>0</holidayScheduleType>
            <timezoneType>0</timezoneType>
            <executionProfile>default</executionProfile>
            <isSBOSyncEnabled>true</isSBOSyncEnabled>
            <allowContentOperations>false</allowContentOperations>
            <parentCaseActivityId>{E1B433DF-3250-4ABA-A6BA-D679DD069C37}</parentCaseActivityId>
            <isLegacyCaseMigrated>false</isLegacyCaseMigrated>
            <hasCaseObjectParams>false</hasCaseObjectParams>
            <defaultPool>
                <BpmnObjectId id="d573d787-afb4-4d2e-bff2-a4103d2ba2a4" />
            </defaultPool>
            <defaultInstanceUI id="bpdid:5733966303c98ceb:54e7d30:18fe44fdd7b:-4c87" />
            <ownerTeamInstanceUI id="bpdid:5733966303c98ceb:54e7d30:18fe44fdd7b:-4c88" />
            <simulationScenario id="bpdid:cc90e269813961f2:-6d44b79:18f361f07e6:-775e">
                <name>Default</name>
                <simNumInstances>100</simNumInstances>
                <simMinutesBetween>30</simMinutesBetween>
                <maxInstances>100</maxInstances>
                <useMaxInstances>true</useMaxInstances>
                <continueFromReal>false</continueFromReal>
                <useParticipantCalendars>false</useParticipantCalendars>
                <useDuration>false</useDuration>
                <duration>86400</duration>
                <startTime>1715052980533</startTime>
            </simulationScenario>
            <flow id="bdb06a4b-710d-4b6b-80fd-5b7e48a10a42" connectionType="SequenceFlow">
                <name>To inline user task</name>
                <documentation></documentation>
                <nameVisible>false</nameVisible>
                <metricSettings itemType="32" />
                <connection>
                    <lineType>0</lineType>
                    <condition id="bpdid:5733966303c98ceb:54e7d30:18fe44fdd7b:-4c46" />
                </connection>
            </flow>
            <flow id="941804d0-2a33-412b-a571-e6f3918f43ba" connectionType="SequenceFlow">
                <name>To Move Stage</name>
                <documentation></documentation>
                <nameVisible>false</nameVisible>
                <metricSettings itemType="32" />
                <connection>
                    <lineType>0</lineType>
                    <condition id="bpdid:5733966303c98ceb:54e7d30:18fe44fdd7b:-4c45" />
                </connection>
            </flow>
            <flow id="ecf5cbe2-019b-4b25-8b06-53fcce20377b" connectionType="SequenceFlow">
                <name>To Prepare Informaiton</name>
                <documentation></documentation>
                <nameVisible>false</nameVisible>
                <metricSettings itemType="32" />
                <connection>
                    <lineType>0</lineType>
                    <condition id="bpdid:5733966303c98ceb:54e7d30:18fe44fdd7b:-4c44" />
                </connection>
            </flow>
            <flow id="2c384e8e-eb11-4e78-98d8-7cb4e680764d" connectionType="SequenceFlow">
                <name>To Prepare Informaiton</name>
                <documentation></documentation>
                <nameVisible>false</nameVisible>
                <metricSettings itemType="32" />
                <connection>
                    <lineType>0</lineType>
                    <condition id="bpdid:5733966303c98ceb:54e7d30:18fe44fdd7b:-4c43" />
                </connection>
            </flow>
            <flow id="763b9db8-d6e1-4afa-8e0d-143b27e0ab1e" connectionType="SequenceFlow">
                <name>To end</name>
                <documentation></documentation>
                <nameVisible>false</nameVisible>
                <metricSettings itemType="32" />
                <connection>
                    <lineType>0</lineType>
                    <condition id="bpdid:5733966303c98ceb:54e7d30:18fe44fdd7b:-4c42" />
                </connection>
            </flow>
            <pool id="d573d787-afb4-4d2e-bff2-a4103d2ba2a4">
                <name>Pool</name>
                <documentation></documentation>
                <restrictedName>at1715052977392</restrictedName>
                <dimension>
                    <size w="3000" h="373" />
                </dimension>
                <autoTrackingEnabled>false</autoTrackingEnabled>
                <lane id="de8f0d26-a588-4088-96b0-9ab023749503">
                    <name>Experts</name>
                    <height>170</height>
                    <laneColor>0</laneColor>
                    <systemLane>false</systemLane>
                    <attachedParticipant>/24.62d7a7fe-22f3-4c81-85e2-a023b9fb92f1</attachedParticipant>
                    <flowObject id="8451857e-70a2-43ff-bb6a-dc5afe7ffa4c" componentType="Activity">
                        <name>Expert Review</name>
                        <position>
                            <location x="480" y="31" />
                        </position>
                        <dropIconUrl>0</dropIconUrl>
                        <colorInput>#A5B7CD</colorInput>
                        <component>
                            <loopType>0</loopType>
                            <loopMaximum>1</loopMaximum>
                            <startQuantity>1</startQuantity>
                            <isAutoflowable>false</isAutoflowable>
                            <MIOrdering>1</MIOrdering>
                            <MIFlowCondition>0</MIFlowCondition>
                            <cancelRemainingInstances>false</cancelRemainingInstances>
                            <metricSettings itemType="4" />
                            <implementationType>1</implementationType>
                            <isConditional>false</isConditional>
                            <conditionScript></conditionScript>
                            <bpmnTaskType>1</bpmnTaskType>
                            <activityOptionType>REQUIRED</activityOptionType>
                            <activityExecutionType>NONE</activityExecutionType>
                            <activityExecutionTypePreviousValue>AUTOMATIC</activityExecutionTypePreviousValue>
                            <isHidden>false</isHidden>
                            <isRepeatable>false</isRepeatable>
                            <transactionalBehavior>0</transactionalBehavior>
                            <isRobotTask>false</isRobotTask>
                            <implementation>
                                <attachedActivityId>/1.0d6e077d-8950-4e58-8a7c-025c8da7fad9</attachedActivityId>
                                <sendToType>1</sendToType>
                                <taskRouting>0</taskRouting>
                                <dueDateType>1</dueDateType>
                                <dueDateTime>1</dueDateTime>
                                <dueDateTimeResolution>1</dueDateTimeResolution>
                                <dueDateTimeTOD>00:00</dueDateTimeTOD>
                                <priorityType>0</priorityType>
                                <priority>30.30</priority>
                                <subject>&lt;#=tw.local.TaskHeader #&gt;</subject>
                                <forceSend>true</forceSend>
                                <timeSchedule>(use default)</timeSchedule>
                                <timeScheduleType>0</timeScheduleType>
                                <timeZone>(use default)</timeZone>
                                <timeZoneType>0</timeZoneType>
                                <holidaySchedule>(use default)</holidaySchedule>
                                <holidayScheduleType>0</holidayScheduleType>
                                <isDueDateEnabled>true</isDueDateEnabled>
                                <inputActivityParameterMapping id="bpdid:5733966303c98ceb:54e7d30:18fe44fdd7b:-4c5b">
                                    <mappingMode>basic</mappingMode>
                                    <name>caseProperties</name>
                                    <classId>/12.b4e24498-3d8f-41d9-953a-450540bd1120</classId>
                                    <input>true</input>
                                    <value>tw.local.caseProperties</value>
                                    <sourcePath>tw.local.caseProperties</sourcePath>
                                    <targetPath>tw.inputs.caseProperties</targetPath>
                                    <parameterId>2055.b6369543-f552-4c32-80fc-0207d3d3be00</parameterId>
                                </inputActivityParameterMapping>
                                <inputActivityParameterMapping id="bpdid:5733966303c98ceb:54e7d30:18fe44fdd7b:-4c5a">
                                    <mappingMode>basic</mappingMode>
                                    <name>CaseID</name>
                                    <classId>f9bfad03-1cba-408d-921f-41cfbdd4600c/12.db884a3c-c533-44b7-bb2d-47bec8ad4022</classId>
                                    <input>true</input>
                                    <value>tw.local.CaseID</value>
                                    <sourcePath>tw.local.CaseID</sourcePath>
                                    <targetPath>tw.inputs.CaseID</targetPath>
                                    <parameterId>2055.0997c9b2-12ce-4e51-82b0-6ea99c4ad2e5</parameterId>
                                </inputActivityParameterMapping>
                                <laneFilter id="bpdid:5733966303c98ceb:54e7d30:18fe44fdd7b:-4c59">
                                    <serviceType>1</serviceType>
                                    <teamRef>/24.62d7a7fe-22f3-4c81-85e2-a023b9fb92f1</teamRef>
                                </laneFilter>
                                <teamFilter id="bpdid:5733966303c98ceb:54e7d30:18fe44fdd7b:-4c58">
                                    <serviceType>1</serviceType>
                                </teamFilter>
                            </implementation>
                        </component>
                        <inputPort id="bpdid:5733966303c98ceb:54e7d30:18fe44fdd7b:-4c4c">
                            <positionId>leftCenter</positionId>
                            <input>true</input>
                            <flow ref="bdb06a4b-710d-4b6b-80fd-5b7e48a10a42" />
                        </inputPort>
                        <outputPort id="bpdid:5733966303c98ceb:54e7d30:18fe44fdd7b:-4c4f">
                            <positionId>rightCenter</positionId>
                            <flow ref="941804d0-2a33-412b-a571-e6f3918f43ba" />
                        </outputPort>
                    </flowObject>
                    <flowObject id="3ed7090d-ba62-4b7d-b088-f9f75d907984" componentType="Event">
                        <name>Start</name>
                        <documentation></documentation>
                        <position>
                            <location x="23" y="46" />
                        </position>
                        <dropIconUrl>0</dropIconUrl>
                        <colorInput>#F8F8F8</colorInput>
                        <component>
                            <nameVisible>true</nameVisible>
                            <eventType>1</eventType>
                            <cancelActivity>true</cancelActivity>
                            <repeatable>false</repeatable>
                            <doCloseTask>true</doCloseTask>
                        </component>
                        <outputPort id="bpdid:5733966303c98ceb:54e7d30:18fe44fdd7b:-4c51">
                            <positionId>rightCenter</positionId>
                            <flow ref="2c384e8e-eb11-4e78-98d8-7cb4e680764d" />
                        </outputPort>
                    </flowObject>
                    <flowObject id="b710ed82-89eb-4a02-bdb1-72d6a44e4391" componentType="Event">
                        <name>End</name>
                        <documentation></documentation>
                        <position>
                            <location x="825" y="34" />
                        </position>
                        <dropIconUrl>0</dropIconUrl>
                        <colorInput>#F8F8F8</colorInput>
                        <component>
                            <nameVisible>true</nameVisible>
                            <eventType>2</eventType>
                            <cancelActivity>true</cancelActivity>
                            <repeatable>false</repeatable>
                            <doCloseTask>true</doCloseTask>
                        </component>
                        <inputPort id="bpdid:5733966303c98ceb:54e7d30:18fe44fdd7b:-4c4a">
                            <positionId>leftCenter</positionId>
                            <input>true</input>
                            <flow ref="763b9db8-d6e1-4afa-8e0d-143b27e0ab1e" />
                        </inputPort>
                    </flowObject>
                </lane>
                <lane id="64912780-7441-4a41-b667-c74677f61ebf">
                    <name>System</name>
                    <height>203</height>
                    <laneColor>0</laneColor>
                    <systemLane>true</systemLane>
                    <attachedParticipant>f9bfad03-1cba-408d-921f-41cfbdd4600c/24.6fd38d02-81cf-48ab-bd42-8ff4c0a1628b</attachedParticipant>
                    <flowObject id="e9f1083a-60ca-451a-880d-dbc93a9126a2" componentType="Activity">
                        <name>Prepare Informaiton</name>
                        <documentation></documentation>
                        <position>
                            <location x="290" y="54" />
                        </position>
                        <dropIconUrl>0</dropIconUrl>
                        <colorInput>#A5B7CD</colorInput>
                        <component>
                            <loopType>0</loopType>
                            <loopMaximum>1</loopMaximum>
                            <startQuantity>1</startQuantity>
                            <isAutoflowable>false</isAutoflowable>
                            <MIOrdering>1</MIOrdering>
                            <MIFlowCondition>0</MIFlowCondition>
                            <cancelRemainingInstances>false</cancelRemainingInstances>
                            <metricSettings itemType="4" />
                            <implementationType>3</implementationType>
                            <isConditional>false</isConditional>
                            <bpmnTaskType>4</bpmnTaskType>
                            <activityOptionType>REQUIRED</activityOptionType>
                            <activityExecutionType>NONE</activityExecutionType>
                            <activityExecutionTypePreviousValue>AUTOMATIC</activityExecutionTypePreviousValue>
                            <isHidden>false</isHidden>
                            <isRepeatable>false</isRepeatable>
                            <transactionalBehavior>0</transactionalBehavior>
                            <isRobotTask>false</isRobotTask>
                            <implementation>
                                <script>tw.local.TaskHeader = tw.local.TaskHeader +  " "+ tw.local.caseProperties.PolicyNumber.value; 
tw.local.CaseID = tw.system.currentProcessInstance.parentCase.caseId;</script>
                            </implementation>
                        </component>
                        <inputPort id="bpdid:5733966303c98ceb:54e7d30:18fe44fdd7b:-4c48">
                            <positionId>leftCenter</positionId>
                            <input>true</input>
                            <flow ref="ecf5cbe2-019b-4b25-8b06-53fcce20377b" />
                        </inputPort>
                        <outputPort id="bpdid:5733966303c98ceb:54e7d30:18fe44fdd7b:-4c4d">
                            <positionId>rightCenter</positionId>
                            <flow ref="bdb06a4b-710d-4b6b-80fd-5b7e48a10a42" />
                        </outputPort>
                    </flowObject>
                    <flowObject id="b33dd608-043a-45b5-83c0-01142bd32b7d" componentType="Activity">
                        <name>Move Stage</name>
                        <documentation></documentation>
                        <position>
                            <location x="648" y="67" />
                        </position>
                        <dropIconUrl>0</dropIconUrl>
                        <colorInput>#A5B7CD</colorInput>
                        <component>
                            <loopType>0</loopType>
                            <loopMaximum>1</loopMaximum>
                            <startQuantity>1</startQuantity>
                            <isAutoflowable>false</isAutoflowable>
                            <MIOrdering>1</MIOrdering>
                            <MIFlowCondition>0</MIFlowCondition>
                            <cancelRemainingInstances>false</cancelRemainingInstances>
                            <metricSettings itemType="4" />
                            <implementationType>3</implementationType>
                            <isConditional>false</isConditional>
                            <bpmnTaskType>4</bpmnTaskType>
                            <activityOptionType>REQUIRED</activityOptionType>
                            <activityExecutionType>NONE</activityExecutionType>
                            <activityExecutionTypePreviousValue>AUTOMATIC</activityExecutionTypePreviousValue>
                            <isHidden>false</isHidden>
                            <isRepeatable>false</isRepeatable>
                            <transactionalBehavior>0</transactionalBehavior>
                            <isRobotTask>false</isRobotTask>
                            <implementation>
                                <script>if(tw.local.caseProperties.envelopID.value!=null &amp;&amp; tw.local.caseProperties.envelopID.value.length&gt;0 ) tw.system.currentProcessInstance.parentCase.createDiscretionaryActivity("PA_RetrieveSignedDocument", true, "Retrieve Signature ");
else tw.system.currentProcessInstance.parentCase.completeCurrentStage();
tw.system.currentProcessInstance.parentCase.addCommentToCase("Expert estimate the damage at "+tw.local.caseProperties.DamageEstimation.value);</script>
                            </implementation>
                        </component>
                        <inputPort id="bpdid:5733966303c98ceb:54e7d30:18fe44fdd7b:-4c4e">
                            <positionId>leftCenter</positionId>
                            <input>true</input>
                            <flow ref="941804d0-2a33-412b-a571-e6f3918f43ba" />
                        </inputPort>
                        <outputPort id="bpdid:5733966303c98ceb:54e7d30:18fe44fdd7b:-4c4b">
                            <positionId>rightCenter</positionId>
                            <flow ref="763b9db8-d6e1-4afa-8e0d-143b27e0ab1e" />
                        </outputPort>
                    </flowObject>
                    <flowObject id="18294902-233c-4ce7-89e4-5e30c980e358" componentType="Activity">
                        <name>Get Text From File</name>
                        <position>
                            <location x="146" y="53" />
                        </position>
                        <dropIconUrl>0</dropIconUrl>
                        <colorInput>#A5B7CD</colorInput>
                        <component>
                            <loopType>0</loopType>
                            <loopMaximum>1</loopMaximum>
                            <startQuantity>1</startQuantity>
                            <isAutoflowable>false</isAutoflowable>
                            <MIOrdering>1</MIOrdering>
                            <MIFlowCondition>0</MIFlowCondition>
                            <cancelRemainingInstances>false</cancelRemainingInstances>
                            <metricSettings itemType="4" />
                            <implementationType>4</implementationType>
                            <isConditional>false</isConditional>
                            <conditionScript></conditionScript>
                            <bpmnTaskType>3</bpmnTaskType>
                            <activityOptionType>REQUIRED</activityOptionType>
                            <activityExecutionType>NONE</activityExecutionType>
                            <activityExecutionTypePreviousValue>AUTOMATIC</activityExecutionTypePreviousValue>
                            <isHidden>false</isHidden>
                            <isRepeatable>false</isRepeatable>
                            <transactionalBehavior>0</transactionalBehavior>
                            <isRobotTask>false</isRobotTask>
                            <implementation>
                                <attachedActivityId>/1.06ab16c4-4d4c-4c6f-81e4-4c064dc725e6</attachedActivityId>
                                <sendToType>1</sendToType>
                                <taskRouting>0</taskRouting>
                                <dueDateType>1</dueDateType>
                                <dueDateTime>1</dueDateTime>
                                <dueDateTimeResolution>1</dueDateTimeResolution>
                                <dueDateTimeTOD>00:00</dueDateTimeTOD>
                                <priorityType>0</priorityType>
                                <priority>30.30</priority>
                                <forceSend>true</forceSend>
                                <noTask>true</noTask>
                                <timeSchedule>(use default)</timeSchedule>
                                <timeScheduleType>0</timeScheduleType>
                                <timeZone>(use default)</timeZone>
                                <timeZoneType>0</timeZoneType>
                                <holidaySchedule>(use default)</holidaySchedule>
                                <holidayScheduleType>0</holidayScheduleType>
                                <isDueDateEnabled>true</isDueDateEnabled>
                                <inputActivityParameterMapping id="bpdid:5733966303c98ceb:54e7d30:18fe44fdd7b:-4c56">
                                    <mappingMode>basic</mappingMode>
                                    <name>DocID</name>
                                    <classId>f9bfad03-1cba-408d-921f-41cfbdd4600c/12.db884a3c-c533-44b7-bb2d-47bec8ad4022</classId>
                                    <input>true</input>
                                    <useDefault>true</useDefault>
                                    <value>tw.local.caseProperties.TranscriptID.value</value>
                                    <sourcePath>tw.local.caseProperties.TranscriptID.value</sourcePath>
                                    <targetPath>tw.inputs.DocID</targetPath>
                                    <parameterId>2055.2b49033b-357a-4be6-88d5-f20d0cae7642</parameterId>
                                </inputActivityParameterMapping>
                                <inputActivityParameterMapping id="bpdid:5733966303c98ceb:54e7d30:18fe44fdd7b:-4c55">
                                    <mappingMode>literal</mappingMode>
                                    <name>base64</name>
                                    <classId>f9bfad03-1cba-408d-921f-41cfbdd4600c/12.83ff975e-8dbc-42e5-b738-fa8bc08274a2</classId>
                                    <input>true</input>
                                    <useDefault>true</useDefault>
                                    <value>false</value>
                                    <sourcePath>false</sourcePath>
                                    <targetPath>tw.inputs.base64</targetPath>
                                    <parameterId>2055.deb7bc28-152b-4bab-8409-af3fae6815de</parameterId>
                                </inputActivityParameterMapping>
                                <outputActivityParameterMapping id="bpdid:5733966303c98ceb:54e7d30:18fe44fdd7b:-4c54">
                                    <mappingMode>basic</mappingMode>
                                    <name>Text</name>
                                    <classId>f9bfad03-1cba-408d-921f-41cfbdd4600c/12.db884a3c-c533-44b7-bb2d-47bec8ad4022</classId>
                                    <value>tw.local.TranscriptText</value>
                                    <sourcePath>tw.outputs.Text</sourcePath>
                                    <targetPath>tw.local.TranscriptText</targetPath>
                                    <parameterId>2055.98bd1354-e093-4b6b-827d-57f4abe94592</parameterId>
                                </outputActivityParameterMapping>
                                <laneFilter id="bpdid:5733966303c98ceb:54e7d30:18fe44fdd7b:-4c53">
                                    <serviceType>1</serviceType>
                                    <teamRef>f9bfad03-1cba-408d-921f-41cfbdd4600c/24.6fd38d02-81cf-48ab-bd42-8ff4c0a1628b</teamRef>
                                </laneFilter>
                                <teamFilter id="bpdid:5733966303c98ceb:54e7d30:18fe44fdd7b:-4c52">
                                    <serviceType>1</serviceType>
                                </teamFilter>
                            </implementation>
                        </component>
                        <inputPort id="bpdid:5733966303c98ceb:54e7d30:18fe44fdd7b:-4c50">
                            <positionId>leftCenter</positionId>
                            <input>true</input>
                            <flow ref="2c384e8e-eb11-4e78-98d8-7cb4e680764d" />
                        </inputPort>
                        <outputPort id="bpdid:5733966303c98ceb:54e7d30:18fe44fdd7b:-4c49">
                            <positionId>rightCenter</positionId>
                            <flow ref="ecf5cbe2-019b-4b25-8b06-53fcce20377b" />
                        </outputPort>
                    </flowObject>
                </lane>
                <inputParameter id="aa575aad-8d7a-43ba-a968-883c86ae068a">
                    <bpdParameterId>2007.aa575aad-8d7a-43ba-a968-883c86ae068a</bpdParameterId>
                    <isProcessInstanceCorrelator>false</isProcessInstanceCorrelator>
                </inputParameter>
                <inputParameter id="ffaefab0-f17e-4bc3-ad69-2a39582901f1">
                    <bpdParameterId>2007.ffaefab0-f17e-4bc3-ad69-2a39582901f1</bpdParameterId>
                    <isProcessInstanceCorrelator>false</isProcessInstanceCorrelator>
                </inputParameter>
                <privateVariable id="8f15a7e6-4edb-4e64-8b32-57e0c9c8c2b8">
                    <name>TaskHeader</name>
                    <description></description>
                    <classId>f9bfad03-1cba-408d-921f-41cfbdd4600c/12.db884a3c-c533-44b7-bb2d-47bec8ad4022</classId>
                    <arrayOf>false</arrayOf>
                    <hasDefault>true</hasDefault>
                    <defaultValue>"Expert Damage Estimation"</defaultValue>
                    <visibleInSearch>false</visibleInSearch>
                    <isProcessInstanceCorrelator>false</isProcessInstanceCorrelator>
                    <isSharedContext>false</isSharedContext>
                </privateVariable>
                <privateVariable id="8587504a-3f14-4683-8fda-47588cf3f4a0">
                    <name>TranscriptText</name>
                    <description></description>
                    <classId>f9bfad03-1cba-408d-921f-41cfbdd4600c/12.db884a3c-c533-44b7-bb2d-47bec8ad4022</classId>
                    <arrayOf>false</arrayOf>
                    <hasDefault>false</hasDefault>
                    <visibleInSearch>false</visibleInSearch>
                    <isProcessInstanceCorrelator>false</isProcessInstanceCorrelator>
                    <isSharedContext>false</isSharedContext>
                </privateVariable>
                <privateVariable id="ba1e925a-49c1-4bff-8b2f-c4a76f8097d3">
                    <name>CaseID</name>
                    <description></description>
                    <classId>f9bfad03-1cba-408d-921f-41cfbdd4600c/12.db884a3c-c533-44b7-bb2d-47bec8ad4022</classId>
                    <arrayOf>false</arrayOf>
                    <hasDefault>false</hasDefault>
                    <visibleInSearch>false</visibleInSearch>
                    <isProcessInstanceCorrelator>false</isProcessInstanceCorrelator>
                    <isSharedContext>false</isSharedContext>
                </privateVariable>
                <trackedField id="48c5eb08-3d40-4acc-8c7a-c313c986f011">
                    <name>DamageEstimation</name>
                    <type>1</type>
                    <expression id="bpdid:5733966303c98ceb:54e7d30:18fe44fdd7b:-4c83">
                        <expression>tw.local.caseProperties.DamageEstimation.value</expression>
                    </expression>
                </trackedField>
                <trackedField id="6736d1ac-8254-465a-8d7b-fd706239437a">
                    <name>VehicleBrand</name>
                    <type>0</type>
                    <expression id="bpdid:5733966303c98ceb:54e7d30:18fe44fdd7b:-4c7f">
                        <expression>tw.local.caseProperties.VehicleBrand.value</expression>
                    </expression>
                </trackedField>
                <trackedField id="ad01639c-05a7-4112-833d-b25773dfc1ea">
                    <name>VehicleModel</name>
                    <type>0</type>
                    <expression id="bpdid:5733966303c98ceb:54e7d30:18fe44fdd7b:-4c7b">
                        <expression>tw.local.caseProperties.VehicleModel.value</expression>
                    </expression>
                </trackedField>
                <trackedField id="8fd2c936-d412-4a83-8376-fa51d2798eea">
                    <name>VehicleYear</name>
                    <type>1</type>
                    <expression id="bpdid:5733966303c98ceb:54e7d30:18fe44fdd7b:-4c77">
                        <expression>tw.local.caseProperties.VehicleYear.value</expression>
                    </expression>
                </trackedField>
                <trackedField id="977969de-c71c-45e6-8ada-b0d522686dbf">
                    <name>TypeofCollision</name>
                    <type>0</type>
                    <expression id="bpdid:5733966303c98ceb:54e7d30:18fe44fdd7b:-4c73">
                        <expression>tw.local.caseProperties.TypeofCollision.value</expression>
                    </expression>
                </trackedField>
                <trackedField id="409c4c68-d5f0-4c2e-89ff-a419c3b57d1f">
                    <name>TypeofIncidence</name>
                    <type>0</type>
                    <expression id="bpdid:5733966303c98ceb:54e7d30:18fe44fdd7b:-4c6f">
                        <expression>tw.local.caseProperties.TypeofIncidence.value</expression>
                    </expression>
                </trackedField>
                <trackedField id="e7e9a42d-ced6-4527-8880-ed433df82af7">
                    <name>LevelofDamage</name>
                    <type>0</type>
                    <expression id="bpdid:5733966303c98ceb:54e7d30:18fe44fdd7b:-4c6b">
                        <expression>tw.local.caseProperties.LevelofDamage.value</expression>
                    </expression>
                </trackedField>
                <trackedField id="181c7ee5-3e31-4e82-85da-fa078fa20128">
                    <name>CustomerName</name>
                    <type>0</type>
                    <expression id="bpdid:5733966303c98ceb:54e7d30:18fe44fdd7b:-4c67">
                        <expression>tw.local.caseProperties.CustomerName.value</expression>
                    </expression>
                </trackedField>
                <trackedField id="46503a13-a93f-46a1-8f62-18202d3920f6">
                    <name>PolicyNumber</name>
                    <type>0</type>
                    <expression id="bpdid:5733966303c98ceb:54e7d30:18fe44fdd7b:-4c63">
                        <expression>tw.local.caseProperties.PolicyNumber.value</expression>
                    </expression>
                </trackedField>
                <trackedField id="42fcbc2e-26eb-4460-887b-6a7808721aed">
                    <name>Priority</name>
                    <type>0</type>
                    <expression id="bpdid:5733966303c98ceb:54e7d30:18fe44fdd7b:-4c5f">
                        <expression>tw.local.caseProperties.Priority.value</expression>
                    </expression>
                </trackedField>
                <searchableField id="232a8002-7e46-4bbb-8cb2-d523591459d7">
                    <name>DamageEstimation</name>
                    <type>4</type>
                    <symbolicName>PA_DamageEstimation</symbolicName>
                    <expression id="bpdid:5733966303c98ceb:54e7d30:18fe44fdd7b:-437f">
                        <expression>tw.local.caseProperties.DamageEstimation.value</expression>
                    </expression>
                </searchableField>
                <searchableField id="ed3a947d-c1f5-41df-8571-4273464f9525">
                    <name>VehicleBrand</name>
                    <type>2</type>
                    <symbolicName>PA_VehicleBrand</symbolicName>
                    <expression id="bpdid:5733966303c98ceb:54e7d30:18fe44fdd7b:-437e">
                        <expression>tw.local.caseProperties.VehicleBrand.value</expression>
                    </expression>
                </searchableField>
                <searchableField id="608c6f66-21a3-4a2b-873b-374c04389985">
                    <name>VehicleModel</name>
                    <type>2</type>
                    <symbolicName>PA_VehicleModel</symbolicName>
                    <expression id="bpdid:5733966303c98ceb:54e7d30:18fe44fdd7b:-437d">
                        <expression>tw.local.caseProperties.VehicleModel.value</expression>
                    </expression>
                </searchableField>
                <searchableField id="bf068639-58e2-408e-8ce4-2496d5190642">
                    <name>VehicleYear</name>
                    <type>3</type>
                    <symbolicName>PA_VehicleYear</symbolicName>
                    <expression id="bpdid:5733966303c98ceb:54e7d30:18fe44fdd7b:-437c">
                        <expression>tw.local.caseProperties.VehicleYear.value</expression>
                    </expression>
                </searchableField>
                <searchableField id="d339185f-bbec-4585-8a5e-c38509a1ee30">
                    <name>TypeofCollision</name>
                    <type>2</type>
                    <symbolicName>PA_TypeofCollision</symbolicName>
                    <expression id="bpdid:5733966303c98ceb:54e7d30:18fe44fdd7b:-437b">
                        <expression>tw.local.caseProperties.TypeofCollision.value</expression>
                    </expression>
                </searchableField>
                <searchableField id="dedc28bb-2d1c-45f2-809c-8b86422e7abf">
                    <name>TypeofIncidence</name>
                    <type>2</type>
                    <symbolicName>PA_TypeofIncidence</symbolicName>
                    <expression id="bpdid:5733966303c98ceb:54e7d30:18fe44fdd7b:-437a">
                        <expression>tw.local.caseProperties.TypeofIncidence.value</expression>
                    </expression>
                </searchableField>
                <searchableField id="514cf3ae-5bac-4f0a-8f92-1f0ac6b86e25">
                    <name>LevelofDamage</name>
                    <type>2</type>
                    <symbolicName>PA_LevelofDamage</symbolicName>
                    <expression id="bpdid:5733966303c98ceb:54e7d30:18fe44fdd7b:-4379">
                        <expression>tw.local.caseProperties.LevelofDamage.value</expression>
                    </expression>
                </searchableField>
                <searchableField id="0c445611-9d6f-4fb2-823c-530687aa8a11">
                    <name>CustomerName</name>
                    <type>2</type>
                    <symbolicName>PA_CustomerName</symbolicName>
                    <expression id="bpdid:5733966303c98ceb:54e7d30:18fe44fdd7b:-4378">
                        <expression>tw.local.caseProperties.CustomerName.value</expression>
                    </expression>
                </searchableField>
                <searchableField id="2825ed67-0082-4f3e-80b3-8bb0cda7a07b">
                    <name>PolicyNumber</name>
                    <type>2</type>
                    <symbolicName>PA_PolicyNumber</symbolicName>
                    <expression id="bpdid:5733966303c98ceb:54e7d30:18fe44fdd7b:-4377">
                        <expression>tw.local.caseProperties.PolicyNumber.value</expression>
                    </expression>
                </searchableField>
                <searchableField id="df01fc95-3647-422b-8027-1912f2fddf49">
                    <name>Priority</name>
                    <type>2</type>
                    <symbolicName>PA_Priority</symbolicName>
                    <expression id="bpdid:5733966303c98ceb:54e7d30:18fe44fdd7b:-4376">
                        <expression>tw.local.caseProperties.Priority.value</expression>
                    </expression>
                </searchableField>
            </pool>
            <extension id="bpdid:5733966303c98ceb:54e7d30:18fe44fdd7b:-4c47" type="CASE">
                <caseFolder id="a56f7430-b1b3-4a50-87e0-175bfbdd97ec">
                    <allowLocalDoc>false</allowLocalDoc>
                    <allowExternalDoc>false</allowExternalDoc>
                    <allowSubfoldersCreation>false</allowSubfoldersCreation>
                    <allowExternalFolder>false</allowExternalFolder>
                </caseFolder>
            </extension>
        </BusinessProcessDiagram>
    </bpd>
</teamworks>

