<?xml version="1.0" encoding="UTF-8"?>
<teamworks>
    <bpd id="25.c7fad700-f738-4ae0-9ea2-020ab444858b" name="Retrieve Signed Document">
        <bpdParameter name="caseProperties">
            <lastModified isNull="true" />
            <lastModifiedBy isNull="true" />
            <tenantId isNull="true" />
            <bpdParameterId>2007.19bba6f4-e015-4a5a-8a62-026fef66f1a5</bpdParameterId>
            <bpdId>25.c7fad700-f738-4ae0-9ea2-020ab444858b</bpdId>
            <parameterType>1</parameterType>
            <isArrayOf>false</isArrayOf>
            <classId>/12.b4e24498-3d8f-41d9-953a-450540bd1120</classId>
            <seq>0</seq>
            <documentation></documentation>
            <hasDefault>false</hasDefault>
            <defaultValue isNull="true" />
            <isReadOnly>false</isReadOnly>
            <guid>guid:3967f1b7-87d3-4a3f-ac7e-fb904c836f95</guid>
            <versionId>5eee3607-c66c-4176-a659-b8bbd7d38fd5</versionId>
        </bpdParameter>
        <bpdParameter name="activityProperties">
            <lastModified isNull="true" />
            <lastModifiedBy isNull="true" />
            <tenantId isNull="true" />
            <bpdParameterId>2007.7658e314-2706-4853-9403-2fda1ada5817</bpdParameterId>
            <bpdId>25.c7fad700-f738-4ae0-9ea2-020ab444858b</bpdId>
            <parameterType>1</parameterType>
            <isArrayOf>false</isArrayOf>
            <classId>/12.70ac9454-dd3f-4226-9086-560c6e498808</classId>
            <seq>1</seq>
            <documentation></documentation>
            <hasDefault>false</hasDefault>
            <defaultValue isNull="true" />
            <isReadOnly>false</isReadOnly>
            <guid>guid:5dcf20db-aaac-4070-8e68-b747654976d2</guid>
            <versionId>b0d7e2c9-fede-4caa-9f14-190a76f9cb2a</versionId>
        </bpdParameter>
        <lastModified>1718793119136</lastModified>
        <lastModifiedBy>cp4admin</lastModifiedBy>
        <tenantId isNull="true" />
        <bpdId>25.c7fad700-f738-4ae0-9ea2-020ab444858b</bpdId>
        <isTrackingEnabled>true</isTrackingEnabled>
        <isSpcEnabled>false</isSpcEnabled>
        <restrictedName isNull="true" />
        <isCriticalPathEnabled>false</isCriticalPathEnabled>
        <participantRef isNull="true" />
        <businessDataParticipantRef>f9bfad03-1cba-408d-921f-41cfbdd4600c/24.da7e4d23-78cb-4483-98ed-b9c238308a03</businessDataParticipantRef>
        <perfMetricParticipantRef>f9bfad03-1cba-408d-921f-41cfbdd4600c/24.da7e4d23-78cb-4483-98ed-b9c238308a03</perfMetricParticipantRef>
        <ownerTeamParticipantRef isNull="true" />
        <timeScheduleType isNull="true" />
        <timeScheduleName isNull="true" />
        <timeScheduleExpression isNull="true" />
        <holidayScheduleType isNull="true" />
        <holidayScheduleName isNull="true" />
        <holidayScheduleExpression isNull="true" />
        <timezoneType isNull="true" />
        <timezone isNull="true" />
        <timezoneExpression isNull="true" />
        <internalName isNull="true" />
        <description></description>
        <type>1</type>
        <rootBpdId isNull="true" />
        <parentBpdId isNull="true" />
        <parentFlowObjectId isNull="true" />
        <xmlData isNull="true" />
        <bpmn2Data>&lt;ns15:definitions xmlns:ns15="http://www.omg.org/spec/BPMN/20100524/MODEL" xmlns:ns2="http://www.ibm.com/xmlns/prod/bpm/bpmn/ext/process" xmlns:ns3="http://www.ibm.com/xmlns/prod/bpm/bpmn/ext/process/wle" xmlns:ns4="http://www.ibm.com/xmlns/prod/bpm/bpmn/ext/process/case" xmlns:ns5="http://www.ibm.com/bpm/Extensions" xmlns:ns6="http://www.ibm.com/xmlns/prod/bpm/uca" xmlns:ns7="http://www.ibm.com/xmlns/prod/bpm/bpmn/ext/team" xmlns:ns8="http://www.ibm.com/xmlns/prod/bpm/bpmn/ext/trackinggroup" xmlns:ns9="http://www.ibm.com/xmlns/bpmnx/20100524/v1/BusinessVocabulary" xmlns:ns10="http://www.omg.org/spec/DD/20100524/DI" xmlns:ns11="http://www.omg.org/spec/DD/20100524/DC" xmlns:ns12="http://www.omg.org/spec/BPMN/20100524/BPMNDI" xmlns:ns13="http://www.ibm.com/xmlns/prod/bpm/graph" xmlns:ns14="http://www.ibm.com/xmlns/prod/bpm/bpmn/ext/extservice" xmlns:ns16="http://www.ibm.com/bpm/processappsettings" xmlns:ns17="http://www.ibm.com/xmlns/prod/bpm/bpmn/ext/process/auth" xmlns:ns18="http://www.ibm.com/bpm/CoachDesignerNG" xmlns:ns19="http://www.ibm.com/xmlns/links" xmlns:ns20="http://www.ibm.com/bpm/uitheme" xmlns:ns21="http://www.ibm.com/bpm/coachview" xmlns:ns22="http://www.ibm.com/xmlns/tagging" id="71a7b97f-8fe7-4381-9328-69ccd8fb5faf" targetNamespace="" expressionLanguage="http://www.ibm.com/xmlns/prod/bpm/expression-lang/javascript"&gt;&lt;ns15:process name="Retrieve Signed Document" id="25.c7fad700-f738-4ae0-9ea2-020ab444858b" ns2:executionMode="longRunning"&gt;&lt;ns15:documentation /&gt;&lt;ns15:extensionElements&gt;&lt;ns3:bpdExtension instanceName="&amp;quot;Retrieve Signed Document:&amp;quot; + tw.system.process.instanceId" dueDateEnabled="true" atRiskCalcEnabled="true" enableTracking="true" allowProjectedPathManagement="false" optimizeExecForLatency="false" sBOSyncEnabled="true" allowContentOperations="false" autoTrackingEnabled="false" autoTrackingName="at1718721872781"&gt;&lt;ns3:dueDateSettings type="TimeCalculation"&gt;&lt;ns3:dueDate unit="Hours" timeOfDay="00:00"&gt;8&lt;/ns3:dueDate&gt;&lt;/ns3:dueDateSettings&gt;&lt;ns3:workSchedule&gt;&lt;ns3:timeScheduleType&gt;0&lt;/ns3:timeScheduleType&gt;&lt;ns3:timezoneType&gt;0&lt;/ns3:timezoneType&gt;&lt;ns3:holidayScheduleType&gt;0&lt;/ns3:holidayScheduleType&gt;&lt;/ns3:workSchedule&gt;&lt;/ns3:bpdExtension&gt;&lt;ns4:caseExtension&gt;&lt;ns4:caseFolder id="a1ede66e-69d1-40c4-af66-8fb5af1c15ef" /&gt;&lt;/ns4:caseExtension&gt;&lt;ns4:isConvergedProcess&gt;true&lt;/ns4:isConvergedProcess&gt;&lt;ns4:parentCaseActivityId&gt;{B536379D-DEC1-457F-B164-567ABB7E7CF3}&lt;/ns4:parentCaseActivityId&gt;&lt;/ns15:extensionElements&gt;&lt;ns15:ioSpecification&gt;&lt;ns15:dataInput name="caseProperties" itemSubjectRef="itm.12.b4e24498-3d8f-41d9-953a-450540bd1120" isCollection="false" id="2007.19bba6f4-e015-4a5a-8a62-026fef66f1a5" ns2:readOnly="true"&gt;&lt;ns15:extensionElements&gt;&lt;ns4:parameterType&gt;CaseObject&lt;/ns4:parameterType&gt;&lt;/ns15:extensionElements&gt;&lt;/ns15:dataInput&gt;&lt;ns15:dataInput name="activityProperties" itemSubjectRef="itm.12.70ac9454-dd3f-4226-9086-560c6e498808" isCollection="false" id="2007.7658e314-2706-4853-9403-2fda1ada5817" ns2:readOnly="true"&gt;&lt;ns15:extensionElements&gt;&lt;ns4:parameterType&gt;CaseObject&lt;/ns4:parameterType&gt;&lt;/ns15:extensionElements&gt;&lt;/ns15:dataInput&gt;&lt;ns15:inputSet id="_08c7d4ea-2ec3-4903-8617-aa8ad0f5c12d" /&gt;&lt;ns15:outputSet id="_5d225a11-50a4-4dcb-8094-44b503c35835" /&gt;&lt;/ns15:ioSpecification&gt;&lt;ns15:laneSet id="67ef7d98-a501-4a51-8abd-7f50a63f8208"&gt;&lt;ns15:lane name="System" partitionElementRef="24.6fd38d02-81cf-48ab-bd42-8ff4c0a1628b" id="cc46732a-5f3b-4287-b332-6e99f3a3724e" ns3:isSystemLane="true"&gt;&lt;ns15:extensionElements&gt;&lt;ns13:nodeVisualInfo x="0" y="0" width="1984" height="219" color="#F8F8F8" /&gt;&lt;/ns15:extensionElements&gt;&lt;ns15:flowNodeRef&gt;fc2ee38b-e92f-4891-aa38-43c0ec14ef45&lt;/ns15:flowNodeRef&gt;&lt;ns15:flowNodeRef&gt;8d0b90b1-bb01-44e2-b404-5885ab53af7c&lt;/ns15:flowNodeRef&gt;&lt;ns15:flowNodeRef&gt;987e184d-1fb1-46d2-bdf0-f268f5e40341&lt;/ns15:flowNodeRef&gt;&lt;ns15:flowNodeRef&gt;69f96263-bae4-42b1-8bff-6871372ceecc&lt;/ns15:flowNodeRef&gt;&lt;ns15:flowNodeRef&gt;933c3df5-b396-4872-83bb-02a670cf2761&lt;/ns15:flowNodeRef&gt;&lt;ns15:flowNodeRef&gt;c6727cf5-ac3a-493a-800d-8fd435c5e633&lt;/ns15:flowNodeRef&gt;&lt;ns15:flowNodeRef&gt;ab806ef7-7b58-4648-8879-53b1f5cab30d&lt;/ns15:flowNodeRef&gt;&lt;ns15:flowNodeRef&gt;115636c8-dc0c-4922-8e7a-5846ebaf71b3&lt;/ns15:flowNodeRef&gt;&lt;/ns15:lane&gt;&lt;/ns15:laneSet&gt;&lt;ns15:startEvent name="Start" id="8d0b90b1-bb01-44e2-b404-5885ab53af7c"&gt;&lt;ns15:extensionElements&gt;&lt;ns13:nodeVisualInfo x="70" y="120" width="24" height="24" color="#F8F8F8" /&gt;&lt;ns2:default&gt;4f930588-586c-42ab-97e0-b6f9103b9cfc&lt;/ns2:default&gt;&lt;/ns15:extensionElements&gt;&lt;ns15:outgoing&gt;4f930588-586c-42ab-97e0-b6f9103b9cfc&lt;/ns15:outgoing&gt;&lt;/ns15:startEvent&gt;&lt;ns15:endEvent name="End" id="987e184d-1fb1-46d2-bdf0-f268f5e40341"&gt;&lt;ns15:extensionElements&gt;&lt;ns13:nodeVisualInfo x="988" y="120" width="24" height="24" color="#F8F8F8" /&gt;&lt;/ns15:extensionElements&gt;&lt;ns15:incoming&gt;ab836012-efaa-4edc-881f-f17846fd8ea2&lt;/ns15:incoming&gt;&lt;/ns15:endEvent&gt;&lt;ns15:callActivity calledElement="1.13de095f-5ad4-460c-beae-1aa439d439ca" default="aa223b12-c08e-4865-a37c-fd970bbf391c" name="Downlaod Doc" id="fc2ee38b-e92f-4891-aa38-43c0ec14ef45"&gt;&lt;ns15:extensionElements&gt;&lt;ns3:activityExtension conditional="false" transactionalBehavior="NotSet"&gt;&lt;ns3:conditionScript /&gt;&lt;/ns3:activityExtension&gt;&lt;ns13:nodeVisualInfo x="648" y="97" width="95" height="70" /&gt;&lt;ns3:deleteTaskOnCompletion&gt;true&lt;/ns3:deleteTaskOnCompletion&gt;&lt;ns3:userTaskSettings&gt;&lt;ns3:activityPriority type="Priority"&gt;&lt;ns3:priority&gt;Normal&lt;/ns3:priority&gt;&lt;/ns3:activityPriority&gt;&lt;ns3:activityDueDate type="TimeCalculation"&gt;&lt;ns3:dueDate unit="Hours" timeOfDay="00:00"&gt;1&lt;/ns3:dueDate&gt;&lt;ns3:timeZone type="TimeZone"&gt;&lt;ns3:value&gt;(use default)&lt;/ns3:value&gt;&lt;/ns3:timeZone&gt;&lt;/ns3:activityDueDate&gt;&lt;ns3:activityAssignmentType&gt;Lane&lt;/ns3:activityAssignmentType&gt;&lt;ns3:activityWorkSchedule&gt;&lt;ns3:timeScheduleType&gt;0&lt;/ns3:timeScheduleType&gt;&lt;ns3:timezoneType&gt;0&lt;/ns3:timezoneType&gt;&lt;ns3:holidayScheduleType&gt;0&lt;/ns3:holidayScheduleType&gt;&lt;/ns3:activityWorkSchedule&gt;&lt;/ns3:userTaskSettings&gt;&lt;ns3:activityType&gt;ServiceTask&lt;/ns3:activityType&gt;&lt;/ns15:extensionElements&gt;&lt;ns15:incoming&gt;680f75bb-72b3-4e5e-8ecf-890862828f1d&lt;/ns15:incoming&gt;&lt;ns15:outgoing&gt;aa223b12-c08e-4865-a37c-fd970bbf391c&lt;/ns15:outgoing&gt;&lt;ns15:dataInputAssociation&gt;&lt;ns15:targetRef&gt;2055.40e9adda-752e-4ad8-8173-f2e91338a44e&lt;/ns15:targetRef&gt;&lt;ns15:assignment&gt;&lt;ns15:extensionElements&gt;&lt;ns2:mappingMode&gt;literal&lt;/ns2:mappingMode&gt;&lt;/ns15:extensionElements&gt;&lt;ns15:from xmlns:xsi="http://www.w3.org/2001/XMLSchema-instance" xsi:type="ns15:tFormalExpression" evaluatesToTypeRef="itm.12.db884a3c-c533-44b7-bb2d-47bec8ad4022"&gt;"Expert-Signed.pdf"&lt;/ns15:from&gt;&lt;ns15:to xmlns:xsi="http://www.w3.org/2001/XMLSchema-instance" xsi:type="ns15:tFormalExpression" evaluatesToTypeRef="itm.12.db884a3c-c533-44b7-bb2d-47bec8ad4022"&gt;tw.inputs.DocName&lt;/ns15:to&gt;&lt;/ns15:assignment&gt;&lt;/ns15:dataInputAssociation&gt;&lt;ns15:dataInputAssociation&gt;&lt;ns15:targetRef&gt;2055.8f7c1c11-32cb-4c01-8de2-910591ee125a&lt;/ns15:targetRef&gt;&lt;ns15:assignment&gt;&lt;ns15:extensionElements&gt;&lt;ns2:mappingMode&gt;simple&lt;/ns2:mappingMode&gt;&lt;/ns15:extensionElements&gt;&lt;ns15:from xmlns:xsi="http://www.w3.org/2001/XMLSchema-instance" xsi:type="ns15:tFormalExpression" evaluatesToTypeRef="itm.12.db884a3c-c533-44b7-bb2d-47bec8ad4022"&gt;tw.local.FolderID&lt;/ns15:from&gt;&lt;ns15:to xmlns:xsi="http://www.w3.org/2001/XMLSchema-instance" xsi:type="ns15:tFormalExpression" evaluatesToTypeRef="itm.12.db884a3c-c533-44b7-bb2d-47bec8ad4022"&gt;tw.inputs.FolderID&lt;/ns15:to&gt;&lt;/ns15:assignment&gt;&lt;/ns15:dataInputAssociation&gt;&lt;ns15:dataInputAssociation&gt;&lt;ns15:targetRef&gt;2055.2489174c-69c7-4258-a04d-073de3b415a4&lt;/ns15:targetRef&gt;&lt;ns15:assignment&gt;&lt;ns15:extensionElements&gt;&lt;ns2:mappingMode&gt;simple&lt;/ns2:mappingMode&gt;&lt;/ns15:extensionElements&gt;&lt;ns15:from xmlns:xsi="http://www.w3.org/2001/XMLSchema-instance" xsi:type="ns15:tFormalExpression" evaluatesToTypeRef="itm.12.db884a3c-c533-44b7-bb2d-47bec8ad4022"&gt;tw.local.caseProperties.envelopID.value&lt;/ns15:from&gt;&lt;ns15:to xmlns:xsi="http://www.w3.org/2001/XMLSchema-instance" xsi:type="ns15:tFormalExpression" evaluatesToTypeRef="itm.12.db884a3c-c533-44b7-bb2d-47bec8ad4022"&gt;tw.inputs.envelopID&lt;/ns15:to&gt;&lt;/ns15:assignment&gt;&lt;/ns15:dataInputAssociation&gt;&lt;ns15:dataInputAssociation&gt;&lt;ns15:targetRef&gt;2055.eb043243-603f-485d-8bc3-45e1b5a51f5c&lt;/ns15:targetRef&gt;&lt;ns15:assignment&gt;&lt;ns15:extensionElements&gt;&lt;ns2:mappingMode&gt;advanced&lt;/ns2:mappingMode&gt;&lt;/ns15:extensionElements&gt;&lt;ns15:from xmlns:xsi="http://www.w3.org/2001/XMLSchema-instance" xsi:type="ns15:tFormalExpression" evaluatesToTypeRef="itm.12.c09c9b6e-aabd-4897-bef2-ed61db106297"&gt;null&lt;/ns15:from&gt;&lt;ns15:to xmlns:xsi="http://www.w3.org/2001/XMLSchema-instance" xsi:type="ns15:tFormalExpression" evaluatesToTypeRef="itm.12.db884a3c-c533-44b7-bb2d-47bec8ad4022"&gt;tw.inputs.FolderPath&lt;/ns15:to&gt;&lt;/ns15:assignment&gt;&lt;/ns15:dataInputAssociation&gt;&lt;ns15:dataInputAssociation&gt;&lt;ns15:targetRef&gt;2055.b67f91f7-b448-4072-9d08-b44172957ebf&lt;/ns15:targetRef&gt;&lt;ns15:assignment&gt;&lt;ns15:extensionElements&gt;&lt;ns2:mappingMode&gt;advanced&lt;/ns2:mappingMode&gt;&lt;/ns15:extensionElements&gt;&lt;ns15:from xmlns:xsi="http://www.w3.org/2001/XMLSchema-instance" xsi:type="ns15:tFormalExpression" evaluatesToTypeRef="itm.12.c09c9b6e-aabd-4897-bef2-ed61db106297"&gt;null&lt;/ns15:from&gt;&lt;ns15:to xmlns:xsi="http://www.w3.org/2001/XMLSchema-instance" xsi:type="ns15:tFormalExpression" evaluatesToTypeRef="itm.12.a4275847-1a37-4d3c-9289-0462d5afbca9"&gt;tw.inputs.properties&lt;/ns15:to&gt;&lt;/ns15:assignment&gt;&lt;/ns15:dataInputAssociation&gt;&lt;ns15:dataOutputAssociation&gt;&lt;ns15:sourceRef&gt;2055.94cd417c-2223-4a14-9a83-2374f62b2d39&lt;/ns15:sourceRef&gt;&lt;ns15:assignment&gt;&lt;ns15:extensionElements&gt;&lt;ns2:mappingMode&gt;simple&lt;/ns2:mappingMode&gt;&lt;/ns15:extensionElements&gt;&lt;ns15:from xmlns:xsi="http://www.w3.org/2001/XMLSchema-instance" xsi:type="ns15:tFormalExpression" evaluatesToTypeRef="itm.12.db884a3c-c533-44b7-bb2d-47bec8ad4022"&gt;tw.outputs.status&lt;/ns15:from&gt;&lt;ns15:to xmlns:xsi="http://www.w3.org/2001/XMLSchema-instance" xsi:type="ns15:tFormalExpression" evaluatesToTypeRef="itm.12.db884a3c-c533-44b7-bb2d-47bec8ad4022"&gt;tw.local.status&lt;/ns15:to&gt;&lt;/ns15:assignment&gt;&lt;/ns15:dataOutputAssociation&gt;&lt;ns3:activityPerformer distribution="None" name="Lane"&gt;&lt;ns3:teamFilterService /&gt;&lt;/ns3:activityPerformer&gt;&lt;ns3:activityPerformer distribution="None" name="Team"&gt;&lt;ns3:teamFilterService /&gt;&lt;/ns3:activityPerformer&gt;&lt;ns15:performer name="Expert" /&gt;&lt;/ns15:callActivity&gt;&lt;ns15:sequenceFlow sourceRef="8d0b90b1-bb01-44e2-b404-5885ab53af7c" targetRef="69f96263-bae4-42b1-8bff-6871372ceecc" name="To Get Status" id="4f930588-586c-42ab-97e0-b6f9103b9cfc"&gt;&lt;ns15:extensionElements&gt;&lt;ns13:linkVisualInfo&gt;&lt;ns13:sourcePortLocation&gt;rightCenter&lt;/ns13:sourcePortLocation&gt;&lt;ns13:targetPortLocation&gt;leftCenter&lt;/ns13:targetPortLocation&gt;&lt;ns13:showLabel&gt;false&lt;/ns13:showLabel&gt;&lt;ns13:showCoachControlLabel&gt;false&lt;/ns13:showCoachControlLabel&gt;&lt;ns13:labelPosition&gt;0.0&lt;/ns13:labelPosition&gt;&lt;ns13:saveExecutionContext&gt;false&lt;/ns13:saveExecutionContext&gt;&lt;/ns13:linkVisualInfo&gt;&lt;ns2:happySequence&gt;true&lt;/ns2:happySequence&gt;&lt;/ns15:extensionElements&gt;&lt;/ns15:sequenceFlow&gt;&lt;ns15:sequenceFlow sourceRef="fc2ee38b-e92f-4891-aa38-43c0ec14ef45" targetRef="115636c8-dc0c-4922-8e7a-5846ebaf71b3" name="To Script task" id="aa223b12-c08e-4865-a37c-fd970bbf391c"&gt;&lt;ns15:extensionElements&gt;&lt;ns13:linkVisualInfo&gt;&lt;ns13:sourcePortLocation&gt;rightCenter&lt;/ns13:sourcePortLocation&gt;&lt;ns13:targetPortLocation&gt;leftCenter&lt;/ns13:targetPortLocation&gt;&lt;ns13:showLabel&gt;false&lt;/ns13:showLabel&gt;&lt;ns13:showCoachControlLabel&gt;false&lt;/ns13:showCoachControlLabel&gt;&lt;ns13:labelPosition&gt;0.0&lt;/ns13:labelPosition&gt;&lt;ns13:saveExecutionContext&gt;true&lt;/ns13:saveExecutionContext&gt;&lt;/ns13:linkVisualInfo&gt;&lt;ns2:sequenceFlowImplementation sboSyncEnabled="true" fireValidation="Never" /&gt;&lt;ns2:happySequence&gt;true&lt;/ns2:happySequence&gt;&lt;/ns15:extensionElements&gt;&lt;/ns15:sequenceFlow&gt;&lt;ns15:callActivity calledElement="1.27f84d69-bad4-4d07-a0cd-7bd85a4d639b" default="b988bccf-7b2b-4070-8df4-6bfe8ed82d90" name="Get Status" id="69f96263-bae4-42b1-8bff-6871372ceecc"&gt;&lt;ns15:extensionElements&gt;&lt;ns3:deleteTaskOnCompletion&gt;true&lt;/ns3:deleteTaskOnCompletion&gt;&lt;ns13:nodeVisualInfo x="177" y="97" width="95" height="70" /&gt;&lt;ns3:userTaskSettings&gt;&lt;ns3:activityPriority type="Priority"&gt;&lt;ns3:priority&gt;Normal&lt;/ns3:priority&gt;&lt;/ns3:activityPriority&gt;&lt;ns3:activityDueDate type="TimeCalculation"&gt;&lt;ns3:dueDate unit="Hours" timeOfDay="00:00"&gt;1&lt;/ns3:dueDate&gt;&lt;ns3:timeZone type="TimeZone"&gt;&lt;ns3:value&gt;(use default)&lt;/ns3:value&gt;&lt;/ns3:timeZone&gt;&lt;/ns3:activityDueDate&gt;&lt;ns3:activityAssignmentType&gt;Lane&lt;/ns3:activityAssignmentType&gt;&lt;ns3:activityWorkSchedule&gt;&lt;ns3:timeScheduleType&gt;0&lt;/ns3:timeScheduleType&gt;&lt;ns3:timezoneType&gt;0&lt;/ns3:timezoneType&gt;&lt;ns3:holidayScheduleType&gt;0&lt;/ns3:holidayScheduleType&gt;&lt;/ns3:activityWorkSchedule&gt;&lt;/ns3:userTaskSettings&gt;&lt;ns3:activityType&gt;ServiceTask&lt;/ns3:activityType&gt;&lt;ns3:activityExtension conditional="false"&gt;&lt;ns3:conditionScript /&gt;&lt;/ns3:activityExtension&gt;&lt;ns2:preAssignment&gt;&lt;ns15:from xmlns:xsi="http://www.w3.org/2001/XMLSchema-instance" xsi:type="ns15:tFormalExpression"&gt;tw.local.FolderID&lt;/ns15:from&gt;&lt;ns15:to xmlns:xsi="http://www.w3.org/2001/XMLSchema-instance" xsi:type="ns15:tFormalExpression"&gt;tw.system.currentProcessInstance.parentCase.caseId&lt;/ns15:to&gt;&lt;/ns2:preAssignment&gt;&lt;/ns15:extensionElements&gt;&lt;ns15:incoming&gt;4f930588-586c-42ab-97e0-b6f9103b9cfc&lt;/ns15:incoming&gt;&lt;ns15:incoming&gt;77d4b26e-9583-4843-8e36-78b86d00dc8d&lt;/ns15:incoming&gt;&lt;ns15:outgoing&gt;b988bccf-7b2b-4070-8df4-6bfe8ed82d90&lt;/ns15:outgoing&gt;&lt;ns15:dataInputAssociation&gt;&lt;ns15:targetRef&gt;2055.d9913cc0-2dfc-4364-876b-2f66be6df9a9&lt;/ns15:targetRef&gt;&lt;ns15:assignment&gt;&lt;ns15:extensionElements&gt;&lt;ns2:mappingMode&gt;simple&lt;/ns2:mappingMode&gt;&lt;/ns15:extensionElements&gt;&lt;ns15:from xmlns:xsi="http://www.w3.org/2001/XMLSchema-instance" xsi:type="ns15:tFormalExpression" evaluatesToTypeRef="itm.12.db884a3c-c533-44b7-bb2d-47bec8ad4022"&gt;tw.local.caseProperties.envelopID.value&lt;/ns15:from&gt;&lt;ns15:to xmlns:xsi="http://www.w3.org/2001/XMLSchema-instance" xsi:type="ns15:tFormalExpression" evaluatesToTypeRef="itm.12.db884a3c-c533-44b7-bb2d-47bec8ad4022"&gt;tw.inputs.envelopID&lt;/ns15:to&gt;&lt;/ns15:assignment&gt;&lt;/ns15:dataInputAssociation&gt;&lt;ns15:dataOutputAssociation&gt;&lt;ns15:sourceRef&gt;2055.15631a10-0634-475d-8f4c-d35874cf1d9b&lt;/ns15:sourceRef&gt;&lt;ns15:assignment&gt;&lt;ns15:extensionElements&gt;&lt;ns2:mappingMode&gt;simple&lt;/ns2:mappingMode&gt;&lt;/ns15:extensionElements&gt;&lt;ns15:from xmlns:xsi="http://www.w3.org/2001/XMLSchema-instance" xsi:type="ns15:tFormalExpression" evaluatesToTypeRef="itm.12.60e41714-c54b-4512-9f55-582e72da9549"&gt;tw.outputs.GetDocStatus&lt;/ns15:from&gt;&lt;ns15:to xmlns:xsi="http://www.w3.org/2001/XMLSchema-instance" xsi:type="ns15:tFormalExpression" evaluatesToTypeRef="itm.12.60e41714-c54b-4512-9f55-582e72da9549"&gt;tw.local.GetDocStatus&lt;/ns15:to&gt;&lt;/ns15:assignment&gt;&lt;/ns15:dataOutputAssociation&gt;&lt;ns3:activityPerformer distribution="None" name="Lane"&gt;&lt;ns3:teamFilterService /&gt;&lt;/ns3:activityPerformer&gt;&lt;ns3:activityPerformer distribution="None" name="Team"&gt;&lt;ns3:teamFilterService /&gt;&lt;/ns3:activityPerformer&gt;&lt;ns15:performer name="Expert" /&gt;&lt;/ns15:callActivity&gt;&lt;ns15:scriptTask scriptFormat="text/x-javascript" default="63a5c7d1-52ab-4622-849f-556b3b947ddb" name="Calculate Time" id="933c3df5-b396-4872-83bb-02a670cf2761"&gt;&lt;ns15:extensionElements&gt;&lt;ns13:nodeVisualInfo x="347" y="10" width="95" height="70" /&gt;&lt;/ns15:extensionElements&gt;&lt;ns15:incoming&gt;b988bccf-7b2b-4070-8df4-6bfe8ed82d90&lt;/ns15:incoming&gt;&lt;ns15:outgoing&gt;63a5c7d1-52ab-4622-849f-556b3b947ddb&lt;/ns15:outgoing&gt;&lt;ns15:script&gt;tw.local.Time.setTime(tw.local.Time.getTime()+100);&lt;/ns15:script&gt;&lt;/ns15:scriptTask&gt;&lt;ns15:exclusiveGateway default="680f75bb-72b3-4e5e-8ecf-890862828f1d" name="Exclusive gateway" id="c6727cf5-ac3a-493a-800d-8fd435c5e633"&gt;&lt;ns15:extensionElements&gt;&lt;ns13:nodeVisualInfo x="517" y="116" width="32" height="32" /&gt;&lt;/ns15:extensionElements&gt;&lt;ns15:incoming&gt;63a5c7d1-52ab-4622-849f-556b3b947ddb&lt;/ns15:incoming&gt;&lt;ns15:outgoing&gt;680f75bb-72b3-4e5e-8ecf-890862828f1d&lt;/ns15:outgoing&gt;&lt;ns15:outgoing&gt;48b5ef12-fd01-46bd-8dc9-e48895ee3453&lt;/ns15:outgoing&gt;&lt;/ns15:exclusiveGateway&gt;&lt;ns15:sequenceFlow sourceRef="c6727cf5-ac3a-493a-800d-8fd435c5e633" targetRef="fc2ee38b-e92f-4891-aa38-43c0ec14ef45" name="Download Document" id="680f75bb-72b3-4e5e-8ecf-890862828f1d"&gt;&lt;ns15:extensionElements&gt;&lt;ns13:linkVisualInfo&gt;&lt;ns13:sourcePortLocation&gt;rightCenter&lt;/ns13:sourcePortLocation&gt;&lt;ns13:targetPortLocation&gt;leftCenter&lt;/ns13:targetPortLocation&gt;&lt;ns13:showLabel&gt;true&lt;/ns13:showLabel&gt;&lt;ns13:showCoachControlLabel&gt;false&lt;/ns13:showCoachControlLabel&gt;&lt;ns13:labelPosition&gt;0.0&lt;/ns13:labelPosition&gt;&lt;ns13:saveExecutionContext&gt;false&lt;/ns13:saveExecutionContext&gt;&lt;/ns13:linkVisualInfo&gt;&lt;ns2:happySequence&gt;true&lt;/ns2:happySequence&gt;&lt;/ns15:extensionElements&gt;&lt;/ns15:sequenceFlow&gt;&lt;ns15:dataObject itemSubjectRef="itm.12.68474ab0-d56f-47ee-b7e9-510b45a2a8be" isCollection="false" name="Time" id="256c0297-f615-4883-8838-76f675d83657"&gt;&lt;ns15:extensionElements&gt;&lt;ns2:defaultValue useDefault="true"&gt;new TWDate()&lt;/ns2:defaultValue&gt;&lt;/ns15:extensionElements&gt;&lt;/ns15:dataObject&gt;&lt;ns15:dataObject itemSubjectRef="itm.12.db884a3c-c533-44b7-bb2d-47bec8ad4022" isCollection="false" name="status" id="4ee4b2de-e7c2-453a-897b-4f00df301623" /&gt;&lt;ns15:dataObject itemSubjectRef="itm.12.60e41714-c54b-4512-9f55-582e72da9549" isCollection="false" name="GetDocStatus" id="b0ab5baa-009d-4437-86ce-af0d57c12cc3"&gt;&lt;ns15:extensionElements&gt;&lt;ns2:defaultValue useDefault="true"&gt;var autoObject = new tw.object.toolkit.TMJ.Response();
autoObject.completed = false;
autoObject&lt;/ns2:defaultValue&gt;&lt;/ns15:extensionElements&gt;&lt;/ns15:dataObject&gt;&lt;ns15:intermediateCatchEvent name="Timer" id="ab806ef7-7b58-4648-8879-53b1f5cab30d"&gt;&lt;ns15:extensionElements&gt;&lt;ns13:nodeVisualInfo x="376" y="120" width="24" height="24" /&gt;&lt;ns2:default&gt;77d4b26e-9583-4843-8e36-78b86d00dc8d&lt;/ns2:default&gt;&lt;/ns15:extensionElements&gt;&lt;ns15:incoming&gt;48b5ef12-fd01-46bd-8dc9-e48895ee3453&lt;/ns15:incoming&gt;&lt;ns15:outgoing&gt;77d4b26e-9583-4843-8e36-78b86d00dc8d&lt;/ns15:outgoing&gt;&lt;ns15:timerEventDefinition id="4ecf776d-bc64-4aa1-8dfc-b63e3556ccc9" eventImplId="ba8e0ec4-0795-4710-84a4-2133f4ec3baf"&gt;&lt;ns15:extensionElements&gt;&lt;ns3:timerEventSettings&gt;&lt;ns3:customDate&gt;tw.local.Time&lt;/ns3:customDate&gt;&lt;ns3:dateType&gt;Custom&lt;/ns3:dateType&gt;&lt;ns3:relativeDirection&gt;AfterCustomDate&lt;/ns3:relativeDirection&gt;&lt;ns3:relativeTime&gt;0&lt;/ns3:relativeTime&gt;&lt;ns3:relativeTimeResolution&gt;Hours&lt;/ns3:relativeTimeResolution&gt;&lt;ns3:toleranceInterval&gt;0&lt;/ns3:toleranceInterval&gt;&lt;ns3:toleranceIntervalResolution&gt;Hours&lt;/ns3:toleranceIntervalResolution&gt;&lt;ns3:useCalendar&gt;false&lt;/ns3:useCalendar&gt;&lt;/ns3:timerEventSettings&gt;&lt;/ns15:extensionElements&gt;&lt;/ns15:timerEventDefinition&gt;&lt;/ns15:intermediateCatchEvent&gt;&lt;ns15:sequenceFlow sourceRef="69f96263-bae4-42b1-8bff-6871372ceecc" targetRef="933c3df5-b396-4872-83bb-02a670cf2761" name="To Calculate Time" id="b988bccf-7b2b-4070-8df4-6bfe8ed82d90"&gt;&lt;ns15:extensionElements&gt;&lt;ns13:linkVisualInfo&gt;&lt;ns13:sourcePortLocation&gt;topCenter&lt;/ns13:sourcePortLocation&gt;&lt;ns13:targetPortLocation&gt;leftCenter&lt;/ns13:targetPortLocation&gt;&lt;ns13:showLabel&gt;false&lt;/ns13:showLabel&gt;&lt;ns13:showCoachControlLabel&gt;false&lt;/ns13:showCoachControlLabel&gt;&lt;ns13:labelPosition&gt;0.0&lt;/ns13:labelPosition&gt;&lt;ns13:saveExecutionContext&gt;false&lt;/ns13:saveExecutionContext&gt;&lt;/ns13:linkVisualInfo&gt;&lt;ns2:happySequence&gt;true&lt;/ns2:happySequence&gt;&lt;/ns15:extensionElements&gt;&lt;/ns15:sequenceFlow&gt;&lt;ns15:sequenceFlow sourceRef="933c3df5-b396-4872-83bb-02a670cf2761" targetRef="c6727cf5-ac3a-493a-800d-8fd435c5e633" name="To Exclusive gateway" id="63a5c7d1-52ab-4622-849f-556b3b947ddb"&gt;&lt;ns15:extensionElements&gt;&lt;ns13:linkVisualInfo&gt;&lt;ns13:sourcePortLocation&gt;rightCenter&lt;/ns13:sourcePortLocation&gt;&lt;ns13:targetPortLocation&gt;topCenter&lt;/ns13:targetPortLocation&gt;&lt;ns13:showLabel&gt;false&lt;/ns13:showLabel&gt;&lt;ns13:showCoachControlLabel&gt;false&lt;/ns13:showCoachControlLabel&gt;&lt;ns13:labelPosition&gt;0.0&lt;/ns13:labelPosition&gt;&lt;ns13:saveExecutionContext&gt;false&lt;/ns13:saveExecutionContext&gt;&lt;/ns13:linkVisualInfo&gt;&lt;ns2:happySequence&gt;true&lt;/ns2:happySequence&gt;&lt;/ns15:extensionElements&gt;&lt;/ns15:sequenceFlow&gt;&lt;ns15:sequenceFlow sourceRef="c6727cf5-ac3a-493a-800d-8fd435c5e633" targetRef="ab806ef7-7b58-4648-8879-53b1f5cab30d" name="To Timer" id="48b5ef12-fd01-46bd-8dc9-e48895ee3453"&gt;&lt;ns15:extensionElements&gt;&lt;ns13:linkVisualInfo&gt;&lt;ns13:sourcePortLocation&gt;leftCenter&lt;/ns13:sourcePortLocation&gt;&lt;ns13:targetPortLocation&gt;rightCenter&lt;/ns13:targetPortLocation&gt;&lt;ns13:showLabel&gt;true&lt;/ns13:showLabel&gt;&lt;ns13:showCoachControlLabel&gt;false&lt;/ns13:showCoachControlLabel&gt;&lt;ns13:labelPosition&gt;0.0&lt;/ns13:labelPosition&gt;&lt;ns13:saveExecutionContext&gt;false&lt;/ns13:saveExecutionContext&gt;&lt;/ns13:linkVisualInfo&gt;&lt;ns2:happySequence&gt;true&lt;/ns2:happySequence&gt;&lt;/ns15:extensionElements&gt;&lt;ns15:conditionExpression xmlns:xsi="http://www.w3.org/2001/XMLSchema-instance" xsi:type="ns15:tFormalExpression"&gt;tw.local.GetDocStatus.completed	  ==	  false&lt;/ns15:conditionExpression&gt;&lt;/ns15:sequenceFlow&gt;&lt;ns15:sequenceFlow sourceRef="ab806ef7-7b58-4648-8879-53b1f5cab30d" targetRef="69f96263-bae4-42b1-8bff-6871372ceecc" name="To Get Status" id="77d4b26e-9583-4843-8e36-78b86d00dc8d"&gt;&lt;ns15:extensionElements&gt;&lt;ns13:linkVisualInfo&gt;&lt;ns13:sourcePortLocation&gt;leftCenter&lt;/ns13:sourcePortLocation&gt;&lt;ns13:targetPortLocation&gt;rightCenter&lt;/ns13:targetPortLocation&gt;&lt;ns13:showLabel&gt;false&lt;/ns13:showLabel&gt;&lt;ns13:showCoachControlLabel&gt;false&lt;/ns13:showCoachControlLabel&gt;&lt;ns13:labelPosition&gt;0.0&lt;/ns13:labelPosition&gt;&lt;ns13:saveExecutionContext&gt;false&lt;/ns13:saveExecutionContext&gt;&lt;/ns13:linkVisualInfo&gt;&lt;ns2:happySequence&gt;true&lt;/ns2:happySequence&gt;&lt;/ns15:extensionElements&gt;&lt;/ns15:sequenceFlow&gt;&lt;ns15:scriptTask scriptFormat="text/x-javascript" default="ab836012-efaa-4edc-881f-f17846fd8ea2" name="Script task" id="115636c8-dc0c-4922-8e7a-5846ebaf71b3"&gt;&lt;ns15:extensionElements&gt;&lt;ns13:nodeVisualInfo x="818" y="97" width="95" height="70" /&gt;&lt;/ns15:extensionElements&gt;&lt;ns15:incoming&gt;aa223b12-c08e-4865-a37c-fd970bbf391c&lt;/ns15:incoming&gt;&lt;ns15:outgoing&gt;ab836012-efaa-4edc-881f-f17846fd8ea2&lt;/ns15:outgoing&gt;&lt;ns15:script&gt;tw.system.currentProcessInstance.parentCase.addCommentToCase("Document signed has been retrieved");
tw.system.currentProcessInstance.parentCase.completeCurrentStage();&lt;/ns15:script&gt;&lt;/ns15:scriptTask&gt;&lt;ns15:sequenceFlow sourceRef="115636c8-dc0c-4922-8e7a-5846ebaf71b3" targetRef="987e184d-1fb1-46d2-bdf0-f268f5e40341" name="To end" id="ab836012-efaa-4edc-881f-f17846fd8ea2"&gt;&lt;ns15:extensionElements&gt;&lt;ns2:sequenceFlowImplementation sboSyncEnabled="true" /&gt;&lt;ns13:linkVisualInfo&gt;&lt;ns13:sourcePortLocation&gt;rightCenter&lt;/ns13:sourcePortLocation&gt;&lt;ns13:targetPortLocation&gt;leftCenter&lt;/ns13:targetPortLocation&gt;&lt;ns13:showLabel&gt;false&lt;/ns13:showLabel&gt;&lt;ns13:showCoachControlLabel&gt;false&lt;/ns13:showCoachControlLabel&gt;&lt;ns13:labelPosition&gt;0.0&lt;/ns13:labelPosition&gt;&lt;ns13:saveExecutionContext&gt;true&lt;/ns13:saveExecutionContext&gt;&lt;/ns13:linkVisualInfo&gt;&lt;ns2:happySequence&gt;true&lt;/ns2:happySequence&gt;&lt;/ns15:extensionElements&gt;&lt;/ns15:sequenceFlow&gt;&lt;ns15:dataObject itemSubjectRef="itm.12.db884a3c-c533-44b7-bb2d-47bec8ad4022" isCollection="false" name="FolderID" id="9fa3e4bb-cae2-4980-8d8c-8191e7b58761" /&gt;&lt;ns15:resourceRole name="participantRef" /&gt;&lt;ns15:resourceRole name="businessDataParticipantRef"&gt;&lt;ns15:resourceRef&gt;24.da7e4d23-78cb-4483-98ed-b9c238308a03&lt;/ns15:resourceRef&gt;&lt;/ns15:resourceRole&gt;&lt;ns15:resourceRole name="perfMetricParticipantRef"&gt;&lt;ns15:resourceRef&gt;24.da7e4d23-78cb-4483-98ed-b9c238308a03&lt;/ns15:resourceRef&gt;&lt;/ns15:resourceRole&gt;&lt;ns15:resourceRole name="ownerTeamParticipantRef" /&gt;&lt;/ns15:process&gt;&lt;ns15:interface name="Retrieve Signed DocumentInterface" id="_5fced3c8-b576-44f2-852c-4ffd53877af0" /&gt;&lt;/ns15:definitions&gt;
</bpmn2Data>
        <dependencySummary isNull="true" />
        <jsonData>{"rootElement":[{"flowElement":[{"parallelMultiple":false,"outgoing":["4f930588-586c-42ab-97e0-b6f9103b9cfc"],"isInterrupting":true,"extensionElements":{"default":["4f930588-586c-42ab-97e0-b6f9103b9cfc"],"nodeVisualInfo":[{"color":"#F8F8F8","width":24,"x":70,"y":120,"declaredType":"TNodeVisualInfo","height":24}]},"name":"Start","declaredType":"startEvent","id":"8d0b90b1-bb01-44e2-b404-5885ab53af7c"},{"incoming":["ab836012-efaa-4edc-881f-f17846fd8ea2"],"extensionElements":{"nodeVisualInfo":[{"color":"#F8F8F8","width":24,"x":988,"y":120,"declaredType":"TNodeVisualInfo","height":24}]},"name":"End","declaredType":"endEvent","id":"987e184d-1fb1-46d2-bdf0-f268f5e40341"},{"outgoing":["aa223b12-c08e-4865-a37c-fd970bbf391c"],"incoming":["680f75bb-72b3-4e5e-8ecf-890862828f1d"],"extensionElements":{"activityExtension":[{"conditionScript":"","conditional":false,"transactionalBehavior":"NotSet","declaredType":"com.ibm.bpmsdk.model.bpmn20.ibmwleext.TActivityExtension"}],"nodeVisualInfo":[{"width":95,"x":648,"y":97,"declaredType":"TNodeVisualInfo","height":70}],"deleteTaskOnCompletion":[true],"userTaskSettings":[{"activityAssignmentType":"Lane","activityWorkSchedule":{"timezoneType":0,"timeScheduleType":0,"holidayScheduleType":0},"declaredType":"com.ibm.bpmsdk.model.bpmn20.ibmwleext.TUserTaskSettings","activityPriority":{"type":"Priority","priority":"Normal"},"activityDueDate":{"dueDate":{"unit":"Hours","value":"1","timeOfDay":"00:00"},"timeZone":{"type":"TimeZone","value":"(use default)"},"type":"TimeCalculation"}}],"activityType":["ServiceTask"]},"declaredType":"callActivity","startQuantity":1,"resourceRole":[{"teamAssignmentType":"Reference","name":"Lane","declaredType":"com.ibm.bpmsdk.model.bpmn20.ibmwleext.TActivityPerformer","distribution":"None","teamFilterService":{}},{"teamAssignmentType":"Reference","name":"Team","declaredType":"com.ibm.bpmsdk.model.bpmn20.ibmwleext.TActivityPerformer","distribution":"None","teamFilterService":{}},{"name":"Expert","declaredType":"performer"}],"default":"aa223b12-c08e-4865-a37c-fd970bbf391c","name":"Downlaod Doc","dataInputAssociation":[{"targetRef":"2055.40e9adda-752e-4ad8-8173-f2e91338a44e","assignment":[{"extensionElements":{"mappingMode":["literal"]},"from":{"evaluatesToTypeRef":"itm.12.db884a3c-c533-44b7-bb2d-47bec8ad4022","declaredType":"TFormalExpression","content":["\"Expert-Signed.pdf\""]},"to":{"evaluatesToTypeRef":"itm.12.db884a3c-c533-44b7-bb2d-47bec8ad4022","declaredType":"TFormalExpression","content":["tw.inputs.DocName"]}}]},{"targetRef":"2055.8f7c1c11-32cb-4c01-8de2-910591ee125a","assignment":[{"extensionElements":{"mappingMode":["simple"]},"from":{"evaluatesToTypeRef":"itm.12.db884a3c-c533-44b7-bb2d-47bec8ad4022","declaredType":"TFormalExpression","content":["tw.local.FolderID"]},"to":{"evaluatesToTypeRef":"itm.12.db884a3c-c533-44b7-bb2d-47bec8ad4022","declaredType":"TFormalExpression","content":["tw.inputs.FolderID"]}}]},{"targetRef":"2055.2489174c-69c7-4258-a04d-073de3b415a4","assignment":[{"extensionElements":{"mappingMode":["simple"]},"from":{"evaluatesToTypeRef":"itm.12.db884a3c-c533-44b7-bb2d-47bec8ad4022","declaredType":"TFormalExpression","content":["tw.local.caseProperties.envelopID.value"]},"to":{"evaluatesToTypeRef":"itm.12.db884a3c-c533-44b7-bb2d-47bec8ad4022","declaredType":"TFormalExpression","content":["tw.inputs.envelopID"]}}]},{"targetRef":"2055.eb043243-603f-485d-8bc3-45e1b5a51f5c","assignment":[{"extensionElements":{"mappingMode":["advanced"]},"from":{"evaluatesToTypeRef":"itm.12.c09c9b6e-aabd-4897-bef2-ed61db106297","declaredType":"TFormalExpression","content":["null"]},"to":{"evaluatesToTypeRef":"itm.12.db884a3c-c533-44b7-bb2d-47bec8ad4022","declaredType":"TFormalExpression","content":["tw.inputs.FolderPath"]}}]},{"targetRef":"2055.b67f91f7-b448-4072-9d08-b44172957ebf","assignment":[{"extensionElements":{"mappingMode":["advanced"]},"from":{"evaluatesToTypeRef":"itm.12.c09c9b6e-aabd-4897-bef2-ed61db106297","declaredType":"TFormalExpression","content":["null"]},"to":{"evaluatesToTypeRef":"itm.12.a4275847-1a37-4d3c-9289-0462d5afbca9","declaredType":"TFormalExpression","content":["tw.inputs.properties"]}}]}],"isForCompensation":false,"completionQuantity":1,"id":"fc2ee38b-e92f-4891-aa38-43c0ec14ef45","dataOutputAssociation":[{"assignment":[{"extensionElements":{"mappingMode":["simple"]},"from":{"evaluatesToTypeRef":"itm.12.db884a3c-c533-44b7-bb2d-47bec8ad4022","declaredType":"TFormalExpression","content":["tw.outputs.status"]},"to":{"evaluatesToTypeRef":"itm.12.db884a3c-c533-44b7-bb2d-47bec8ad4022","declaredType":"TFormalExpression","content":["tw.local.status"]}}],"sourceRef":["2055.94cd417c-2223-4a14-9a83-2374f62b2d39"]}],"calledElement":"1.13de095f-5ad4-460c-beae-1aa439d439ca"},{"targetRef":"69f96263-bae4-42b1-8bff-6871372ceecc","extensionElements":{"linkVisualInfo":[{"sourcePortLocation":"rightCenter","showCoachControlLabel":false,"labelPosition":0.0,"targetPortLocation":"leftCenter","declaredType":"TLinkVisualInfo","saveExecutionContext":false,"showLabel":false}],"happySequence":[true]},"name":"To Get Status","declaredType":"sequenceFlow","id":"4f930588-586c-42ab-97e0-b6f9103b9cfc","sourceRef":"8d0b90b1-bb01-44e2-b404-5885ab53af7c"},{"targetRef":"115636c8-dc0c-4922-8e7a-5846ebaf71b3","extensionElements":{"sequenceFlowImplementation":[{"fireValidation":"Never","sboSyncEnabled":true,"declaredType":"com.ibm.bpmsdk.model.bpmn20.ibmext.TSequenceFlowImplementation"}],"linkVisualInfo":[{"sourcePortLocation":"rightCenter","showCoachControlLabel":false,"labelPosition":0.0,"targetPortLocation":"leftCenter","declaredType":"TLinkVisualInfo","saveExecutionContext":true,"showLabel":false}],"happySequence":[true]},"name":"To Script task","declaredType":"sequenceFlow","id":"aa223b12-c08e-4865-a37c-fd970bbf391c","sourceRef":"fc2ee38b-e92f-4891-aa38-43c0ec14ef45"},{"outgoing":["b988bccf-7b2b-4070-8df4-6bfe8ed82d90"],"incoming":["4f930588-586c-42ab-97e0-b6f9103b9cfc","77d4b26e-9583-4843-8e36-78b86d00dc8d"],"extensionElements":{"activityExtension":[{"conditionScript":"","conditional":false,"transactionalBehavior":"NotSet","declaredType":"com.ibm.bpmsdk.model.bpmn20.ibmwleext.TActivityExtension"}],"deleteTaskOnCompletion":[true],"nodeVisualInfo":[{"width":95,"x":177,"y":97,"declaredType":"TNodeVisualInfo","height":70}],"preAssignment":[{"from":{"declaredType":"TFormalExpression","content":["tw.local.FolderID"]},"declaredType":"TAssignment","to":{"declaredType":"TFormalExpression","content":["tw.system.currentProcessInstance.parentCase.caseId"]}}],"userTaskSettings":[{"activityAssignmentType":"Lane","activityWorkSchedule":{"timezoneType":0,"timeScheduleType":0,"holidayScheduleType":0},"declaredType":"com.ibm.bpmsdk.model.bpmn20.ibmwleext.TUserTaskSettings","activityPriority":{"type":"Priority","priority":"Normal"},"activityDueDate":{"dueDate":{"unit":"Hours","value":"1","timeOfDay":"00:00"},"timeZone":{"type":"TimeZone","value":"(use default)"},"type":"TimeCalculation"}}],"activityType":["ServiceTask"]},"declaredType":"callActivity","startQuantity":1,"resourceRole":[{"teamAssignmentType":"Reference","name":"Lane","declaredType":"com.ibm.bpmsdk.model.bpmn20.ibmwleext.TActivityPerformer","distribution":"None","teamFilterService":{}},{"teamAssignmentType":"Reference","name":"Team","declaredType":"com.ibm.bpmsdk.model.bpmn20.ibmwleext.TActivityPerformer","distribution":"None","teamFilterService":{}},{"name":"Expert","declaredType":"performer"}],"default":"b988bccf-7b2b-4070-8df4-6bfe8ed82d90","name":"Get Status","dataInputAssociation":[{"targetRef":"2055.d9913cc0-2dfc-4364-876b-2f66be6df9a9","assignment":[{"extensionElements":{"mappingMode":["simple"]},"from":{"evaluatesToTypeRef":"itm.12.db884a3c-c533-44b7-bb2d-47bec8ad4022","declaredType":"TFormalExpression","content":["tw.local.caseProperties.envelopID.value"]},"to":{"evaluatesToTypeRef":"itm.12.db884a3c-c533-44b7-bb2d-47bec8ad4022","declaredType":"TFormalExpression","content":["tw.inputs.envelopID"]}}]}],"isForCompensation":false,"completionQuantity":1,"id":"69f96263-bae4-42b1-8bff-6871372ceecc","dataOutputAssociation":[{"assignment":[{"extensionElements":{"mappingMode":["simple"]},"from":{"evaluatesToTypeRef":"itm.12.60e41714-c54b-4512-9f55-582e72da9549","declaredType":"TFormalExpression","content":["tw.outputs.GetDocStatus"]},"to":{"evaluatesToTypeRef":"itm.12.60e41714-c54b-4512-9f55-582e72da9549","declaredType":"TFormalExpression","content":["tw.local.GetDocStatus"]}}],"sourceRef":["2055.15631a10-0634-475d-8f4c-d35874cf1d9b"]}],"calledElement":"1.27f84d69-bad4-4d07-a0cd-7bd85a4d639b"},{"startQuantity":1,"outgoing":["63a5c7d1-52ab-4622-849f-556b3b947ddb"],"incoming":["b988bccf-7b2b-4070-8df4-6bfe8ed82d90"],"default":"63a5c7d1-52ab-4622-849f-556b3b947ddb","extensionElements":{"nodeVisualInfo":[{"width":95,"x":347,"y":10,"declaredType":"TNodeVisualInfo","height":70}]},"name":"Calculate Time","isForCompensation":false,"completionQuantity":1,"declaredType":"scriptTask","id":"933c3df5-b396-4872-83bb-02a670cf2761","scriptFormat":"text\/x-javascript","script":{"content":["tw.local.Time.setTime(tw.local.Time.getTime()+100);"]}},{"outgoing":["680f75bb-72b3-4e5e-8ecf-890862828f1d","48b5ef12-fd01-46bd-8dc9-e48895ee3453"],"incoming":["63a5c7d1-52ab-4622-849f-556b3b947ddb"],"default":"680f75bb-72b3-4e5e-8ecf-890862828f1d","gatewayDirection":"Unspecified","extensionElements":{"nodeVisualInfo":[{"width":32,"x":517,"y":116,"declaredType":"TNodeVisualInfo","height":32}]},"name":"Exclusive gateway","declaredType":"exclusiveGateway","id":"c6727cf5-ac3a-493a-800d-8fd435c5e633"},{"targetRef":"fc2ee38b-e92f-4891-aa38-43c0ec14ef45","extensionElements":{"linkVisualInfo":[{"sourcePortLocation":"rightCenter","showCoachControlLabel":false,"labelPosition":0.0,"targetPortLocation":"leftCenter","declaredType":"TLinkVisualInfo","saveExecutionContext":false,"showLabel":true}],"happySequence":[true]},"name":"Download Document","declaredType":"sequenceFlow","id":"680f75bb-72b3-4e5e-8ecf-890862828f1d","sourceRef":"c6727cf5-ac3a-493a-800d-8fd435c5e633"},{"extensionElements":{"defaultValue":[{"declaredType":"com.ibm.bpmsdk.model.bpmn20.ibmext.TDefaultValue","useDefault":true,"value":"new TWDate()"}]},"itemSubjectRef":"itm.12.68474ab0-d56f-47ee-b7e9-510b45a2a8be","name":"Time","isCollection":false,"declaredType":"dataObject","id":"256c0297-f615-4883-8838-76f675d83657"},{"itemSubjectRef":"itm.12.db884a3c-c533-44b7-bb2d-47bec8ad4022","name":"status","isCollection":false,"declaredType":"dataObject","id":"4ee4b2de-e7c2-453a-897b-4f00df301623"},{"extensionElements":{"defaultValue":[{"declaredType":"com.ibm.bpmsdk.model.bpmn20.ibmext.TDefaultValue","useDefault":true,"value":"var autoObject = new tw.object.toolkit.TMJ.Response();\nautoObject.completed = false;\nautoObject"}]},"itemSubjectRef":"itm.12.60e41714-c54b-4512-9f55-582e72da9549","name":"GetDocStatus","isCollection":false,"declaredType":"dataObject","id":"b0ab5baa-009d-4437-86ce-af0d57c12cc3"},{"parallelMultiple":false,"outgoing":["77d4b26e-9583-4843-8e36-78b86d00dc8d"],"incoming":["48b5ef12-fd01-46bd-8dc9-e48895ee3453"],"eventDefinition":[{"extensionElements":{"timerEventSettings":[{"relativeTime":"0","relativeTimeResolution":"Hours","dateType":"Custom","toleranceInterval":"0","useCalendar":false,"declaredType":"com.ibm.bpmsdk.model.bpmn20.ibmwleext.TTimerEventSettings","toleranceIntervalResolution":"Hours","customDate":"tw.local.Time","relativeDirection":"AfterCustomDate"}]},"declaredType":"timerEventDefinition","id":"4ecf776d-bc64-4aa1-8dfc-b63e3556ccc9","otherAttributes":{"eventImplId":"ba8e0ec4-0795-4710-84a4-2133f4ec3baf"}}],"extensionElements":{"default":["77d4b26e-9583-4843-8e36-78b86d00dc8d"],"nodeVisualInfo":[{"width":24,"x":376,"y":120,"declaredType":"TNodeVisualInfo","height":24}]},"name":"Timer","declaredType":"intermediateCatchEvent","id":"ab806ef7-7b58-4648-8879-53b1f5cab30d"},{"targetRef":"933c3df5-b396-4872-83bb-02a670cf2761","extensionElements":{"linkVisualInfo":[{"sourcePortLocation":"topCenter","showCoachControlLabel":false,"labelPosition":0.0,"targetPortLocation":"leftCenter","declaredType":"TLinkVisualInfo","saveExecutionContext":false,"showLabel":false}],"happySequence":[true]},"name":"To Calculate Time","declaredType":"sequenceFlow","id":"b988bccf-7b2b-4070-8df4-6bfe8ed82d90","sourceRef":"69f96263-bae4-42b1-8bff-6871372ceecc"},{"targetRef":"c6727cf5-ac3a-493a-800d-8fd435c5e633","extensionElements":{"linkVisualInfo":[{"sourcePortLocation":"rightCenter","showCoachControlLabel":false,"labelPosition":0.0,"targetPortLocation":"topCenter","declaredType":"TLinkVisualInfo","saveExecutionContext":false,"showLabel":false}],"happySequence":[true]},"name":"To Exclusive gateway","declaredType":"sequenceFlow","id":"63a5c7d1-52ab-4622-849f-556b3b947ddb","sourceRef":"933c3df5-b396-4872-83bb-02a670cf2761"},{"targetRef":"ab806ef7-7b58-4648-8879-53b1f5cab30d","conditionExpression":{"declaredType":"TFormalExpression","content":["tw.local.GetDocStatus.completed\t  ==\t  false"]},"extensionElements":{"linkVisualInfo":[{"sourcePortLocation":"leftCenter","showCoachControlLabel":false,"labelPosition":0.0,"targetPortLocation":"rightCenter","declaredType":"TLinkVisualInfo","saveExecutionContext":false,"showLabel":true}],"happySequence":[true]},"name":"To Timer","declaredType":"sequenceFlow","id":"48b5ef12-fd01-46bd-8dc9-e48895ee3453","sourceRef":"c6727cf5-ac3a-493a-800d-8fd435c5e633"},{"targetRef":"69f96263-bae4-42b1-8bff-6871372ceecc","extensionElements":{"linkVisualInfo":[{"sourcePortLocation":"leftCenter","showCoachControlLabel":false,"labelPosition":0.0,"targetPortLocation":"rightCenter","declaredType":"TLinkVisualInfo","saveExecutionContext":false,"showLabel":false}],"happySequence":[true]},"name":"To Get Status","declaredType":"sequenceFlow","id":"77d4b26e-9583-4843-8e36-78b86d00dc8d","sourceRef":"ab806ef7-7b58-4648-8879-53b1f5cab30d"},{"startQuantity":1,"outgoing":["ab836012-efaa-4edc-881f-f17846fd8ea2"],"incoming":["aa223b12-c08e-4865-a37c-fd970bbf391c"],"default":"ab836012-efaa-4edc-881f-f17846fd8ea2","extensionElements":{"nodeVisualInfo":[{"width":95,"x":818,"y":97,"declaredType":"TNodeVisualInfo","height":70}]},"name":"Script task","isForCompensation":false,"completionQuantity":1,"declaredType":"scriptTask","id":"115636c8-dc0c-4922-8e7a-5846ebaf71b3","scriptFormat":"text\/x-javascript","script":{"content":["tw.system.currentProcessInstance.parentCase.addCommentToCase(\"Document signed has been retrieved\");\ntw.system.currentProcessInstance.parentCase.completeCurrentStage();"]}},{"targetRef":"987e184d-1fb1-46d2-bdf0-f268f5e40341","extensionElements":{"sequenceFlowImplementation":[{"fireValidation":"Never","sboSyncEnabled":true,"declaredType":"com.ibm.bpmsdk.model.bpmn20.ibmext.TSequenceFlowImplementation"}],"linkVisualInfo":[{"sourcePortLocation":"rightCenter","showCoachControlLabel":false,"labelPosition":0.0,"targetPortLocation":"leftCenter","declaredType":"TLinkVisualInfo","saveExecutionContext":true,"showLabel":false}],"happySequence":[true]},"name":"To end","declaredType":"sequenceFlow","id":"ab836012-efaa-4edc-881f-f17846fd8ea2","sourceRef":"115636c8-dc0c-4922-8e7a-5846ebaf71b3"},{"itemSubjectRef":"itm.12.db884a3c-c533-44b7-bb2d-47bec8ad4022","name":"FolderID","isCollection":false,"declaredType":"dataObject","id":"9fa3e4bb-cae2-4980-8d8c-8191e7b58761"}],"laneSet":[{"id":"67ef7d98-a501-4a51-8abd-7f50a63f8208","lane":[{"flowNodeRef":["fc2ee38b-e92f-4891-aa38-43c0ec14ef45","8d0b90b1-bb01-44e2-b404-5885ab53af7c","987e184d-1fb1-46d2-bdf0-f268f5e40341","69f96263-bae4-42b1-8bff-6871372ceecc","933c3df5-b396-4872-83bb-02a670cf2761","c6727cf5-ac3a-493a-800d-8fd435c5e633","ab806ef7-7b58-4648-8879-53b1f5cab30d","115636c8-dc0c-4922-8e7a-5846ebaf71b3"],"extensionElements":{"nodeVisualInfo":[{"color":"#F8F8F8","width":1984,"x":0,"y":0,"declaredType":"TNodeVisualInfo","height":219}]},"name":"System","partitionElementRef":"24.6fd38d02-81cf-48ab-bd42-8ff4c0a1628b","declaredType":"lane","id":"cc46732a-5f3b-4287-b332-6e99f3a3724e","otherAttributes":{"{http:\/\/www.ibm.com\/xmlns\/prod\/bpm\/bpmn\/ext\/process\/wle}isSystemLane":"true"}}]}],"resourceRole":[{"name":"participantRef","declaredType":"resourceRole"},{"resourceRef":"24.da7e4d23-78cb-4483-98ed-b9c238308a03","name":"businessDataParticipantRef","declaredType":"resourceRole"},{"resourceRef":"24.da7e4d23-78cb-4483-98ed-b9c238308a03","name":"perfMetricParticipantRef","declaredType":"resourceRole"},{"name":"ownerTeamParticipantRef","declaredType":"resourceRole"}],"isClosed":false,"extensionElements":{"parentCaseActivityId":["{B536379D-DEC1-457F-B164-567ABB7E7CF3}"],"bpdExtension":[{"allowContentOperations":false,"enableTracking":true,"workSchedule":{"timezoneType":0,"timeScheduleType":0,"holidayScheduleType":0},"instanceName":"\"Retrieve Signed Document:\" + tw.system.process.instanceId","dueDateSettings":{"dueDate":{"unit":"Hours","value":"8","timeOfDay":"00:00"},"type":"TimeCalculation"},"autoTrackingName":"at1718721872781","declaredType":"com.ibm.bpmsdk.model.bpmn20.ibmwleext.TBPDExtension","optimizeExecForLatency":false,"dueDateEnabled":true,"atRiskCalcEnabled":true,"allowProjectedPathManagement":false,"autoTrackingEnabled":false,"sboSyncEnabled":true}],"caseExtension":[{"declaredType":"com.ibm.bpmsdk.model.bpmn20.ibmcaseext.TCaseExtension","caseFolder":{"allowSubfoldersCreation":false,"allowLocalDoc":false,"id":"a1ede66e-69d1-40c4-af66-8fb5af1c15ef","allowExternalFolder":false,"allowExternalDoc":false}}],"isConvergedProcess":[true]},"documentation":[{"textFormat":"text\/plain"}],"name":"Retrieve Signed Document","declaredType":"process","id":"25.c7fad700-f738-4ae0-9ea2-020ab444858b","processType":"None","otherAttributes":{"{http:\/\/www.ibm.com\/xmlns\/prod\/bpm\/bpmn\/ext\/process}executionMode":"longRunning"},"ioSpecification":{"inputSet":[{"id":"_08c7d4ea-2ec3-4903-8617-aa8ad0f5c12d"}],"outputSet":[{"id":"_5d225a11-50a4-4dcb-8094-44b503c35835"}],"dataInput":[{"extensionElements":{"parameterType":["CaseObject"]},"itemSubjectRef":"itm.12.b4e24498-3d8f-41d9-953a-450540bd1120","name":"caseProperties","isCollection":false,"id":"2007.19bba6f4-e015-4a5a-8a62-026fef66f1a5","otherAttributes":{"{http:\/\/www.ibm.com\/xmlns\/prod\/bpm\/bpmn\/ext\/process}readOnly":"true"}},{"extensionElements":{"parameterType":["CaseObject"]},"itemSubjectRef":"itm.12.70ac9454-dd3f-4226-9086-560c6e498808","name":"activityProperties","isCollection":false,"id":"2007.7658e314-2706-4853-9403-2fda1ada5817","otherAttributes":{"{http:\/\/www.ibm.com\/xmlns\/prod\/bpm\/bpmn\/ext\/process}readOnly":"true"}}]}},{"name":"Retrieve Signed DocumentInterface","declaredType":"interface","id":"_5fced3c8-b576-44f2-852c-4ffd53877af0"}],"targetNamespace":"","typeLanguage":"http:\/\/www.w3.org\/2001\/XMLSchema","expressionLanguage":"http:\/\/www.ibm.com\/xmlns\/prod\/bpm\/expression-lang\/javascript","id":"71a7b97f-8fe7-4381-9328-69ccd8fb5faf"}</jsonData>
        <migrationData isNull="true" />
        <rwfData isNull="true" />
        <rwfStatus isNull="true" />
        <templateId isNull="true" />
        <externalId>{B536379D-DEC1-457F-B164-567ABB7E7CF3}</externalId>
        <guid>guid:5733966303c98ceb:54e7d30:18fe44fdd7b:-55f2</guid>
        <versionId>ffd9654c-a3d0-43aa-b3a0-61e32e5dba33</versionId>
        <field1 isNull="true" />
        <field2 isNull="true" />
        <field3>0</field3>
        <field4 isNull="true" />
        <field5>false</field5>
        <clobField1 isNull="true" />
        <blobField1 isNull="true" />
        <BusinessProcessDiagram id="bpdid:5733966303c98ceb:54e7d30:18fe44fdd7b:-55f3">
            <metadata>
                <entry>
                    <key>SAP_META.SHOULDRECOVER</key>
                    <value>no</value>
                </entry>
            </metadata>
            <name>Retrieve Signed Document</name>
            <documentation></documentation>
            <name>Retrieve Signed Document</name>
            <dimension>
                <size w="600" h="150" />
            </dimension>
            <author>cp4admin</author>
            <isTrackingEnabled>true</isTrackingEnabled>
            <isCriticalPathEnabled>false</isCriticalPathEnabled>
            <isSpcEnabled>false</isSpcEnabled>
            <isDueDateEnabled>true</isDueDateEnabled>
            <isAtRiskCalcEnabled>true</isAtRiskCalcEnabled>
            <creationDate>1718721872824</creationDate>
            <modificationDate>1718793119136</modificationDate>
            <businessDataParticipantRef>f9bfad03-1cba-408d-921f-41cfbdd4600c/24.da7e4d23-78cb-4483-98ed-b9c238308a03</businessDataParticipantRef>
            <perfMetricParticipantRef>f9bfad03-1cba-408d-921f-41cfbdd4600c/24.da7e4d23-78cb-4483-98ed-b9c238308a03</perfMetricParticipantRef>
            <metricSettings itemType="2" />
            <instanceNameExpression>"Retrieve Signed Document:" + tw.system.process.instanceId</instanceNameExpression>
            <dueDateType>1</dueDateType>
            <dueDateTime>8</dueDateTime>
            <dueDateTimeResolution>1</dueDateTimeResolution>
            <dueDateTimeTOD>00:00</dueDateTimeTOD>
            <officeIntegration>
                <sharePointParentSiteDisabled>true</sharePointParentSiteDisabled>
                <sharePointParentSiteName>&lt;#= tw.system.process.name #&gt;</sharePointParentSiteName>
                <sharePointParentSiteTemplate>ParentSiteTemplate.stp</sharePointParentSiteTemplate>
                <sharePointWorkspaceSiteName>&lt;#= tw.system.process.name #&gt; &lt;#= tw.system.process.instanceId #&gt;</sharePointWorkspaceSiteName>
                <sharePointWorkspaceSiteDescription>This site has been automatically generated for managing collaborations and documents 
for the Lombardi TeamWorks process instance: &lt;#= tw.system.process.name #&gt; &lt;#= tw.system.process.instanceId #&gt;

TeamWorks Link:  ~APPSERVER_URL~/portal/jsp/getProcessDetails.do?bpdInstanceId=&lt;#= tw.system.process.instanceId #&gt;

</sharePointWorkspaceSiteDescription>
                <sharePointWorkspaceSiteTemplate>WorkspaceSiteTemplate.stp</sharePointWorkspaceSiteTemplate>
                <sharePointLCID>1033</sharePointLCID>
            </officeIntegration>
            <timeScheduleType>0</timeScheduleType>
            <holidayScheduleType>0</holidayScheduleType>
            <timezoneType>0</timezoneType>
            <executionProfile>default</executionProfile>
            <isSBOSyncEnabled>true</isSBOSyncEnabled>
            <allowContentOperations>false</allowContentOperations>
            <parentCaseActivityId>{B536379D-DEC1-457F-B164-567ABB7E7CF3}</parentCaseActivityId>
            <isLegacyCaseMigrated>false</isLegacyCaseMigrated>
            <hasCaseObjectParams>false</hasCaseObjectParams>
            <defaultPool>
                <BpmnObjectId id="67ef7d98-a501-4a51-8abd-7f50a63f8208" />
            </defaultPool>
            <defaultInstanceUI id="bpdid:5733966303c98ceb:54e7d30:18fe44fdd7b:-4558" />
            <ownerTeamInstanceUI id="bpdid:5733966303c98ceb:54e7d30:18fe44fdd7b:-4559" />
            <simulationScenario id="bpdid:5733966303c98ceb:54e7d30:18fe44fdd7b:-55df">
                <name>Default</name>
                <simNumInstances>100</simNumInstances>
                <simMinutesBetween>30</simMinutesBetween>
                <maxInstances>100</maxInstances>
                <useMaxInstances>true</useMaxInstances>
                <continueFromReal>false</continueFromReal>
                <useParticipantCalendars>false</useParticipantCalendars>
                <useDuration>false</useDuration>
                <duration>86400</duration>
                <startTime>1718721874209</startTime>
            </simulationScenario>
            <flow id="48b5ef12-fd01-46bd-8dc9-e48895ee3453" connectionType="SequenceFlow">
                <name>To Timer</name>
                <documentation></documentation>
                <nameVisible>true</nameVisible>
                <metricSettings itemType="32" />
                <connection>
                    <lineType>0</lineType>
                    <condition id="bpdid:5733966303c98ceb:54e7d30:18fe44fdd7b:-4538">
                        <expression>tw.local.GetDocStatus.completed	  ==	  false</expression>
                    </condition>
                </connection>
            </flow>
            <flow id="b988bccf-7b2b-4070-8df4-6bfe8ed82d90" connectionType="SequenceFlow">
                <name>To Calculate Time</name>
                <documentation></documentation>
                <nameVisible>false</nameVisible>
                <metricSettings itemType="32" />
                <connection>
                    <lineType>0</lineType>
                    <condition id="bpdid:5733966303c98ceb:54e7d30:18fe44fdd7b:-4532" />
                </connection>
            </flow>
            <flow id="aa223b12-c08e-4865-a37c-fd970bbf391c" connectionType="SequenceFlow">
                <name>To Script task</name>
                <documentation></documentation>
                <nameVisible>false</nameVisible>
                <metricSettings itemType="32" />
                <connection>
                    <lineType>0</lineType>
                    <condition id="bpdid:5733966303c98ceb:54e7d30:18fe44fdd7b:-4531" />
                </connection>
            </flow>
            <flow id="ab836012-efaa-4edc-881f-f17846fd8ea2" connectionType="SequenceFlow">
                <name>To end</name>
                <documentation></documentation>
                <nameVisible>false</nameVisible>
                <metricSettings itemType="32" />
                <connection>
                    <lineType>0</lineType>
                    <condition id="bpdid:5733966303c98ceb:54e7d30:18fe44fdd7b:-4530" />
                </connection>
            </flow>
            <flow id="63a5c7d1-52ab-4622-849f-556b3b947ddb" connectionType="SequenceFlow">
                <name>To Exclusive gateway</name>
                <documentation></documentation>
                <nameVisible>false</nameVisible>
                <metricSettings itemType="32" />
                <connection>
                    <lineType>0</lineType>
                    <condition id="bpdid:5733966303c98ceb:54e7d30:18fe44fdd7b:-452f" />
                </connection>
            </flow>
            <flow id="4f930588-586c-42ab-97e0-b6f9103b9cfc" connectionType="SequenceFlow">
                <name>To Get Status</name>
                <documentation></documentation>
                <nameVisible>false</nameVisible>
                <metricSettings itemType="32" />
                <connection>
                    <lineType>0</lineType>
                    <condition id="bpdid:5733966303c98ceb:54e7d30:18fe44fdd7b:-452e" />
                </connection>
            </flow>
            <flow id="680f75bb-72b3-4e5e-8ecf-890862828f1d" connectionType="SequenceFlow">
                <name>Download Document</name>
                <documentation></documentation>
                <nameVisible>true</nameVisible>
                <metricSettings itemType="32" />
                <connection>
                    <lineType>0</lineType>
                    <condition id="bpdid:5733966303c98ceb:54e7d30:18fe44fdd7b:-452d" />
                </connection>
            </flow>
            <flow id="77d4b26e-9583-4843-8e36-78b86d00dc8d" connectionType="SequenceFlow">
                <name>To Get Status</name>
                <documentation></documentation>
                <nameVisible>false</nameVisible>
                <metricSettings itemType="32" />
                <connection>
                    <lineType>0</lineType>
                    <condition id="bpdid:5733966303c98ceb:54e7d30:18fe44fdd7b:-452c" />
                </connection>
            </flow>
            <pool id="67ef7d98-a501-4a51-8abd-7f50a63f8208">
                <name>Pool</name>
                <documentation></documentation>
                <restrictedName>at1718721872781</restrictedName>
                <dimension>
                    <size w="3000" h="219" />
                </dimension>
                <autoTrackingEnabled>false</autoTrackingEnabled>
                <lane id="cc46732a-5f3b-4287-b332-6e99f3a3724e">
                    <name>System</name>
                    <height>219</height>
                    <laneColor>0</laneColor>
                    <systemLane>true</systemLane>
                    <attachedParticipant>f9bfad03-1cba-408d-921f-41cfbdd4600c/24.6fd38d02-81cf-48ab-bd42-8ff4c0a1628b</attachedParticipant>
                    <flowObject id="933c3df5-b396-4872-83bb-02a670cf2761" componentType="Activity">
                        <name>Calculate Time</name>
                        <documentation></documentation>
                        <position>
                            <location x="347" y="10" />
                        </position>
                        <dropIconUrl>0</dropIconUrl>
                        <colorInput>#A5B7CD</colorInput>
                        <component>
                            <loopType>0</loopType>
                            <loopMaximum>1</loopMaximum>
                            <startQuantity>1</startQuantity>
                            <isAutoflowable>false</isAutoflowable>
                            <MIOrdering>1</MIOrdering>
                            <MIFlowCondition>0</MIFlowCondition>
                            <cancelRemainingInstances>false</cancelRemainingInstances>
                            <metricSettings itemType="4" />
                            <implementationType>3</implementationType>
                            <isConditional>false</isConditional>
                            <bpmnTaskType>4</bpmnTaskType>
                            <activityOptionType>REQUIRED</activityOptionType>
                            <activityExecutionType>NONE</activityExecutionType>
                            <activityExecutionTypePreviousValue>AUTOMATIC</activityExecutionTypePreviousValue>
                            <isHidden>false</isHidden>
                            <isRepeatable>false</isRepeatable>
                            <transactionalBehavior>0</transactionalBehavior>
                            <isRobotTask>false</isRobotTask>
                            <implementation>
                                <script>tw.local.Time.setTime(tw.local.Time.getTime()+100);</script>
                            </implementation>
                        </component>
                        <inputPort id="bpdid:5733966303c98ceb:54e7d30:18fe44fdd7b:-453c">
                            <positionId>leftCenter</positionId>
                            <input>true</input>
                            <flow ref="b988bccf-7b2b-4070-8df4-6bfe8ed82d90" />
                        </inputPort>
                        <outputPort id="bpdid:5733966303c98ceb:54e7d30:18fe44fdd7b:-453b">
                            <positionId>rightCenter</positionId>
                            <flow ref="63a5c7d1-52ab-4622-849f-556b3b947ddb" />
                        </outputPort>
                    </flowObject>
                    <flowObject id="115636c8-dc0c-4922-8e7a-5846ebaf71b3" componentType="Activity">
                        <name>Script task</name>
                        <documentation></documentation>
                        <position>
                            <location x="818" y="97" />
                        </position>
                        <dropIconUrl>0</dropIconUrl>
                        <colorInput>#A5B7CD</colorInput>
                        <component>
                            <loopType>0</loopType>
                            <loopMaximum>1</loopMaximum>
                            <startQuantity>1</startQuantity>
                            <isAutoflowable>false</isAutoflowable>
                            <MIOrdering>1</MIOrdering>
                            <MIFlowCondition>0</MIFlowCondition>
                            <cancelRemainingInstances>false</cancelRemainingInstances>
                            <metricSettings itemType="4" />
                            <implementationType>3</implementationType>
                            <isConditional>false</isConditional>
                            <bpmnTaskType>4</bpmnTaskType>
                            <activityOptionType>REQUIRED</activityOptionType>
                            <activityExecutionType>NONE</activityExecutionType>
                            <activityExecutionTypePreviousValue>AUTOMATIC</activityExecutionTypePreviousValue>
                            <isHidden>false</isHidden>
                            <isRepeatable>false</isRepeatable>
                            <transactionalBehavior>0</transactionalBehavior>
                            <isRobotTask>false</isRobotTask>
                            <implementation>
                                <script>tw.system.currentProcessInstance.parentCase.addCommentToCase("Document signed has been retrieved");
tw.system.currentProcessInstance.parentCase.completeCurrentStage();</script>
                            </implementation>
                        </component>
                        <inputPort id="bpdid:5733966303c98ceb:54e7d30:18fe44fdd7b:-4541">
                            <positionId>leftCenter</positionId>
                            <input>true</input>
                            <flow ref="aa223b12-c08e-4865-a37c-fd970bbf391c" />
                        </inputPort>
                        <outputPort id="bpdid:5733966303c98ceb:54e7d30:18fe44fdd7b:-4535">
                            <positionId>rightCenter</positionId>
                            <flow ref="ab836012-efaa-4edc-881f-f17846fd8ea2" />
                        </outputPort>
                    </flowObject>
                    <flowObject id="fc2ee38b-e92f-4891-aa38-43c0ec14ef45" componentType="Activity">
                        <name>Downlaod Doc</name>
                        <position>
                            <location x="648" y="97" />
                        </position>
                        <dropIconUrl>0</dropIconUrl>
                        <colorInput>#A5B7CD</colorInput>
                        <component>
                            <loopType>0</loopType>
                            <loopMaximum>1</loopMaximum>
                            <startQuantity>1</startQuantity>
                            <isAutoflowable>false</isAutoflowable>
                            <MIOrdering>1</MIOrdering>
                            <MIFlowCondition>0</MIFlowCondition>
                            <cancelRemainingInstances>false</cancelRemainingInstances>
                            <metricSettings itemType="4" />
                            <implementationType>4</implementationType>
                            <isConditional>false</isConditional>
                            <conditionScript></conditionScript>
                            <bpmnTaskType>3</bpmnTaskType>
                            <activityOptionType>REQUIRED</activityOptionType>
                            <activityExecutionType>NONE</activityExecutionType>
                            <activityExecutionTypePreviousValue>AUTOMATIC</activityExecutionTypePreviousValue>
                            <isHidden>false</isHidden>
                            <isRepeatable>false</isRepeatable>
                            <transactionalBehavior>0</transactionalBehavior>
                            <isRobotTask>false</isRobotTask>
                            <implementation>
                                <attachedActivityId>a5f8825a-6726-48a3-86dc-d78b09778a38/1.13de095f-5ad4-460c-beae-1aa439d439ca</attachedActivityId>
                                <sendToType>1</sendToType>
                                <taskRouting>0</taskRouting>
                                <dueDateType>1</dueDateType>
                                <dueDateTime>1</dueDateTime>
                                <dueDateTimeResolution>1</dueDateTimeResolution>
                                <dueDateTimeTOD>00:00</dueDateTimeTOD>
                                <priorityType>0</priorityType>
                                <priority>30.30</priority>
                                <forceSend>true</forceSend>
                                <noTask>true</noTask>
                                <timeSchedule>(use default)</timeSchedule>
                                <timeScheduleType>0</timeScheduleType>
                                <timeZone>(use default)</timeZone>
                                <timeZoneType>0</timeZoneType>
                                <holidaySchedule>(use default)</holidaySchedule>
                                <holidayScheduleType>0</holidayScheduleType>
                                <isDueDateEnabled>true</isDueDateEnabled>
                                <inputActivityParameterMapping id="bpdid:5733966303c98ceb:54e7d30:18fe44fdd7b:-4554">
                                    <mappingMode>literal</mappingMode>
                                    <name>DocName</name>
                                    <classId>61a80e43-f2d1-4ff3-a1bf-68046cb3d7af/12.db884a3c-c533-44b7-bb2d-47bec8ad4022</classId>
                                    <input>true</input>
                                    <useDefault>true</useDefault>
                                    <value>"Expert-Signed.pdf"</value>
                                    <sourcePath>"Expert-Signed.pdf"</sourcePath>
                                    <targetPath>tw.inputs.DocName</targetPath>
                                    <parameterId>2055.40e9adda-752e-4ad8-8173-f2e91338a44e</parameterId>
                                </inputActivityParameterMapping>
                                <inputActivityParameterMapping id="bpdid:5733966303c98ceb:54e7d30:18fe44fdd7b:-4553">
                                    <mappingMode>basic</mappingMode>
                                    <name>FolderID</name>
                                    <classId>61a80e43-f2d1-4ff3-a1bf-68046cb3d7af/12.db884a3c-c533-44b7-bb2d-47bec8ad4022</classId>
                                    <input>true</input>
                                    <value>tw.local.FolderID</value>
                                    <sourcePath>tw.local.FolderID</sourcePath>
                                    <targetPath>tw.inputs.FolderID</targetPath>
                                    <parameterId>2055.8f7c1c11-32cb-4c01-8de2-910591ee125a</parameterId>
                                </inputActivityParameterMapping>
                                <inputActivityParameterMapping id="bpdid:5733966303c98ceb:54e7d30:18fe44fdd7b:-4552">
                                    <mappingMode>basic</mappingMode>
                                    <name>envelopID</name>
                                    <classId>61a80e43-f2d1-4ff3-a1bf-68046cb3d7af/12.db884a3c-c533-44b7-bb2d-47bec8ad4022</classId>
                                    <input>true</input>
                                    <useDefault>true</useDefault>
                                    <value>tw.local.caseProperties.envelopID.value</value>
                                    <sourcePath>tw.local.caseProperties.envelopID.value</sourcePath>
                                    <targetPath>tw.inputs.envelopID</targetPath>
                                    <parameterId>2055.2489174c-69c7-4258-a04d-073de3b415a4</parameterId>
                                </inputActivityParameterMapping>
                                <inputActivityParameterMapping id="bpdid:5733966303c98ceb:54e7d30:18fe44fdd7b:-4551">
                                    <mappingMode>advanced</mappingMode>
                                    <name>FolderPath</name>
                                    <classId>61a80e43-f2d1-4ff3-a1bf-68046cb3d7af/12.db884a3c-c533-44b7-bb2d-47bec8ad4022</classId>
                                    <input>true</input>
                                    <useDefault>true</useDefault>
                                    <value>null</value>
                                    <sourcePath>null</sourcePath>
                                    <targetPath>tw.local.FolderPath</targetPath>
                                    <parameterId>2055.eb043243-603f-485d-8bc3-45e1b5a51f5c</parameterId>
                                </inputActivityParameterMapping>
                                <inputActivityParameterMapping id="bpdid:5733966303c98ceb:54e7d30:18fe44fdd7b:-4550">
                                    <mappingMode>advanced</mappingMode>
                                    <name>properties</name>
                                    <classId>6707ce66-1e4c-4b06-b882-1fea9ef801a5/12.a4275847-1a37-4d3c-9289-0462d5afbca9</classId>
                                    <array>true</array>
                                    <input>true</input>
                                    <useDefault>true</useDefault>
                                    <value>null</value>
                                    <sourcePath>null</sourcePath>
                                    <targetPath>tw.local.properties</targetPath>
                                    <parameterId>2055.b67f91f7-b448-4072-9d08-b44172957ebf</parameterId>
                                </inputActivityParameterMapping>
                                <outputActivityParameterMapping id="bpdid:5733966303c98ceb:54e7d30:18fe44fdd7b:-454f">
                                    <mappingMode>basic</mappingMode>
                                    <name>status</name>
                                    <classId>f9bfad03-1cba-408d-921f-41cfbdd4600c/12.db884a3c-c533-44b7-bb2d-47bec8ad4022</classId>
                                    <value>tw.local.status</value>
                                    <sourcePath>tw.outputs.status</sourcePath>
                                    <targetPath>tw.local.status</targetPath>
                                    <parameterId>2055.94cd417c-2223-4a14-9a83-2374f62b2d39</parameterId>
                                </outputActivityParameterMapping>
                                <laneFilter id="bpdid:5733966303c98ceb:54e7d30:18fe44fdd7b:-454e">
                                    <serviceType>1</serviceType>
                                    <teamRef>f9bfad03-1cba-408d-921f-41cfbdd4600c/24.6fd38d02-81cf-48ab-bd42-8ff4c0a1628b</teamRef>
                                </laneFilter>
                                <teamFilter id="bpdid:5733966303c98ceb:54e7d30:18fe44fdd7b:-454d">
                                    <serviceType>1</serviceType>
                                </teamFilter>
                            </implementation>
                        </component>
                        <inputPort id="bpdid:5733966303c98ceb:54e7d30:18fe44fdd7b:-453e">
                            <positionId>leftCenter</positionId>
                            <input>true</input>
                            <flow ref="680f75bb-72b3-4e5e-8ecf-890862828f1d" />
                        </inputPort>
                        <outputPort id="bpdid:5733966303c98ceb:54e7d30:18fe44fdd7b:-4542">
                            <positionId>rightCenter</positionId>
                            <flow ref="aa223b12-c08e-4865-a37c-fd970bbf391c" />
                        </outputPort>
                    </flowObject>
                    <flowObject id="69f96263-bae4-42b1-8bff-6871372ceecc" componentType="Activity">
                        <name>Get Status</name>
                        <position>
                            <location x="177" y="97" />
                        </position>
                        <dropIconUrl>0</dropIconUrl>
                        <colorInput>#A5B7CD</colorInput>
                        <component>
                            <loopType>0</loopType>
                            <loopMaximum>1</loopMaximum>
                            <startQuantity>1</startQuantity>
                            <isAutoflowable>false</isAutoflowable>
                            <MIOrdering>1</MIOrdering>
                            <MIFlowCondition>0</MIFlowCondition>
                            <cancelRemainingInstances>false</cancelRemainingInstances>
                            <metricSettings itemType="4" />
                            <implementationType>4</implementationType>
                            <isConditional>false</isConditional>
                            <conditionScript></conditionScript>
                            <bpmnTaskType>3</bpmnTaskType>
                            <activityOptionType>REQUIRED</activityOptionType>
                            <activityExecutionType>NONE</activityExecutionType>
                            <activityExecutionTypePreviousValue>AUTOMATIC</activityExecutionTypePreviousValue>
                            <isHidden>false</isHidden>
                            <isRepeatable>false</isRepeatable>
                            <transactionalBehavior>0</transactionalBehavior>
                            <isRobotTask>false</isRobotTask>
                            <implementation>
                                <attachedActivityId>a5f8825a-6726-48a3-86dc-d78b09778a38/1.27f84d69-bad4-4d07-a0cd-7bd85a4d639b</attachedActivityId>
                                <sendToType>1</sendToType>
                                <taskRouting>0</taskRouting>
                                <dueDateType>1</dueDateType>
                                <dueDateTime>1</dueDateTime>
                                <dueDateTimeResolution>1</dueDateTimeResolution>
                                <dueDateTimeTOD>00:00</dueDateTimeTOD>
                                <priorityType>0</priorityType>
                                <priority>30.30</priority>
                                <forceSend>true</forceSend>
                                <noTask>true</noTask>
                                <timeSchedule>(use default)</timeSchedule>
                                <timeScheduleType>0</timeScheduleType>
                                <timeZone>(use default)</timeZone>
                                <timeZoneType>0</timeZoneType>
                                <holidaySchedule>(use default)</holidaySchedule>
                                <holidayScheduleType>0</holidayScheduleType>
                                <isDueDateEnabled>true</isDueDateEnabled>
                                <inputActivityParameterMapping id="bpdid:5733966303c98ceb:54e7d30:18fe44fdd7b:-454a">
                                    <mappingMode>basic</mappingMode>
                                    <name>envelopID</name>
                                    <classId>61a80e43-f2d1-4ff3-a1bf-68046cb3d7af/12.db884a3c-c533-44b7-bb2d-47bec8ad4022</classId>
                                    <input>true</input>
                                    <useDefault>true</useDefault>
                                    <value>tw.local.caseProperties.envelopID.value</value>
                                    <sourcePath>tw.local.caseProperties.envelopID.value</sourcePath>
                                    <targetPath>tw.inputs.envelopID</targetPath>
                                    <parameterId>2055.d9913cc0-2dfc-4364-876b-2f66be6df9a9</parameterId>
                                </inputActivityParameterMapping>
                                <outputActivityParameterMapping id="bpdid:5733966303c98ceb:54e7d30:18fe44fdd7b:-4549">
                                    <mappingMode>basic</mappingMode>
                                    <name>GetDocStatus</name>
                                    <classId>a5f8825a-6726-48a3-86dc-d78b09778a38/12.60e41714-c54b-4512-9f55-582e72da9549</classId>
                                    <value>tw.local.GetDocStatus</value>
                                    <sourcePath>tw.outputs.GetDocStatus</sourcePath>
                                    <targetPath>tw.local.GetDocStatus</targetPath>
                                    <parameterId>2055.15631a10-0634-475d-8f4c-d35874cf1d9b</parameterId>
                                </outputActivityParameterMapping>
                                <laneFilter id="bpdid:5733966303c98ceb:54e7d30:18fe44fdd7b:-4548">
                                    <serviceType>1</serviceType>
                                    <teamRef>f9bfad03-1cba-408d-921f-41cfbdd4600c/24.6fd38d02-81cf-48ab-bd42-8ff4c0a1628b</teamRef>
                                </laneFilter>
                                <teamFilter id="bpdid:5733966303c98ceb:54e7d30:18fe44fdd7b:-4547">
                                    <serviceType>1</serviceType>
                                </teamFilter>
                            </implementation>
                        </component>
                        <inputPort id="bpdid:5733966303c98ceb:54e7d30:18fe44fdd7b:-4543">
                            <positionId>leftCenter</positionId>
                            <input>true</input>
                            <flow ref="4f930588-586c-42ab-97e0-b6f9103b9cfc" />
                        </inputPort>
                        <inputPort id="bpdid:5733966303c98ceb:54e7d30:18fe44fdd7b:-4536">
                            <positionId>rightCenter</positionId>
                            <input>true</input>
                            <flow ref="77d4b26e-9583-4843-8e36-78b86d00dc8d" />
                        </inputPort>
                        <outputPort id="bpdid:5733966303c98ceb:54e7d30:18fe44fdd7b:-453d">
                            <positionId>topCenter</positionId>
                            <flow ref="b988bccf-7b2b-4070-8df4-6bfe8ed82d90" />
                        </outputPort>
                        <assignment id="bpdid:5733966303c98ceb:54e7d30:18fe44fdd7b:-454c">
                            <assignTime>1</assignTime>
                            <to>tw.system.currentProcessInstance.parentCase.caseId</to>
                            <from>tw.local.FolderID</from>
                        </assignment>
                    </flowObject>
                    <flowObject id="8d0b90b1-bb01-44e2-b404-5885ab53af7c" componentType="Event">
                        <name>Start</name>
                        <documentation></documentation>
                        <position>
                            <location x="70" y="120" />
                        </position>
                        <dropIconUrl>0</dropIconUrl>
                        <colorInput>#F8F8F8</colorInput>
                        <component>
                            <nameVisible>true</nameVisible>
                            <eventType>1</eventType>
                            <cancelActivity>true</cancelActivity>
                            <repeatable>false</repeatable>
                            <doCloseTask>true</doCloseTask>
                        </component>
                        <outputPort id="bpdid:5733966303c98ceb:54e7d30:18fe44fdd7b:-4544">
                            <positionId>rightCenter</positionId>
                            <flow ref="4f930588-586c-42ab-97e0-b6f9103b9cfc" />
                        </outputPort>
                    </flowObject>
                    <flowObject id="987e184d-1fb1-46d2-bdf0-f268f5e40341" componentType="Event">
                        <name>End</name>
                        <documentation></documentation>
                        <position>
                            <location x="988" y="120" />
                        </position>
                        <dropIconUrl>0</dropIconUrl>
                        <colorInput>#F8F8F8</colorInput>
                        <component>
                            <nameVisible>true</nameVisible>
                            <eventType>2</eventType>
                            <cancelActivity>true</cancelActivity>
                            <repeatable>false</repeatable>
                            <doCloseTask>true</doCloseTask>
                        </component>
                        <inputPort id="bpdid:5733966303c98ceb:54e7d30:18fe44fdd7b:-4534">
                            <positionId>leftCenter</positionId>
                            <input>true</input>
                            <flow ref="ab836012-efaa-4edc-881f-f17846fd8ea2" />
                        </inputPort>
                    </flowObject>
                    <flowObject id="ab806ef7-7b58-4648-8879-53b1f5cab30d" componentType="Event">
                        <name>Timer</name>
                        <documentation></documentation>
                        <position>
                            <location x="376" y="120" />
                        </position>
                        <dropIconUrl>0</dropIconUrl>
                        <colorInput>#A5B7CD</colorInput>
                        <component>
                            <nameVisible>true</nameVisible>
                            <eventType>3</eventType>
                            <cancelActivity>true</cancelActivity>
                            <repeatable>false</repeatable>
                            <doCloseTask>true</doCloseTask>
                            <EventAction id="4ecf776d-bc64-4aa1-8dfc-b63e3556ccc9">
                                <actionType>2</actionType>
                                <actionSubType>0</actionSubType>
                                <EventActionImplementation id="ba8e0ec4-0795-4710-84a4-2133f4ec3baf">
                                    <dateType>2</dateType>
                                    <customDate>tw.local.Time</customDate>
                                    <relativeDirection>1</relativeDirection>
                                    <relativeTime>0</relativeTime>
                                    <relativeTimeResolution>1</relativeTimeResolution>
                                    <toleranceInterval>0</toleranceInterval>
                                    <toleranceIntervalResolution>1</toleranceIntervalResolution>
                                    <UseCalendar>false</UseCalendar>
                                </EventActionImplementation>
                            </EventAction>
                        </component>
                        <inputPort id="bpdid:5733966303c98ceb:54e7d30:18fe44fdd7b:-4539">
                            <positionId>rightCenter</positionId>
                            <input>true</input>
                            <flow ref="48b5ef12-fd01-46bd-8dc9-e48895ee3453" />
                        </inputPort>
                        <outputPort id="bpdid:5733966303c98ceb:54e7d30:18fe44fdd7b:-4537">
                            <positionId>leftCenter</positionId>
                            <flow ref="77d4b26e-9583-4843-8e36-78b86d00dc8d" />
                        </outputPort>
                    </flowObject>
                    <flowObject id="c6727cf5-ac3a-493a-800d-8fd435c5e633" componentType="Gateway">
                        <name>Exclusive gateway</name>
                        <documentation></documentation>
                        <position>
                            <location x="517" y="116" />
                        </position>
                        <dropIconUrl>0</dropIconUrl>
                        <colorInput>#A5B7CD</colorInput>
                        <component>
                            <nameVisible>true</nameVisible>
                            <gatewayType>1</gatewayType>
                            <splitJoinType>0</splitJoinType>
                        </component>
                        <inputPort id="bpdid:5733966303c98ceb:54e7d30:18fe44fdd7b:-453a">
                            <positionId>topCenter</positionId>
                            <input>true</input>
                            <flow ref="63a5c7d1-52ab-4622-849f-556b3b947ddb" />
                        </inputPort>
                        <outputPort id="bpdid:5733966303c98ceb:54e7d30:18fe44fdd7b:-453f">
                            <positionId>leftCenter</positionId>
                            <flow ref="48b5ef12-fd01-46bd-8dc9-e48895ee3453" />
                        </outputPort>
                        <outputPort id="bpdid:5733966303c98ceb:54e7d30:18fe44fdd7b:-4540">
                            <positionId>rightCenter</positionId>
                            <flow ref="680f75bb-72b3-4e5e-8ecf-890862828f1d" />
                        </outputPort>
                    </flowObject>
                </lane>
                <inputParameter id="19bba6f4-e015-4a5a-8a62-026fef66f1a5">
                    <bpdParameterId>2007.19bba6f4-e015-4a5a-8a62-026fef66f1a5</bpdParameterId>
                    <isProcessInstanceCorrelator>false</isProcessInstanceCorrelator>
                </inputParameter>
                <inputParameter id="7658e314-2706-4853-9403-2fda1ada5817">
                    <bpdParameterId>2007.7658e314-2706-4853-9403-2fda1ada5817</bpdParameterId>
                    <isProcessInstanceCorrelator>false</isProcessInstanceCorrelator>
                </inputParameter>
                <privateVariable id="256c0297-f615-4883-8838-76f675d83657">
                    <name>Time</name>
                    <description></description>
                    <classId>f9bfad03-1cba-408d-921f-41cfbdd4600c/12.68474ab0-d56f-47ee-b7e9-510b45a2a8be</classId>
                    <arrayOf>false</arrayOf>
                    <hasDefault>true</hasDefault>
                    <defaultValue>new TWDate()</defaultValue>
                    <visibleInSearch>false</visibleInSearch>
                    <isProcessInstanceCorrelator>false</isProcessInstanceCorrelator>
                    <isSharedContext>false</isSharedContext>
                </privateVariable>
                <privateVariable id="4ee4b2de-e7c2-453a-897b-4f00df301623">
                    <name>status</name>
                    <description></description>
                    <classId>f9bfad03-1cba-408d-921f-41cfbdd4600c/12.db884a3c-c533-44b7-bb2d-47bec8ad4022</classId>
                    <arrayOf>false</arrayOf>
                    <hasDefault>false</hasDefault>
                    <visibleInSearch>false</visibleInSearch>
                    <isProcessInstanceCorrelator>false</isProcessInstanceCorrelator>
                    <isSharedContext>false</isSharedContext>
                </privateVariable>
                <privateVariable id="b0ab5baa-009d-4437-86ce-af0d57c12cc3">
                    <name>GetDocStatus</name>
                    <description></description>
                    <classId>a5f8825a-6726-48a3-86dc-d78b09778a38/12.60e41714-c54b-4512-9f55-582e72da9549</classId>
                    <arrayOf>false</arrayOf>
                    <hasDefault>true</hasDefault>
                    <defaultValue>var autoObject = new tw.object.toolkit.TMJ.Response();
autoObject.completed = false;
autoObject</defaultValue>
                    <visibleInSearch>false</visibleInSearch>
                    <isProcessInstanceCorrelator>false</isProcessInstanceCorrelator>
                    <isSharedContext>false</isSharedContext>
                </privateVariable>
                <privateVariable id="9fa3e4bb-cae2-4980-8d8c-8191e7b58761">
                    <name>FolderID</name>
                    <description></description>
                    <classId>f9bfad03-1cba-408d-921f-41cfbdd4600c/12.db884a3c-c533-44b7-bb2d-47bec8ad4022</classId>
                    <arrayOf>false</arrayOf>
                    <hasDefault>false</hasDefault>
                    <visibleInSearch>false</visibleInSearch>
                    <isProcessInstanceCorrelator>false</isProcessInstanceCorrelator>
                    <isSharedContext>false</isSharedContext>
                </privateVariable>
            </pool>
            <extension id="bpdid:5733966303c98ceb:54e7d30:18fe44fdd7b:-4533" type="CASE">
                <caseFolder id="a1ede66e-69d1-40c4-af66-8fb5af1c15ef">
                    <allowLocalDoc>false</allowLocalDoc>
                    <allowExternalDoc>false</allowExternalDoc>
                    <allowSubfoldersCreation>false</allowSubfoldersCreation>
                    <allowExternalFolder>false</allowExternalFolder>
                </caseFolder>
            </extension>
        </BusinessProcessDiagram>
    </bpd>
</teamworks>

