<?xml version="1.0" encoding="UTF-8"?>
<teamworks>
    <refPO id="6027.daa8ef09-d4b1-4f5d-b9fc-3bad4d69e306" name="CmAcmCASESPLIT_DEFAULT_ADAPTER">
        <lastModified>1717687054670</lastModified>
        <lastModifiedBy>cp4admin</lastModifiedBy>
        <tenantId isNull="true" />
        <refId>6027.daa8ef09-d4b1-4f5d-b9fc-3bad4d69e306</refId>
        <description isNull="true" />
        <guid>guid:daa8ef09-d4b1-4f5d-b9fc-3bad4d69e306</guid>
        <versionId>bc4b2276-83c2-453d-9508-79b67419d129</versionId>
        <createdByUserId>2048.2</createdByUserId>
        <createdOn>1717687042367</createdOn>
        <type>1</type>
        <externalId>{8F0D80B0-000E-C900-BFAE-63CD2F754787}</externalId>
        <externalVersion>{8F0D80B0-000E-CEB8-92D8-3C4224E2423E}</externalVersion>
    </refPO>
</teamworks>

