<?xml version="1.0" encoding="UTF-8"?>
<teamworks>
    <refPO id="6027.554c6d7a-21f3-4b39-866a-aa39f93bbf14" name="CmAcmPROCESS_DEFAULT_PAGE">
        <lastModified>1717687054670</lastModified>
        <lastModifiedBy>cp4admin</lastModifiedBy>
        <tenantId isNull="true" />
        <refId>6027.554c6d7a-21f3-4b39-866a-aa39f93bbf14</refId>
        <description isNull="true" />
        <guid>guid:554c6d7a-21f3-4b39-866a-aa39f93bbf14</guid>
        <versionId>60766ea3-c623-4c8a-adbd-da6b5e4c5510</versionId>
        <createdByUserId>2048.2</createdByUserId>
        <createdOn>1717687042367</createdOn>
        <type>1</type>
        <externalId>{8F0D80B0-000B-C1AF-B3E6-212F955505A0}</externalId>
        <externalVersion>{8F0D80B0-000B-C604-A3D3-E08DE40E5568}</externalVersion>
    </refPO>
</teamworks>

