<?xml version="1.0" encoding="UTF-8"?>
<teamworks>
    <refPO id="6027.bb587597-5c27-4ca0-8fee-1934b4d0d1f0" name="CmAcmCASES_DEFAULT_PAGE">
        <lastModified>1717687054670</lastModified>
        <lastModifiedBy>cp4admin</lastModifiedBy>
        <tenantId isNull="true" />
        <refId>6027.bb587597-5c27-4ca0-8fee-1934b4d0d1f0</refId>
        <description isNull="true" />
        <guid>guid:bb587597-5c27-4ca0-8fee-1934b4d0d1f0</guid>
        <versionId>9e457633-0b84-4165-a845-31a4c36d3920</versionId>
        <createdByUserId>2048.2</createdByUserId>
        <createdOn>1717687042367</createdOn>
        <type>1</type>
        <externalId>{8F0D80B0-0006-CB00-9E28-D6D0E48DA462}</externalId>
        <externalVersion>{8F0D80B0-0007-C013-AFC5-7C82DAB8609A}</externalVersion>
    </refPO>
</teamworks>

