<?xml version="1.0" encoding="UTF-8"?>
<teamworks>
    <refPO id="6027.c4074750-0557-4c5b-a063-c72ed77c1c1c" name="PE Configuration">
        <lastModified>1717687054670</lastModified>
        <lastModifiedBy>cp4admin</lastModifiedBy>
        <tenantId isNull="true" />
        <refId>6027.c4074750-0557-4c5b-a063-c72ed77c1c1c</refId>
        <description isNull="true" />
        <guid>guid:c4074750-0557-4c5b-a063-c72ed77c1c1c</guid>
        <versionId>6f03abe2-d7a6-4da1-a22e-cc72689a93d9</versionId>
        <createdByUserId>2048.2</createdByUserId>
        <createdOn>1717687042367</createdOn>
        <type>1</type>
        <externalId>{8F0D80B0-0000-CEA4-B084-5FFE5CA2272F}</externalId>
        <externalVersion>{8F5248C0-0000-C2BF-B0B6-A9F3948CB571}</externalVersion>
    </refPO>
</teamworks>

