<?xml version="1.0" encoding="UTF-8"?>
<teamworks>
    <refPO id="6027.7e580c8a-f702-41f0-b423-308274226e1b" name="CmAcmCASE_NEW_DEFAULT_ADAPTER">
        <lastModified>1717687054670</lastModified>
        <lastModifiedBy>cp4admin</lastModifiedBy>
        <tenantId isNull="true" />
        <refId>6027.7e580c8a-f702-41f0-b423-308274226e1b</refId>
        <description isNull="true" />
        <guid>guid:7e580c8a-f702-41f0-b423-308274226e1b</guid>
        <versionId>0d143207-10de-48a3-bda8-30f7668e9171</versionId>
        <createdByUserId>2048.2</createdByUserId>
        <createdOn>1717687042367</createdOn>
        <type>1</type>
        <externalId>{8F0D80B0-000B-CF9F-92C0-9B516740A068}</externalId>
        <externalVersion>{8F0D80B0-000C-C4BD-B194-96241ADD5FBD}</externalVersion>
    </refPO>
</teamworks>

