<?xml version="1.0" encoding="UTF-8"?>
<teamworks>
    <refPO id="6027.dcd6b4a9-68d4-4c4e-b2e7-a6b56e4d8ce9" name="CmAcmSTEP_DEFAULT_PAGE">
        <lastModified>1717687054670</lastModified>
        <lastModifiedBy>cp4admin</lastModifiedBy>
        <tenantId isNull="true" />
        <refId>6027.dcd6b4a9-68d4-4c4e-b2e7-a6b56e4d8ce9</refId>
        <description isNull="true" />
        <guid>guid:dcd6b4a9-68d4-4c4e-b2e7-a6b56e4d8ce9</guid>
        <versionId>cf4ef015-2946-495d-8deb-2a0a7df79426</versionId>
        <createdByUserId>2048.2</createdByUserId>
        <createdOn>1717687042367</createdOn>
        <type>1</type>
        <externalId>{8F0D80B0-0007-C9E1-B9E4-3BD6BA79A301}</externalId>
        <externalVersion>{8F0D80B0-0007-CE16-BA5D-5A1635DCAF5C}</externalVersion>
    </refPO>
</teamworks>

