<?xml version="1.0" encoding="UTF-8"?>
<teamworks>
    <refPO id="6027.6f7f5ef1-3850-417b-a546-b0edd86bf194" name="CmAcmPROCESS_INSTANCE_DEFAULT_ADAPTER">
        <lastModified>1717687054670</lastModified>
        <lastModifiedBy>cp4admin</lastModifiedBy>
        <tenantId isNull="true" />
        <refId>6027.6f7f5ef1-3850-417b-a546-b0edd86bf194</refId>
        <description isNull="true" />
        <guid>guid:6f7f5ef1-3850-417b-a546-b0edd86bf194</guid>
        <versionId>720e4c0d-736a-45e3-b1ea-d6a1d488baee</versionId>
        <createdByUserId>2048.2</createdByUserId>
        <createdOn>1717687042367</createdOn>
        <type>1</type>
        <externalId>{8F0D80B0-000F-C761-829D-74C287EB21F2}</externalId>
        <externalVersion>{8F0D80B0-000F-CC4E-801B-8A1DABCEF5A4}</externalVersion>
    </refPO>
</teamworks>

