<?xml version="1.0" encoding="UTF-8"?>
<teamworks>
    <refPO id="6027.656c2fbb-6ba9-473c-b88b-e3a06abf8bc7" name="Solution Workflow Collection">
        <lastModified>1717687054670</lastModified>
        <lastModifiedBy>cp4admin</lastModifiedBy>
        <tenantId isNull="true" />
        <refId>6027.656c2fbb-6ba9-473c-b88b-e3a06abf8bc7</refId>
        <description isNull="true" />
        <guid>guid:656c2fbb-6ba9-473c-b88b-e3a06abf8bc7</guid>
        <versionId>6c21219d-59a3-4711-b32e-23daa9276ff1</versionId>
        <createdByUserId>2048.2</createdByUserId>
        <createdOn>1717687042367</createdOn>
        <type>1</type>
        <externalId>{8F0D80B0-0001-C874-B5E7-BB4730F1B280}</externalId>
        <externalVersion>{8F0D80B0-0001-CD01-B288-6D0C9E28A7FE}</externalVersion>
    </refPO>
</teamworks>

