<?xml version="1.0" encoding="UTF-8"?>
<teamworks>
    <refPO id="6027.2bd3d66f-e784-4b72-8381-5e663929458a" name="CmAcmCASE_SPLIT_DEFAULT_PAGE">
        <lastModified>1717687054670</lastModified>
        <lastModifiedBy>cp4admin</lastModifiedBy>
        <tenantId isNull="true" />
        <refId>6027.2bd3d66f-e784-4b72-8381-5e663929458a</refId>
        <description isNull="true" />
        <guid>guid:2bd3d66f-e784-4b72-8381-5e663929458a</guid>
        <versionId>61cf9520-25d8-4699-b9b4-866f8ebe9f73</versionId>
        <createdByUserId>2048.2</createdByUserId>
        <createdOn>1717687042367</createdOn>
        <type>1</type>
        <externalId>{8F0D80B0-0005-CDC5-B5F7-21E9F7591521}</externalId>
        <externalVersion>{8F0D80B0-0006-C280-A8DE-A106FDDE7862}</externalVersion>
    </refPO>
</teamworks>

