<?xml version="1.0" encoding="UTF-8"?>
<teamworks>
    <refPO id="6027.25dae2fe-8a51-489e-b68c-2762e8eb7e8e" name="Claim Request Workflow Definition">
        <lastModified>1717687054670</lastModified>
        <lastModifiedBy>cp4admin</lastModifiedBy>
        <tenantId isNull="true" />
        <refId>6027.25dae2fe-8a51-489e-b68c-2762e8eb7e8e</refId>
        <description isNull="true" />
        <guid>guid:25dae2fe-8a51-489e-b68c-2762e8eb7e8e</guid>
        <versionId>9afd7060-88bb-460a-b704-4d992b6e0cc1</versionId>
        <createdByUserId>2048.2</createdByUserId>
        <createdOn>1717687042367</createdOn>
        <type>1</type>
        <externalId>{8F0D87B0-0000-C12F-9041-B9E6E6A864F4}</externalId>
        <externalVersion>{8F0D87B0-0000-C6DA-8399-44CC1C5C9852}</externalVersion>
    </refPO>
</teamworks>

