<?xml version="1.0" encoding="UTF-8"?>
<teamworks>
    <refPO id="6027.583b8285-12a1-4125-bcd0-f5aaad623527" name="CmAcmCASEDETAILS_DEFAULT_ADAPTER">
        <lastModified>1717687054670</lastModified>
        <lastModifiedBy>cp4admin</lastModifiedBy>
        <tenantId isNull="true" />
        <refId>6027.583b8285-12a1-4125-bcd0-f5aaad623527</refId>
        <description isNull="true" />
        <guid>guid:583b8285-12a1-4125-bcd0-f5aaad623527</guid>
        <versionId>96de3255-15e9-418a-962b-e6f16d80ad80</versionId>
        <createdByUserId>2048.2</createdByUserId>
        <createdOn>1717687042367</createdOn>
        <type>1</type>
        <externalId>{8F0D80B0-000C-CD96-AB8A-E08C81F81E9E}</externalId>
        <externalVersion>{8F0D80B0-000D-C291-A3D1-ACF3F233E58A}</externalVersion>
    </refPO>
</teamworks>

