<?xml version="1.0" encoding="UTF-8"?>
<teamworks>
    <refPO id="6027.3de7e7ce-f118-4658-b7dd-c8603d8aa9a0" name="CmAcmCASE_NEW_DEFAULT_PAGE">
        <lastModified>1717687054670</lastModified>
        <lastModifiedBy>cp4admin</lastModifiedBy>
        <tenantId isNull="true" />
        <refId>6027.3de7e7ce-f118-4658-b7dd-c8603d8aa9a0</refId>
        <description isNull="true" />
        <guid>guid:3de7e7ce-f118-4658-b7dd-c8603d8aa9a0</guid>
        <versionId>45c9d7c2-54eb-456f-90a7-20906ffee328</versionId>
        <createdByUserId>2048.2</createdByUserId>
        <createdOn>1717687042367</createdOn>
        <type>1</type>
        <externalId>{8F0D80B0-0004-CF24-B1FA-4EE212FB52D0}</externalId>
        <externalVersion>{8F0D80B0-0005-C495-BE19-165298BCB16C}</externalVersion>
    </refPO>
</teamworks>

