<?xml version="1.0" encoding="UTF-8"?>
<teamworks>
    <refPO id="6027.15819c04-7cb0-4276-9d3c-3f8f26aefd97" name="CmAcmSTEP_LAUNCH_DEFAULT_PAGE">
        <lastModified>1717687054670</lastModified>
        <lastModifiedBy>cp4admin</lastModifiedBy>
        <tenantId isNull="true" />
        <refId>6027.15819c04-7cb0-4276-9d3c-3f8f26aefd97</refId>
        <description isNull="true" />
        <guid>guid:15819c04-7cb0-4276-9d3c-3f8f26aefd97</guid>
        <versionId>7a868b19-a4a9-4b64-bfdd-b6665999cb28</versionId>
        <createdByUserId>2048.2</createdByUserId>
        <createdOn>1717687042366</createdOn>
        <type>1</type>
        <externalId>{8F0D80B0-0008-C7A4-A16A-C0D444F56100}</externalId>
        <externalVersion>{8F0D80B0-0008-CCB2-8E4D-FD4EAA36DBAC}</externalVersion>
    </refPO>
</teamworks>

