<?xml version="1.0" encoding="UTF-8"?>
<teamworks>
    <refPO id="6027.2648d3d6-03ff-4058-b95d-b5d3c3d2f558" name="Solution Definition">
        <lastModified>1718831947319</lastModified>
        <lastModifiedBy>cp4admin</lastModifiedBy>
        <tenantId isNull="true" />
        <refId>6027.2648d3d6-03ff-4058-b95d-b5d3c3d2f558</refId>
        <description isNull="true" />
        <guid>guid:2648d3d6-03ff-4058-b95d-b5d3c3d2f558</guid>
        <versionId>c6885cb3-8edc-422a-9568-d1463096e51f</versionId>
        <createdByUserId>2048.2</createdByUserId>
        <createdOn>1717687042367</createdOn>
        <type>1</type>
        <externalId>{8F0D80B0-0000-C400-9D2E-67388FC8F59E}</externalId>
        <externalVersion>{902FFB50-0000-C2DE-A0B6-86D8DB12EAB9}</externalVersion>
    </refPO>
</teamworks>

