<?xml version="1.0" encoding="UTF-8"?>
<teamworks>
    <refPO id="6027.f1affccd-4e5b-4999-8295-55eff7f34a87" name="Resources.js">
        <lastModified>1718831947319</lastModified>
        <lastModifiedBy>cp4admin</lastModifiedBy>
        <tenantId isNull="true" />
        <refId>6027.f1affccd-4e5b-4999-8295-55eff7f34a87</refId>
        <description isNull="true" />
        <guid>guid:f1affccd-4e5b-4999-8295-55eff7f34a87</guid>
        <versionId>b8eeda43-6939-4ff4-b45b-4347cdbb3fcf</versionId>
        <createdByUserId>2048.2</createdByUserId>
        <createdOn>1717687042367</createdOn>
        <type>1</type>
        <externalId>{8F337480-0001-C3B8-8F26-9F9A7A05FD91}</externalId>
        <externalVersion>{902A4560-0002-CDAB-9803-C8F50D4303AE}</externalVersion>
    </refPO>
</teamworks>

