<?xml version="1.0" encoding="UTF-8"?>
<teamworks>
    <refPO id="6027.1b1aabc0-a1db-4bb2-bd13-c2ec733448eb" name="CmAcmWORK_DEFAULT_PAGE">
        <lastModified>1717687054670</lastModified>
        <lastModifiedBy>cp4admin</lastModifiedBy>
        <tenantId isNull="true" />
        <refId>6027.1b1aabc0-a1db-4bb2-bd13-c2ec733448eb</refId>
        <description isNull="true" />
        <guid>guid:1b1aabc0-a1db-4bb2-bd13-c2ec733448eb</guid>
        <versionId>bab845ad-0456-4236-bbaa-214173756c8a</versionId>
        <createdByUserId>2048.2</createdByUserId>
        <createdOn>1717687042367</createdOn>
        <type>1</type>
        <externalId>{8F0D80B0-0009-C5B2-933D-23D8C93699A2}</externalId>
        <externalVersion>{8F0D80B0-0009-CA09-B5F0-9C9FF953B2F1}</externalVersion>
    </refPO>
</teamworks>

