<?xml version="1.0" encoding="UTF-8"?>
<teamworks>
    <refPO id="6027.244316fa-8abb-40f7-909e-cd70272e10b8" name="CmAcmCASEDETAILS_DEFAULT_ADAPTER_v2">
        <lastModified>1717687054670</lastModified>
        <lastModifiedBy>cp4admin</lastModifiedBy>
        <tenantId isNull="true" />
        <refId>6027.244316fa-8abb-40f7-909e-cd70272e10b8</refId>
        <description isNull="true" />
        <guid>guid:244316fa-8abb-40f7-909e-cd70272e10b8</guid>
        <versionId>e9012aec-c114-438e-b75f-29008fe706e9</versionId>
        <createdByUserId>2048.2</createdByUserId>
        <createdOn>1717687042367</createdOn>
        <type>1</type>
        <externalId>{8F0D80B0-000D-CBDA-B6E9-1C85850BBDCF}</externalId>
        <externalVersion>{8F0D80B0-000E-C06E-BE78-9FCAC9F91A43}</externalVersion>
    </refPO>
</teamworks>

