<?xml version="1.0" encoding="UTF-8"?>
<teamworks>
    <refPO id="6027.53794c3e-a997-4442-9ad9-8b1ff88d6176" name="CmAcmCASE_DEFAULT_PAGE">
        <lastModified>1717687054670</lastModified>
        <lastModifiedBy>cp4admin</lastModifiedBy>
        <tenantId isNull="true" />
        <refId>6027.53794c3e-a997-4442-9ad9-8b1ff88d6176</refId>
        <description isNull="true" />
        <guid>guid:53794c3e-a997-4442-9ad9-8b1ff88d6176</guid>
        <versionId>fb55a07d-0e4e-4832-bbc4-5049b18b0bd6</versionId>
        <createdByUserId>2048.2</createdByUserId>
        <createdOn>1717687042367</createdOn>
        <type>1</type>
        <externalId>{8F0D80B0-0004-C183-B84D-8740CB7FA208}</externalId>
        <externalVersion>{8F0D80B0-0004-C6A1-B36A-2050B6148F34}</externalVersion>
    </refPO>
</teamworks>

