<?xml version="1.0" encoding="UTF-8"?>
<teamworks>
    <refPO id="6027.91b7343b-13f7-4420-a96b-64b1bd8628b4" name="CmAcmSTEP_DYNAMIC_DEFAULT_PAGE">
        <lastModified>1717687054670</lastModified>
        <lastModifiedBy>cp4admin</lastModifiedBy>
        <tenantId isNull="true" />
        <refId>6027.91b7343b-13f7-4420-a96b-64b1bd8628b4</refId>
        <description isNull="true" />
        <guid>guid:91b7343b-13f7-4420-a96b-64b1bd8628b4</guid>
        <versionId>dc2bd9a4-55b7-4b0c-a4ce-80192e248dea</versionId>
        <createdByUserId>2048.2</createdByUserId>
        <createdOn>1717687042367</createdOn>
        <type>1</type>
        <externalId>{8F0D80B0-000A-C3D4-8B8F-C38A0A208370}</externalId>
        <externalVersion>{8F0D80B0-000A-C8BA-B513-BBF2ACE0089A}</externalVersion>
    </refPO>
</teamworks>

