<?xml version="1.0" encoding="UTF-8"?>
<teamworks>
    <managedAsset id="61.0d2cbf3d-5af6-41eb-97e5-0acf43a5dcfd" name="insurance-company-logo-template-design-a7990df4a415fb7a5d7.jpg">
        <lastModified>1714999059445</lastModified>
        <lastModifiedBy>cp4admin</lastModifiedBy>
        <tenantId isNull="true" />
        <managedAssetId>61.0d2cbf3d-5af6-41eb-97e5-0acf43a5dcfd</managedAssetId>
        <assetUuid>2677b31c-5e14-419f-88f0-ab8ae2712aba</assetUuid>
        <mimeType>image/jpeg</mimeType>
        <charEncoding isNull="true" />
        <assetTypeCode>W</assetTypeCode>
        <length>37931</length>
        <localLastModification>1714999044346</localLastModification>
        <description isNull="true" />
        <isDocumentationFile>false</isDocumentationFile>
        <guid>guid:0d2cbf3d-5af6-41eb-97e5-0acf43a5dcfd</guid>
        <versionId>15de05dd-1971-4dda-86db-3e81f919c33e</versionId>
    </managedAsset>
</teamworks>

