<?xml version="1.0" encoding="UTF-8"?>
<teamworks>
    <managedAsset id="61.01f92d39-b0aa-45db-b93b-1f5944d25093" name="deer.webp">
        <lastModified>1718713086683</lastModified>
        <lastModifiedBy>cp4admin</lastModifiedBy>
        <tenantId isNull="true" />
        <managedAssetId>61.01f92d39-b0aa-45db-b93b-1f5944d25093</managedAssetId>
        <assetUuid>a3d89231-a14c-47c6-9f09-b9f88d76e309</assetUuid>
        <mimeType isNull="true" />
        <charEncoding isNull="true" />
        <assetTypeCode>W</assetTypeCode>
        <length>35965</length>
        <localLastModification>1718712245179</localLastModification>
        <description isNull="true" />
        <isDocumentationFile>false</isDocumentationFile>
        <guid>guid:01f92d39-b0aa-45db-b93b-1f5944d25093</guid>
        <versionId>a8b68ee7-297b-4d0b-b75f-0f436dcb8618</versionId>
    </managedAsset>
</teamworks>

