<?xml version="1.0" encoding="UTF-8"?>
<teamworks>
    <managedAsset id="61.106f0780-294b-4b2f-ac3e-f6bd9ddb3b30" name="images.png">
        <lastModified>1714591456725</lastModified>
        <lastModifiedBy>cp4admin</lastModifiedBy>
        <tenantId isNull="true" />
        <managedAssetId>61.106f0780-294b-4b2f-ac3e-f6bd9ddb3b30</managedAssetId>
        <assetUuid>7037c07a-3488-4191-91c4-bf281807f2b0</assetUuid>
        <mimeType>image/png</mimeType>
        <charEncoding isNull="true" />
        <assetTypeCode>W</assetTypeCode>
        <length>3376</length>
        <localLastModification>1714591449551</localLastModification>
        <description isNull="true" />
        <isDocumentationFile>false</isDocumentationFile>
        <guid>guid:106f0780-294b-4b2f-ac3e-f6bd9ddb3b30</guid>
        <versionId>24fcb1d9-416b-4a65-9e79-a4fad4b330a8</versionId>
    </managedAsset>
</teamworks>

