<?xml version="1.0" encoding="UTF-8"?>
<teamworks>
    <managedAsset id="61.21d647d9-074a-4fd2-af43-bc8389d4b804" name="download.jpeg">
        <lastModified>1714461480026</lastModified>
        <lastModifiedBy>cp4admin</lastModifiedBy>
        <tenantId isNull="true" />
        <managedAssetId>61.21d647d9-074a-4fd2-af43-bc8389d4b804</managedAssetId>
        <assetUuid>0bc32f29-3a02-4834-8c31-5a14ade58cbb</assetUuid>
        <mimeType>image/jpeg</mimeType>
        <charEncoding isNull="true" />
        <assetTypeCode>W</assetTypeCode>
        <length>8994</length>
        <localLastModification>1714461469485</localLastModification>
        <description isNull="true" />
        <isDocumentationFile>false</isDocumentationFile>
        <guid>guid:21d647d9-074a-4fd2-af43-bc8389d4b804</guid>
        <versionId>17d4a670-2f40-40c9-baee-b10ce24d2c51</versionId>
    </managedAsset>
</teamworks>

