<?xml version="1.0" encoding="UTF-8"?>
<teamworks>
    <managedAsset id="61.2d7a3ed9-aa72-4d39-8e32-6667a95dde75" name="bf75f6bb-5b0d-4f69-be73-ed952b4cc74b.zip">
        <lastModified>1718723302555</lastModified>
        <lastModifiedBy>cp4admin</lastModifiedBy>
        <tenantId isNull="true" />
        <managedAssetId>61.2d7a3ed9-aa72-4d39-8e32-6667a95dde75</managedAssetId>
        <assetUuid>150adff9-3928-43d7-8090-0898de95cccc</assetUuid>
        <mimeType>application/zip</mimeType>
        <charEncoding isNull="true" />
        <assetTypeCode>T</assetTypeCode>
        <length>1179973</length>
        <localLastModification>0</localLastModification>
        <description isNull="true" />
        <isDocumentationFile>false</isDocumentationFile>
        <guid>guid:2d7a3ed9-aa72-4d39-8e32-6667a95dde75</guid>
        <versionId>63ad14d3-936e-4f0f-a6b8-4d86d9659a22</versionId>
    </managedAsset>
</teamworks>

