<?xml version="1.0" encoding="UTF-8"?>
<teamworks>
    <managedAsset id="61.37359093-8e20-458d-9997-b07edf994235" name="Animation - 1717018914008.gif">
        <lastModified>1717019154367</lastModified>
        <lastModifiedBy>cp4admin</lastModifiedBy>
        <tenantId isNull="true" />
        <managedAssetId>61.37359093-8e20-458d-9997-b07edf994235</managedAssetId>
        <assetUuid>06bf7de2-ca3c-4f01-9acd-76950a6a57a0</assetUuid>
        <mimeType>image/gif</mimeType>
        <charEncoding isNull="true" />
        <assetTypeCode>W</assetTypeCode>
        <length>528997</length>
        <localLastModification>1717018939018</localLastModification>
        <description isNull="true" />
        <isDocumentationFile>false</isDocumentationFile>
        <guid>guid:37359093-8e20-458d-9997-b07edf994235</guid>
        <versionId>d0a26654-30f9-4886-b997-368fe8f2c82a</versionId>
    </managedAsset>
</teamworks>

