<?xml version="1.0" encoding="UTF-8"?>
<teamworks>
    <managedAsset id="61.5441bfef-3209-417e-ae32-8bb17f29ad86" name="Animation - 1717018683191.gif">
        <lastModified>1717019165691</lastModified>
        <lastModifiedBy>cp4admin</lastModifiedBy>
        <tenantId isNull="true" />
        <managedAssetId>61.5441bfef-3209-417e-ae32-8bb17f29ad86</managedAssetId>
        <assetUuid>9991b148-7c14-4577-83d6-642e0137799a</assetUuid>
        <mimeType>image/gif</mimeType>
        <charEncoding isNull="true" />
        <assetTypeCode>W</assetTypeCode>
        <length>231812</length>
        <localLastModification>1717018753418</localLastModification>
        <description isNull="true" />
        <isDocumentationFile>false</isDocumentationFile>
        <guid>guid:5441bfef-3209-417e-ae32-8bb17f29ad86</guid>
        <versionId>66ca1745-2e94-4b56-88fa-1d571a074948</versionId>
    </managedAsset>
</teamworks>

