<?xml version="1.0" encoding="UTF-8"?>
<teamworks>
    <managedAsset id="61.64d0aa77-7b1b-4999-a744-606de5eabad4" name="fire.webp">
        <lastModified>1718713070799</lastModified>
        <lastModifiedBy>cp4admin</lastModifiedBy>
        <tenantId isNull="true" />
        <managedAssetId>61.64d0aa77-7b1b-4999-a744-606de5eabad4</managedAssetId>
        <assetUuid>55af657d-80ff-486f-828e-ecd037bb80d5</assetUuid>
        <mimeType isNull="true" />
        <charEncoding isNull="true" />
        <assetTypeCode>W</assetTypeCode>
        <length>359752</length>
        <localLastModification>1718712266751</localLastModification>
        <description isNull="true" />
        <isDocumentationFile>false</isDocumentationFile>
        <guid>guid:64d0aa77-7b1b-4999-a744-606de5eabad4</guid>
        <versionId>f1057cbc-9613-492e-abf8-3e83684c36b5</versionId>
    </managedAsset>
</teamworks>

