<?xml version="1.0" encoding="UTF-8"?>
<teamworks>
    <managedAsset id="61.b6259f4e-47bb-42f8-a7a0-9b1b3dab3d0e" name="mall-rear-end.webp">
        <lastModified>1718713110540</lastModified>
        <lastModifiedBy>cp4admin</lastModifiedBy>
        <tenantId isNull="true" />
        <managedAssetId>61.b6259f4e-47bb-42f8-a7a0-9b1b3dab3d0e</managedAssetId>
        <assetUuid>a4d6b620-70b7-453e-b2db-a4b2e14c634d</assetUuid>
        <mimeType isNull="true" />
        <charEncoding isNull="true" />
        <assetTypeCode>W</assetTypeCode>
        <length>37085</length>
        <localLastModification>1718711753637</localLastModification>
        <description isNull="true" />
        <isDocumentationFile>false</isDocumentationFile>
        <guid>guid:b6259f4e-47bb-42f8-a7a0-9b1b3dab3d0e</guid>
        <versionId>9a8172dd-6cb8-420c-b102-0396670227b4</versionId>
    </managedAsset>
</teamworks>

