<?xml version="1.0" encoding="UTF-8"?>
<teamworks>
    <managedAsset id="61.c2fd57de-34d8-46be-b0bc-dcbc0c068682" name="highway.webp">
        <lastModified>1718713045197</lastModified>
        <lastModifiedBy>cp4admin</lastModifiedBy>
        <tenantId isNull="true" />
        <managedAssetId>61.c2fd57de-34d8-46be-b0bc-dcbc0c068682</managedAssetId>
        <assetUuid>30521a29-8306-4ba6-bf18-e5b16066c2d3</assetUuid>
        <mimeType isNull="true" />
        <charEncoding isNull="true" />
        <assetTypeCode>W</assetTypeCode>
        <length>54176</length>
        <localLastModification>1718711709445</localLastModification>
        <description isNull="true" />
        <isDocumentationFile>false</isDocumentationFile>
        <guid>guid:c2fd57de-34d8-46be-b0bc-dcbc0c068682</guid>
        <versionId>c1a02667-7fd5-49ed-9128-1e6c538a21c5</versionId>
    </managedAsset>
</teamworks>

