<?xml version="1.0" encoding="UTF-8"?>
<teamworks>
    <managedAsset id="61.dde35165-081e-4a18-b85b-4d8abb3c8b79" name="Animation - 1718788615915.gif">
        <lastModified>1718788795331</lastModified>
        <lastModifiedBy>cp4admin</lastModifiedBy>
        <tenantId isNull="true" />
        <managedAssetId>61.dde35165-081e-4a18-b85b-4d8abb3c8b79</managedAssetId>
        <assetUuid>5eef39e4-0a9c-48f1-8270-6891d1087b2f</assetUuid>
        <mimeType>image/gif</mimeType>
        <charEncoding isNull="true" />
        <assetTypeCode>W</assetTypeCode>
        <length>797431</length>
        <localLastModification>1718788675182</localLastModification>
        <description isNull="true" />
        <isDocumentationFile>false</isDocumentationFile>
        <guid>guid:dde35165-081e-4a18-b85b-4d8abb3c8b79</guid>
        <versionId>39a1da9c-bccb-4c40-80b5-03019b8afc9b</versionId>
    </managedAsset>
</teamworks>

