<?xml version="1.0" encoding="UTF-8"?>
<teamworks>
    <managedAsset id="61.d0addf02-91cd-4cb4-9db9-7e933b2fe0a0" name="text-file-icon.png">
        <lastModified>1714393334040</lastModified>
        <lastModifiedBy>cp4admin</lastModifiedBy>
        <tenantId isNull="true" />
        <managedAssetId>61.d0addf02-91cd-4cb4-9db9-7e933b2fe0a0</managedAssetId>
        <assetUuid>a7d9787a-8f75-4355-a4b0-ec4c97ad55b2</assetUuid>
        <mimeType>image/png</mimeType>
        <charEncoding isNull="true" />
        <assetTypeCode>W</assetTypeCode>
        <length>11608</length>
        <localLastModification>1714393325119</localLastModification>
        <description isNull="true" />
        <isDocumentationFile>false</isDocumentationFile>
        <guid>guid:d0addf02-91cd-4cb4-9db9-7e933b2fe0a0</guid>
        <versionId>b8ae1820-05d1-490a-ab59-c78869fa3b49</versionId>
    </managedAsset>
</teamworks>

