<?xml version="1.0" encoding="UTF-8"?>
<teamworks>
    <managedAsset id="61.e2f9fe95-88d4-47d7-876a-db9c9412716a" name="watsonSpinSlow.gif">
        <lastModified>1714607693088</lastModified>
        <lastModifiedBy>cp4admin</lastModifiedBy>
        <tenantId isNull="true" />
        <managedAssetId>61.e2f9fe95-88d4-47d7-876a-db9c9412716a</managedAssetId>
        <assetUuid>8bd39f89-72fc-42fa-99fe-d0ddc9eef9b5</assetUuid>
        <mimeType>image/gif</mimeType>
        <charEncoding isNull="true" />
        <assetTypeCode>W</assetTypeCode>
        <length>1128178</length>
        <localLastModification>1714607664327</localLastModification>
        <description isNull="true" />
        <isDocumentationFile>false</isDocumentationFile>
        <guid>guid:e2f9fe95-88d4-47d7-876a-db9c9412716a</guid>
        <versionId>c80e07d1-c44a-4d6e-bd00-770dda854fc5</versionId>
    </managedAsset>
</teamworks>

