<?xml version="1.0" encoding="UTF-8"?>
<teamworks>
    <managedAsset id="61.f17cb428-076e-4d17-b03d-407e2ed6c3d8" name="Insurance-Logo-Illustration-Vector-Graphics-9057877-1.jpg">
        <lastModified>1713920396381</lastModified>
        <lastModifiedBy>cp4admin</lastModifiedBy>
        <tenantId isNull="true" />
        <managedAssetId>61.f17cb428-076e-4d17-b03d-407e2ed6c3d8</managedAssetId>
        <assetUuid>5f9b9474-d73a-4b3c-8964-66e432b9a999</assetUuid>
        <mimeType>image/jpeg</mimeType>
        <charEncoding isNull="true" />
        <assetTypeCode>W</assetTypeCode>
        <length>39652</length>
        <localLastModification>1713920390101</localLastModification>
        <description isNull="true" />
        <isDocumentationFile>false</isDocumentationFile>
        <guid>guid:f17cb428-076e-4d17-b03d-407e2ed6c3d8</guid>
        <versionId>b8adaa35-2e9f-4e7a-9d66-5cd9d7921dc0</versionId>
    </managedAsset>
</teamworks>

