<?xml version="1.0" encoding="UTF-8"?>
<teamworks>
    <environmentVariableSet id="62.9226db6a-3a86-4e59-9a76-15096d9f4483" name="Environment Variables">
        <lastModified>1717688852470</lastModified>
        <lastModifiedBy>cp4admin</lastModifiedBy>
        <tenantId isNull="true" />
        <envVarSetId>62.9226db6a-3a86-4e59-9a76-15096d9f4483</envVarSetId>
        <description isNull="true" />
        <guid>guid:9226db6a-3a86-4e59-9a76-15096d9f4483</guid>
        <versionId>28731ec0-253b-40cd-9cd8-0c86e43299b2</versionId>
        <envVar name="icnrepo">
            <lastModified isNull="true" />
            <lastModifiedBy isNull="true" />
            <tenantId isNull="true" />
            <envVarId>2094.8fd5988d-7d47-4f6a-89a7-e636debc6494</envVarId>
            <envVarSetId>62.9226db6a-3a86-4e59-9a76-15096d9f4483</envVarSetId>
            <envVarTypeId>2106.0</envVarTypeId>
            <defaultValue>icntarget</defaultValue>
            <description isNull="true" />
            <guid>guid:3314617d-7b0a-47b9-a85f-b50ea5217f23</guid>
            <versionId>827ef435-d616-448c-baca-aad9ffbcf693</versionId>
        </envVar>
        <envVar name="repo">
            <lastModified isNull="true" />
            <lastModifiedBy isNull="true" />
            <tenantId isNull="true" />
            <envVarId>2094.ad1eaaaf-895c-4de5-83dd-334f34f75c7c</envVarId>
            <envVarSetId>62.9226db6a-3a86-4e59-9a76-15096d9f4483</envVarSetId>
            <envVarTypeId>2106.0</envVarTypeId>
            <defaultValue>TARGET</defaultValue>
            <description isNull="true" />
            <guid>guid:917fcb4e-74bb-4540-8cab-7a48d5b5bacf</guid>
            <versionId>4a9592a7-5261-4906-bd54-081ff5cc4b75</versionId>
        </envVar>
        <envVar name="Service">
            <lastModified isNull="true" />
            <lastModifiedBy isNull="true" />
            <tenantId isNull="true" />
            <envVarId>2094.66a65ca3-1449-4558-8c29-86bdd6d91fdd</envVarId>
            <envVarSetId>62.9226db6a-3a86-4e59-9a76-15096d9f4483</envVarSetId>
            <envVarTypeId>2106.0</envVarTypeId>
            <defaultValue>https://cpd-cp4ba-starter.apps.665f1d59437f66001e444d25.cloud.techzone.ibm.com/content-services-graphql/graphql</defaultValue>
            <description isNull="true" />
            <guid>guid:cabed7b3-c2aa-4424-aa23-c8fa3ee03019</guid>
            <versionId>1bf9d7d5-9ae8-4e13-94e9-985395923b4d</versionId>
        </envVar>
        <envVar name="Language">
            <lastModified isNull="true" />
            <lastModifiedBy isNull="true" />
            <tenantId isNull="true" />
            <envVarId>2094.045cb7a8-7ccb-49f3-8476-9d39ae3c2a6d</envVarId>
            <envVarSetId>62.9226db6a-3a86-4e59-9a76-15096d9f4483</envVarSetId>
            <envVarTypeId>2106.0</envVarTypeId>
            <defaultValue>English</defaultValue>
            <description isNull="true" />
            <guid>guid:5ea591b8-44e9-4501-b0c5-16fb96f34838</guid>
            <versionId>583b8a1c-8030-4c00-8095-28a039c3276b</versionId>
        </envVar>
    </environmentVariableSet>
</teamworks>

