<?xml version="1.0" encoding="UTF-8"?>
<teamworks>
    <projectDefaults id="63.8adde85f-4d9d-43ae-ac03-76eebb4ba103" name="Process App Settings">
        <lastModified>1717688852470</lastModified>
        <lastModifiedBy>cp4admin</lastModifiedBy>
        <tenantId isNull="true" />
        <projectDefaultsId>63.8adde85f-4d9d-43ae-ac03-76eebb4ba103</projectDefaultsId>
        <description isNull="true" />
        <guid>guid:8adde85f-4d9d-43ae-ac03-76eebb4ba103</guid>
        <versionId>1ed27fc2-dac6-4e53-ac14-22dd28c47297</versionId>
        <participantRef isNull="true" />
        <defaultXslRef isNull="true" />
        <defaultCssRef isNull="true" />
        <defaultTheme>/72.bf75f6bb-5b0d-4f69-be73-ed952b4cc74b</defaultTheme>
        <themeVersion isNull="true" />
        <defaultJsRefs isNull="true" />
        <isWbmEnabled>false</isWbmEnabled>
        <namespace>http://PA</namespace>
        <isIidOptimized>true</isIidOptimized>
        <isQueueBypass>1</isQueueBypass>
        <templateAcronymReference isNull="true" />
        <templateSnapshotReference isNull="true" />
        <targetEnvironment>BAW_CP4A</targetEnvironment>
        <subtype isNull="true" />
        <capability isNull="true" />
    </projectDefaults>
</teamworks>

