<?xml version="1.0" encoding="UTF-8"?>
<teamworks>
    <coachView id="64.48021431-f6ec-489b-a489-815eaee96743" name="Transcripts">
        <lastModified>1718712456381</lastModified>
        <lastModifiedBy>cp4admin</lastModifiedBy>
        <tenantId isNull="true" />
        <coachViewId>64.48021431-f6ec-489b-a489-815eaee96743</coachViewId>
        <isTemplate>false</isTemplate>
        <layout>&lt;?xml version="1.0" encoding="UTF-8" standalone="yes"?&gt;&lt;ns2:layout xmlns:ns2="http://www.ibm.com/bpm/CoachDesignerNG" xmlns:ns3="http://www.ibm.com/bpm/coachview"&gt;&lt;ns2:layoutItem xsi:type="ns2:ViewRef" version="8550" xmlns:xsi="http://www.w3.org/2001/XMLSchema-instance"&gt;&lt;ns2:id&gt;aeaa9993-4af4-4e65-8c52-57b08cb0b5f4&lt;/ns2:id&gt;&lt;ns2:layoutItemId&gt;Vertical_Layout1&lt;/ns2:layoutItemId&gt;&lt;ns2:configData&gt;&lt;ns2:id&gt;af42cc3f-77ea-46a8-8f20-832f6358eeb7&lt;/ns2:id&gt;&lt;ns2:optionName&gt;@label&lt;/ns2:optionName&gt;&lt;ns2:value&gt;Vertical layout&lt;/ns2:value&gt;&lt;/ns2:configData&gt;&lt;ns2:configData&gt;&lt;ns2:id&gt;d9295bea-c223-40f0-88a0-5fa7bce2696c&lt;/ns2:id&gt;&lt;ns2:optionName&gt;@helpText&lt;/ns2:optionName&gt;&lt;ns2:value&gt;&lt;/ns2:value&gt;&lt;/ns2:configData&gt;&lt;ns2:configData&gt;&lt;ns2:id&gt;1568cac2-c39c-40d4-8b9f-15da870358fe&lt;/ns2:id&gt;&lt;ns2:optionName&gt;@labelVisibility&lt;/ns2:optionName&gt;&lt;ns2:value&gt;SHOW&lt;/ns2:value&gt;&lt;/ns2:configData&gt;&lt;ns2:configData&gt;&lt;ns2:id&gt;865bc4b3-3cd0-4adf-81ae-e636b23f6e5e&lt;/ns2:id&gt;&lt;ns2:optionName&gt;layoutFlow&lt;/ns2:optionName&gt;&lt;ns2:value&gt;{"isResponsiveData":true,"values":[{"deviceConfigID":"LargeID","value":"Y"}]}&lt;/ns2:value&gt;&lt;/ns2:configData&gt;&lt;ns2:configData&gt;&lt;ns2:id&gt;13a4d64b-0cfe-4920-8d3b-b4c4a931ddb1&lt;/ns2:id&gt;&lt;ns2:optionName&gt;hAlignment&lt;/ns2:optionName&gt;&lt;ns2:value&gt;{"isResponsiveData":true,"values":[{"deviceConfigID":"LargeID","value":"J"}]}&lt;/ns2:value&gt;&lt;/ns2:configData&gt;&lt;ns2:configData&gt;&lt;ns2:id&gt;b8251338-99e6-4402-8a2b-feb74c93e55e&lt;/ns2:id&gt;&lt;ns2:optionName&gt;@htmlOverrides&lt;/ns2:optionName&gt;&lt;ns2:value&gt;"style":"padding:15px"&lt;/ns2:value&gt;&lt;/ns2:configData&gt;&lt;ns2:viewUUID&gt;64.ef447b87-24a2-42a7-b2b9-cd471e9f7b67&lt;/ns2:viewUUID&gt;&lt;ns2:binding&gt;tw.businessData.Doc[]&lt;/ns2:binding&gt;&lt;ns2:contentBoxContrib&gt;&lt;ns2:id&gt;3ea26415-4d40-4a7b-81c9-9164b003be79&lt;/ns2:id&gt;&lt;ns2:contentBoxId&gt;ContentBox1&lt;/ns2:contentBoxId&gt;&lt;ns2:contributions xsi:type="ns2:ViewRef" version="8550"&gt;&lt;ns2:id&gt;d5cfa64e-d0d0-4f5c-878d-0a6505ed05c5&lt;/ns2:id&gt;&lt;ns2:layoutItemId&gt;Horizontal_Layout1&lt;/ns2:layoutItemId&gt;&lt;ns2:configData&gt;&lt;ns2:id&gt;49af00f7-6fdb-4647-85ae-6827e711937a&lt;/ns2:id&gt;&lt;ns2:optionName&gt;@label&lt;/ns2:optionName&gt;&lt;ns2:value&gt;Horizontal layout&lt;/ns2:value&gt;&lt;/ns2:configData&gt;&lt;ns2:configData&gt;&lt;ns2:id&gt;5b1fc313-3afd-490d-8b20-d9e869b7e57f&lt;/ns2:id&gt;&lt;ns2:optionName&gt;@helpText&lt;/ns2:optionName&gt;&lt;ns2:value&gt;&lt;/ns2:value&gt;&lt;/ns2:configData&gt;&lt;ns2:configData&gt;&lt;ns2:id&gt;8b6ec1f3-acb3-4e9c-8a50-58bb4e27bb31&lt;/ns2:id&gt;&lt;ns2:optionName&gt;@labelVisibility&lt;/ns2:optionName&gt;&lt;ns2:value&gt;SHOW&lt;/ns2:value&gt;&lt;/ns2:configData&gt;&lt;ns2:configData&gt;&lt;ns2:id&gt;213e1965-8cb3-4c67-8384-2bfc2db009e5&lt;/ns2:id&gt;&lt;ns2:optionName&gt;layoutFlow&lt;/ns2:optionName&gt;&lt;ns2:value&gt;{"isResponsiveData":true,"values":[{"deviceConfigID":"LargeID","value":"I"}]}&lt;/ns2:value&gt;&lt;/ns2:configData&gt;&lt;ns2:configData&gt;&lt;ns2:id&gt;d28c6bb0-be28-41a5-866d-e6f502b4f355&lt;/ns2:id&gt;&lt;ns2:optionName&gt;width&lt;/ns2:optionName&gt;&lt;ns2:value&gt;{"isResponsiveData":true,"values":[]}&lt;/ns2:value&gt;&lt;/ns2:configData&gt;&lt;ns2:configData&gt;&lt;ns2:id&gt;92f41d43-9719-42ec-8827-461b220e337a&lt;/ns2:id&gt;&lt;ns2:optionName&gt;@htmlOverrides&lt;/ns2:optionName&gt;&lt;ns2:value&gt;&lt;/ns2:value&gt;&lt;/ns2:configData&gt;&lt;ns2:configData&gt;&lt;ns2:id&gt;07086b79-0500-434c-860f-cec85480726f&lt;/ns2:id&gt;&lt;ns2:optionName&gt;@className&lt;/ns2:optionName&gt;&lt;ns2:value&gt;myDiv&lt;/ns2:value&gt;&lt;/ns2:configData&gt;&lt;ns2:configData&gt;&lt;ns2:id&gt;5b851696-c3d8-443e-82ce-61958c80323b&lt;/ns2:id&gt;&lt;ns2:optionName&gt;hAlignment&lt;/ns2:optionName&gt;&lt;ns2:value&gt;{"isResponsiveData":true,"values":[{"deviceConfigID":"LargeID","value":"J"}]}&lt;/ns2:value&gt;&lt;/ns2:configData&gt;&lt;ns2:viewUUID&gt;64.44f463cc-615b-43d0-834f-c398a82e0363&lt;/ns2:viewUUID&gt;&lt;ns2:binding&gt;&lt;/ns2:binding&gt;&lt;ns2:contentBoxContrib&gt;&lt;ns2:id&gt;f7bdc344-82ac-4bfa-8b60-f21cf8649003&lt;/ns2:id&gt;&lt;ns2:contentBoxId&gt;ContentBox1&lt;/ns2:contentBoxId&gt;&lt;ns2:contributions xsi:type="ns2:ViewRef" version="8550"&gt;&lt;ns2:id&gt;7ded3b0e-52ac-48ac-8877-63ce1ea44908&lt;/ns2:id&gt;&lt;ns2:layoutItemId&gt;Image2&lt;/ns2:layoutItemId&gt;&lt;ns2:configData&gt;&lt;ns2:id&gt;f7b4ca42-29e2-4581-8e03-274090eda38e&lt;/ns2:id&gt;&lt;ns2:optionName&gt;@label&lt;/ns2:optionName&gt;&lt;ns2:value&gt;Image 2&lt;/ns2:value&gt;&lt;/ns2:configData&gt;&lt;ns2:configData&gt;&lt;ns2:id&gt;2795cd92-cf64-42f0-8552-f05bf4c8b5fd&lt;/ns2:id&gt;&lt;ns2:optionName&gt;@helpText&lt;/ns2:optionName&gt;&lt;ns2:value&gt;&lt;/ns2:value&gt;&lt;/ns2:configData&gt;&lt;ns2:configData&gt;&lt;ns2:id&gt;96d4974e-f36f-4f22-8c8b-7a92378d8bd0&lt;/ns2:id&gt;&lt;ns2:optionName&gt;@labelVisibility&lt;/ns2:optionName&gt;&lt;ns2:value&gt;SHOW&lt;/ns2:value&gt;&lt;/ns2:configData&gt;&lt;ns2:configData&gt;&lt;ns2:id&gt;e3fe2f38-8086-4e3d-8fa4-1fd98a75cd0a&lt;/ns2:id&gt;&lt;ns2:optionName&gt;width&lt;/ns2:optionName&gt;&lt;ns2:value&gt;{"isResponsiveData":true,"values":[{"deviceConfigID":"LargeID","value":"60px"}]}&lt;/ns2:value&gt;&lt;/ns2:configData&gt;&lt;ns2:configData&gt;&lt;ns2:id&gt;82679d09-619a-42b8-8f27-38398e331a21&lt;/ns2:id&gt;&lt;ns2:optionName&gt;eventON_CLICK&lt;/ns2:optionName&gt;&lt;ns2:value&gt;var _this= parentView;
var position = me.ui.getIndex();
console.log("Index of the row: "+position);
_this.executeEventHandlingFunction(_this,"onPosition",position);
_this.executeEventHandlingFunction(_this,"onDocumentSelected",me.ui.getSibling("DocIDData").getData());
_this.executeEventHandlingFunction(_this,"onDocInfo",me.ui.getSibling("DocInfo").getData());&lt;/ns2:value&gt;&lt;/ns2:configData&gt;&lt;ns2:viewUUID&gt;64.49422be7-d203-44dc-951d-7ca4361d7b94&lt;/ns2:viewUUID&gt;&lt;ns2:binding&gt;61.37359093-8e20-458d-9997-b07edf994235&lt;/ns2:binding&gt;&lt;/ns2:contributions&gt;&lt;ns2:contributions xsi:type="ns2:ViewRef" version="8550"&gt;&lt;ns2:id&gt;17b1adce-e653-4d68-89bb-6630d103c5bd&lt;/ns2:id&gt;&lt;ns2:layoutItemId&gt;Output_Text1&lt;/ns2:layoutItemId&gt;&lt;ns2:configData&gt;&lt;ns2:id&gt;842fa979-5a8c-401f-8f72-04834459a303&lt;/ns2:id&gt;&lt;ns2:optionName&gt;@label&lt;/ns2:optionName&gt;&lt;ns2:value&gt;Display text&lt;/ns2:value&gt;&lt;/ns2:configData&gt;&lt;ns2:configData&gt;&lt;ns2:id&gt;981bf886-31d9-4ddb-83e3-3ed4c9a3c277&lt;/ns2:id&gt;&lt;ns2:optionName&gt;@helpText&lt;/ns2:optionName&gt;&lt;ns2:value&gt;&lt;/ns2:value&gt;&lt;/ns2:configData&gt;&lt;ns2:configData&gt;&lt;ns2:id&gt;41d5fa97-9706-4a3e-8df6-001688562b85&lt;/ns2:id&gt;&lt;ns2:optionName&gt;@labelVisibility&lt;/ns2:optionName&gt;&lt;ns2:value&gt;HIDE&lt;/ns2:value&gt;&lt;/ns2:configData&gt;&lt;ns2:configData&gt;&lt;ns2:id&gt;1218296c-8f53-4e4b-8e43-dc86a793c1ed&lt;/ns2:id&gt;&lt;ns2:optionName&gt;width&lt;/ns2:optionName&gt;&lt;ns2:value&gt;{"isResponsiveData":true,"values":[{"deviceConfigID":"LargeID","value":"80%"}]}&lt;/ns2:value&gt;&lt;/ns2:configData&gt;&lt;ns2:configData&gt;&lt;ns2:id&gt;b3d9bb37-46c3-4583-8a20-387e45970592&lt;/ns2:id&gt;&lt;ns2:optionName&gt;textWrap&lt;/ns2:optionName&gt;&lt;ns2:value&gt;{"isResponsiveData":true,"values":[{"deviceConfigID":"LargeID","value":"K"}]}&lt;/ns2:value&gt;&lt;/ns2:configData&gt;&lt;ns2:viewUUID&gt;64.f634f22e-7800-4bd7-9f1e-87177acfb3bc&lt;/ns2:viewUUID&gt;&lt;ns2:binding&gt;tw.businessData.Doc.currentItem.Title&lt;/ns2:binding&gt;&lt;/ns2:contributions&gt;&lt;ns2:contributions xsi:type="ns2:ViewRef" version="8550"&gt;&lt;ns2:id&gt;a7b19a50-447c-4c3f-8d00-18fd9bee0285&lt;/ns2:id&gt;&lt;ns2:layoutItemId&gt;Output_Text2&lt;/ns2:layoutItemId&gt;&lt;ns2:configData&gt;&lt;ns2:id&gt;4e995690-ef66-4e74-88e1-76b2bb3e1d59&lt;/ns2:id&gt;&lt;ns2:optionName&gt;@label&lt;/ns2:optionName&gt;&lt;ns2:value&gt;Display text 2&lt;/ns2:value&gt;&lt;/ns2:configData&gt;&lt;ns2:configData&gt;&lt;ns2:id&gt;bfec13f8-6dd4-40d2-8e0d-a4981bcd9bd0&lt;/ns2:id&gt;&lt;ns2:optionName&gt;@helpText&lt;/ns2:optionName&gt;&lt;ns2:value&gt;&lt;/ns2:value&gt;&lt;/ns2:configData&gt;&lt;ns2:configData&gt;&lt;ns2:id&gt;4c607d93-a96e-45fd-855c-aec0d5d5a5f3&lt;/ns2:id&gt;&lt;ns2:optionName&gt;@labelVisibility&lt;/ns2:optionName&gt;&lt;ns2:value&gt;HIDE&lt;/ns2:value&gt;&lt;/ns2:configData&gt;&lt;ns2:configData&gt;&lt;ns2:id&gt;510fef34-6d3b-4032-8f42-e3e62170e306&lt;/ns2:id&gt;&lt;ns2:optionName&gt;allowHTML&lt;/ns2:optionName&gt;&lt;ns2:value&gt;true&lt;/ns2:value&gt;&lt;/ns2:configData&gt;&lt;ns2:configData&gt;&lt;ns2:id&gt;aecc292b-c457-4da0-8e28-40a931cf7b97&lt;/ns2:id&gt;&lt;ns2:optionName&gt;expression&lt;/ns2:optionName&gt;&lt;ns2:value&gt;"Reception Date"&lt;/ns2:value&gt;&lt;/ns2:configData&gt;&lt;ns2:configData&gt;&lt;ns2:id&gt;385f5dec-9381-4d60-8d36-bb50fed9e958&lt;/ns2:id&gt;&lt;ns2:optionName&gt;width&lt;/ns2:optionName&gt;&lt;ns2:value&gt;{"isResponsiveData":true,"values":[{"deviceConfigID":"LargeID","value":""}]}&lt;/ns2:value&gt;&lt;/ns2:configData&gt;&lt;ns2:configData&gt;&lt;ns2:id&gt;9ffb24cc-912f-4f05-8691-e190c6c31322&lt;/ns2:id&gt;&lt;ns2:optionName&gt;textWrap&lt;/ns2:optionName&gt;&lt;ns2:value&gt;{"isResponsiveData":true,"values":[{"deviceConfigID":"LargeID","value":"K"}]}&lt;/ns2:value&gt;&lt;/ns2:configData&gt;&lt;ns2:viewUUID&gt;64.f634f22e-7800-4bd7-9f1e-87177acfb3bc&lt;/ns2:viewUUID&gt;&lt;ns2:binding&gt;&lt;/ns2:binding&gt;&lt;/ns2:contributions&gt;&lt;ns2:contributions xsi:type="ns2:ViewRef" version="8550"&gt;&lt;ns2:id&gt;483a5b37-7e34-47ad-898a-34ffd92885dd&lt;/ns2:id&gt;&lt;ns2:layoutItemId&gt;DocInfo&lt;/ns2:layoutItemId&gt;&lt;ns2:configData&gt;&lt;ns2:id&gt;d2656685-1e0a-4a2a-88c8-cd299c1a5bb5&lt;/ns2:id&gt;&lt;ns2:optionName&gt;@label&lt;/ns2:optionName&gt;&lt;ns2:value&gt;DocInfo&lt;/ns2:value&gt;&lt;/ns2:configData&gt;&lt;ns2:configData&gt;&lt;ns2:id&gt;7d357373-1283-4de7-8675-e03397da33e6&lt;/ns2:id&gt;&lt;ns2:optionName&gt;@helpText&lt;/ns2:optionName&gt;&lt;ns2:value&gt;&lt;/ns2:value&gt;&lt;/ns2:configData&gt;&lt;ns2:configData&gt;&lt;ns2:id&gt;25742989-fdaa-4c9e-821e-c035d059fddf&lt;/ns2:id&gt;&lt;ns2:optionName&gt;@labelVisibility&lt;/ns2:optionName&gt;&lt;ns2:value&gt;SHOW&lt;/ns2:value&gt;&lt;/ns2:configData&gt;&lt;ns2:configData&gt;&lt;ns2:id&gt;a6db0432-e8c8-4365-8a09-a7483ba25e72&lt;/ns2:id&gt;&lt;ns2:optionName&gt;@visibility&lt;/ns2:optionName&gt;&lt;ns2:value&gt;{"isResponsiveData":true,"values":[{"deviceConfigID":"LargeID","value":"NONE"}]}&lt;/ns2:value&gt;&lt;/ns2:configData&gt;&lt;ns2:viewUUID&gt;64.9b679256-e93b-4400-89f2-bd15b0c5578d&lt;/ns2:viewUUID&gt;&lt;ns2:binding&gt;tw.businessData.Doc.currentItem&lt;/ns2:binding&gt;&lt;/ns2:contributions&gt;&lt;ns2:contributions xsi:type="ns2:ViewRef" version="8550"&gt;&lt;ns2:id&gt;1bc0ae24-f9c3-4ab3-8d7e-ef9ebbf83ade&lt;/ns2:id&gt;&lt;ns2:layoutItemId&gt;DocIDData&lt;/ns2:layoutItemId&gt;&lt;ns2:configData&gt;&lt;ns2:id&gt;5d931d96-4968-4b5e-8b1b-aabf01e4de07&lt;/ns2:id&gt;&lt;ns2:optionName&gt;@label&lt;/ns2:optionName&gt;&lt;ns2:value&gt;Data 2&lt;/ns2:value&gt;&lt;/ns2:configData&gt;&lt;ns2:configData&gt;&lt;ns2:id&gt;c439b31d-b860-44fb-82ec-519d22c50a50&lt;/ns2:id&gt;&lt;ns2:optionName&gt;@helpText&lt;/ns2:optionName&gt;&lt;ns2:value&gt;&lt;/ns2:value&gt;&lt;/ns2:configData&gt;&lt;ns2:configData&gt;&lt;ns2:id&gt;f75d04ce-fcd8-4252-81b1-2074d0b9523b&lt;/ns2:id&gt;&lt;ns2:optionName&gt;@labelVisibility&lt;/ns2:optionName&gt;&lt;ns2:value&gt;SHOW&lt;/ns2:value&gt;&lt;/ns2:configData&gt;&lt;ns2:configData&gt;&lt;ns2:id&gt;249574a0-1754-44c8-8b90-99105d06b9e3&lt;/ns2:id&gt;&lt;ns2:optionName&gt;@visibility&lt;/ns2:optionName&gt;&lt;ns2:value&gt;{"isResponsiveData":true,"values":[{"deviceConfigID":"LargeID","value":"NONE"}]}&lt;/ns2:value&gt;&lt;/ns2:configData&gt;&lt;ns2:viewUUID&gt;64.9b679256-e93b-4400-89f2-bd15b0c5578d&lt;/ns2:viewUUID&gt;&lt;ns2:binding&gt;tw.businessData.Doc.currentItem.ID&lt;/ns2:binding&gt;&lt;/ns2:contributions&gt;&lt;ns2:contributions xsi:type="ns2:ViewRef" version="8550"&gt;&lt;ns2:id&gt;59cbd024-c669-4325-874b-0cf33a7ea336&lt;/ns2:id&gt;&lt;ns2:layoutItemId&gt;Data1&lt;/ns2:layoutItemId&gt;&lt;ns2:configData&gt;&lt;ns2:id&gt;2ab6f82f-00f5-4c20-8ba7-d123c30b14f0&lt;/ns2:id&gt;&lt;ns2:optionName&gt;@label&lt;/ns2:optionName&gt;&lt;ns2:value&gt;ReceptionDate&lt;/ns2:value&gt;&lt;/ns2:configData&gt;&lt;ns2:configData&gt;&lt;ns2:id&gt;69071223-6f79-4d8a-8535-f9a6ed4b72ae&lt;/ns2:id&gt;&lt;ns2:optionName&gt;@helpText&lt;/ns2:optionName&gt;&lt;ns2:value&gt;&lt;/ns2:value&gt;&lt;/ns2:configData&gt;&lt;ns2:configData&gt;&lt;ns2:id&gt;59b244c3-3dcf-4d12-8c31-96902476406b&lt;/ns2:id&gt;&lt;ns2:optionName&gt;@labelVisibility&lt;/ns2:optionName&gt;&lt;ns2:value&gt;SHOW&lt;/ns2:value&gt;&lt;/ns2:configData&gt;&lt;ns2:configData&gt;&lt;ns2:id&gt;3219032e-fc35-4067-8e41-5fe0ce3a6418&lt;/ns2:id&gt;&lt;ns2:optionName&gt;expression&lt;/ns2:optionName&gt;&lt;ns2:value&gt;&lt;/ns2:value&gt;&lt;/ns2:configData&gt;&lt;ns2:configData&gt;&lt;ns2:id&gt;395bbf63-e0ea-46ed-8485-3cfa51e4ea2b&lt;/ns2:id&gt;&lt;ns2:optionName&gt;eventON_LOAD&lt;/ns2:optionName&gt;&lt;ns2:value&gt;if(me.getData()!=null) {
var text =  me.getData().getDate() +"/"+ (me.getData().getMonth()+1) + "/" +me.getData().getFullYear();
me.ui.getSibling("Output_Text2").setText(text);
}&lt;/ns2:value&gt;&lt;/ns2:configData&gt;&lt;ns2:configData&gt;&lt;ns2:id&gt;a8efdd83-ae69-4e59-8d86-2f3671bf4a84&lt;/ns2:id&gt;&lt;ns2:optionName&gt;eventON_CHANGE&lt;/ns2:optionName&gt;&lt;ns2:value&gt;if(me.getData()!=null) {
var text =  me.getData().getDate() +"/"+ (me.getData().getMonth()+1) + "/" +me.getData().getFullYear();
me.ui.getSibling("Output_Text2").setText(text);
}&lt;/ns2:value&gt;&lt;/ns2:configData&gt;&lt;ns2:configData&gt;&lt;ns2:id&gt;db5f0780-b5c9-4b55-87fa-17b2bb519d72&lt;/ns2:id&gt;&lt;ns2:optionName&gt;@visibility&lt;/ns2:optionName&gt;&lt;ns2:value&gt;{"isResponsiveData":true,"values":[{"deviceConfigID":"LargeID","value":"NONE"}]}&lt;/ns2:value&gt;&lt;/ns2:configData&gt;&lt;ns2:viewUUID&gt;64.9b679256-e93b-4400-89f2-bd15b0c5578d&lt;/ns2:viewUUID&gt;&lt;ns2:binding&gt;tw.businessData.Doc.currentItem.ReceptionDate&lt;/ns2:binding&gt;&lt;/ns2:contributions&gt;&lt;/ns2:contentBoxContrib&gt;&lt;/ns2:contributions&gt;&lt;/ns2:contentBoxContrib&gt;&lt;/ns2:layoutItem&gt;&lt;ns2:layoutItem xsi:type="ns2:ViewRef" version="8550" xmlns:xsi="http://www.w3.org/2001/XMLSchema-instance"&gt;&lt;ns2:id&gt;a52577c9-6b9b-4363-8627-e031f7431c95&lt;/ns2:id&gt;&lt;ns2:layoutItemId&gt;Service_Call1&lt;/ns2:layoutItemId&gt;&lt;ns2:configData&gt;&lt;ns2:id&gt;e99a5791-5d2a-4087-8d44-a4731f93cd9f&lt;/ns2:id&gt;&lt;ns2:optionName&gt;@label&lt;/ns2:optionName&gt;&lt;ns2:value&gt;Service call&lt;/ns2:value&gt;&lt;/ns2:configData&gt;&lt;ns2:configData&gt;&lt;ns2:id&gt;2d59117f-7852-4495-8919-0578a363be64&lt;/ns2:id&gt;&lt;ns2:optionName&gt;@helpText&lt;/ns2:optionName&gt;&lt;ns2:value&gt;&lt;/ns2:value&gt;&lt;/ns2:configData&gt;&lt;ns2:configData&gt;&lt;ns2:id&gt;1b1226a2-6408-41b8-87a5-4ed113b362c0&lt;/ns2:id&gt;&lt;ns2:optionName&gt;@labelVisibility&lt;/ns2:optionName&gt;&lt;ns2:value&gt;SHOW&lt;/ns2:value&gt;&lt;/ns2:configData&gt;&lt;ns2:configData&gt;&lt;ns2:id&gt;f718d1b5-2ac2-4d9f-8e0a-b1470cd792b0&lt;/ns2:id&gt;&lt;ns2:optionName&gt;attachedService&lt;/ns2:optionName&gt;&lt;ns2:value&gt;1.ec455503-bc18-4407-b5e3-5e4b2bc2a338&lt;/ns2:value&gt;&lt;/ns2:configData&gt;&lt;ns2:configData&gt;&lt;ns2:id&gt;9cde89dc-f46f-46c8-81a6-1932a952e159&lt;/ns2:id&gt;&lt;ns2:optionName&gt;autoRun&lt;/ns2:optionName&gt;&lt;ns2:value&gt;true&lt;/ns2:value&gt;&lt;/ns2:configData&gt;&lt;ns2:configData&gt;&lt;ns2:id&gt;c563f3c1-6cb7-4a30-8417-829b893b1603&lt;/ns2:id&gt;&lt;ns2:optionName&gt;eventON_LOAD&lt;/ns2:optionName&gt;&lt;ns2:value&gt;me.execute();&lt;/ns2:value&gt;&lt;/ns2:configData&gt;&lt;ns2:configData&gt;&lt;ns2:id&gt;ae78e3e2-9410-4bdf-804d-c0f416415184&lt;/ns2:id&gt;&lt;ns2:optionName&gt;@visibility&lt;/ns2:optionName&gt;&lt;ns2:value&gt;{"isResponsiveData":true,"values":[{"deviceConfigID":"LargeID","value":"NONE"}]}&lt;/ns2:value&gt;&lt;/ns2:configData&gt;&lt;ns2:configData&gt;&lt;ns2:id&gt;187c237f-f9cd-4e83-81de-09206b6a89c6&lt;/ns2:id&gt;&lt;ns2:optionName&gt;inputData&lt;/ns2:optionName&gt;&lt;ns2:value&gt;tw.options.Type&lt;/ns2:value&gt;&lt;ns2:valueType&gt;dynamic&lt;/ns2:valueType&gt;&lt;/ns2:configData&gt;&lt;ns2:configData&gt;&lt;ns2:id&gt;31dc78a1-284e-495c-827e-e977e2d68ad1&lt;/ns2:id&gt;&lt;ns2:optionName&gt;busyIndicator&lt;/ns2:optionName&gt;&lt;ns2:value&gt;S&lt;/ns2:value&gt;&lt;/ns2:configData&gt;&lt;ns2:viewUUID&gt;64.1feaead9-b1d2-4a7e-80a3-22156e6fe8f9&lt;/ns2:viewUUID&gt;&lt;ns2:binding&gt;tw.businessData.Doc[]&lt;/ns2:binding&gt;&lt;/ns2:layoutItem&gt;&lt;/ns2:layout&gt;</layout>
        <paletteIcon isNull="true" />
        <previewImage isNull="true" />
        <hasLabel>false</hasLabel>
        <labelPosition>0</labelPosition>
        <nineSliceX1Coord>0</nineSliceX1Coord>
        <nineSliceX2Coord>0</nineSliceX2Coord>
        <nineSliceY1Coord>0</nineSliceY1Coord>
        <nineSliceY2Coord>0</nineSliceY2Coord>
        <emitBoundary>false</emitBoundary>
        <isPrototypeFunc>false</isPrototypeFunc>
        <enableDevMode>false</enableDevMode>
        <isMobileReady>false</isMobileReady>
        <loadJsFunction></loadJsFunction>
        <unloadJsFunction isNull="true" />
        <viewJsFunction></viewJsFunction>
        <changeJsFunction></changeJsFunction>
        <collaborationJsFunction isNull="true" />
        <description></description>
        <validateJsFunction isNull="true" />
        <previewAdvHtml isNull="true" />
        <previewAdvJs isNull="true" />
        <useUrlBinding>false</useUrlBinding>
        <guid>guid:8b0c8ed1dccfb194:-60544698:18f06b936dc:-7b9a</guid>
        <versionId>42c0248d-952d-47ee-9fd0-2a467c69715a</versionId>
        <field1 isNull="true" />
        <field2 isNull="true" />
        <field3>0</field3>
        <field4 isNull="true" />
        <field5>false</field5>
        <clobField1 isNull="true" />
        <bindingType name="Doc">
            <lastModified isNull="true" />
            <lastModifiedBy isNull="true" />
            <tenantId isNull="true" />
            <coachViewBindingTypeId>65.a5b761e8-4c68-45d3-892d-5e42d5efd6d0</coachViewBindingTypeId>
            <coachViewId>64.48021431-f6ec-489b-a489-815eaee96743</coachViewId>
            <isList>true</isList>
            <classId>/12.96bbebff-2620-4303-b3d3-5f56b89693c9</classId>
            <seq>0</seq>
            <description isNull="true" />
            <guid>guid:a5b761e8-4c68-45d3-892d-5e42d5efd6d0</guid>
            <versionId>96b891b5-8fa4-4a4e-b511-6899bb096b55</versionId>
        </bindingType>
        <configOption name="onDocumentSelected">
            <lastModified isNull="true" />
            <lastModifiedBy isNull="true" />
            <tenantId isNull="true" />
            <coachViewConfigOptionId>66.095d5111-4752-4f2f-ba6f-fd4bcfc0f903</coachViewConfigOptionId>
            <coachViewId>64.48021431-f6ec-489b-a489-815eaee96743</coachViewId>
            <isList>false</isList>
            <propertyType>EVENT</propertyType>
            <label>Document Selected </label>
            <classId>f9bfad03-1cba-408d-921f-41cfbdd4600c/12.db884a3c-c533-44b7-bb2d-47bec8ad4022</classId>
            <processId isNull="true" />
            <actionflowId isNull="true" />
            <isAdaptive>false</isAdaptive>
            <seq>0</seq>
            <description>This will return documentID that has been selected</description>
            <groupName></groupName>
            <guid>guid:095d5111-4752-4f2f-ba6f-fd4bcfc0f903</guid>
            <versionId>e485b4b6-dd02-43b0-8970-2b97e83490e1</versionId>
        </configOption>
        <configOption name="onDocInfo">
            <lastModified isNull="true" />
            <lastModifiedBy isNull="true" />
            <tenantId isNull="true" />
            <coachViewConfigOptionId>66.17a76fd2-8f1e-4f3e-bc06-b97c338b0a6c</coachViewConfigOptionId>
            <coachViewId>64.48021431-f6ec-489b-a489-815eaee96743</coachViewId>
            <isList>false</isList>
            <propertyType>EVENT</propertyType>
            <label>DocInfo</label>
            <classId>f9bfad03-1cba-408d-921f-41cfbdd4600c/12.db884a3c-c533-44b7-bb2d-47bec8ad4022</classId>
            <processId isNull="true" />
            <actionflowId isNull="true" />
            <isAdaptive>false</isAdaptive>
            <seq>1</seq>
            <description></description>
            <groupName></groupName>
            <guid>guid:17a76fd2-8f1e-4f3e-bc06-b97c338b0a6c</guid>
            <versionId>e093c858-ba9d-44ba-98e5-85daf04f6e98</versionId>
        </configOption>
        <configOption name="onPosition">
            <lastModified isNull="true" />
            <lastModifiedBy isNull="true" />
            <tenantId isNull="true" />
            <coachViewConfigOptionId>66.671c6dc2-d1bb-4e78-b64a-37e77b16b9bb</coachViewConfigOptionId>
            <coachViewId>64.48021431-f6ec-489b-a489-815eaee96743</coachViewId>
            <isList>false</isList>
            <propertyType>EVENT</propertyType>
            <label>Position</label>
            <classId>f9bfad03-1cba-408d-921f-41cfbdd4600c/12.db884a3c-c533-44b7-bb2d-47bec8ad4022</classId>
            <processId isNull="true" />
            <actionflowId isNull="true" />
            <isAdaptive>false</isAdaptive>
            <seq>2</seq>
            <description></description>
            <groupName></groupName>
            <guid>guid:671c6dc2-d1bb-4e78-b64a-37e77b16b9bb</guid>
            <versionId>32c7c3c7-c5e5-42fb-ab99-99e39c2f067e</versionId>
        </configOption>
        <configOption name="Type">
            <lastModified isNull="true" />
            <lastModifiedBy isNull="true" />
            <tenantId isNull="true" />
            <coachViewConfigOptionId>66.b01f6e3f-50cb-45b8-b557-8c232b099764</coachViewConfigOptionId>
            <coachViewId>64.48021431-f6ec-489b-a489-815eaee96743</coachViewId>
            <isList>false</isList>
            <propertyType>OBJECT</propertyType>
            <label></label>
            <classId>f9bfad03-1cba-408d-921f-41cfbdd4600c/12.db884a3c-c533-44b7-bb2d-47bec8ad4022</classId>
            <processId isNull="true" />
            <actionflowId isNull="true" />
            <isAdaptive>false</isAdaptive>
            <seq>3</seq>
            <description>Email or Transcript</description>
            <groupName></groupName>
            <guid>guid:b01f6e3f-50cb-45b8-b557-8c232b099764</guid>
            <versionId>b3c875ba-ac25-4f8e-9a69-4a80dd7cf0cb</versionId>
        </configOption>
        <inlineScript name="Inline Javascript">
            <lastModified isNull="true" />
            <lastModifiedBy isNull="true" />
            <tenantId isNull="true" />
            <coachViewInlineScriptId>68.520eefae-2f66-42fd-8cfb-78302f1ab372</coachViewInlineScriptId>
            <coachViewId>64.48021431-f6ec-489b-a489-815eaee96743</coachViewId>
            <scriptType>JS</scriptType>
            <scriptBlock>
this.registerEventHandlingFunction(this, "onPosition", "index");  
this.registerEventHandlingFunction(this, "onDocumentSelected", "documentID");
this.registerEventHandlingFunction(this, "onDocInfo", "docInfo");  </scriptBlock>
            <seq>0</seq>
            <description></description>
            <guid>guid:520eefae-2f66-42fd-8cfb-78302f1ab372</guid>
            <versionId>112515b6-6f92-4485-a2c2-640d3cd664c5</versionId>
        </inlineScript>
    </coachView>
</teamworks>

