<?xml version="1.0" encoding="UTF-8"?>
<teamworks>
    <coachView id="64.bf694b21-12da-494e-9af5-55569bfaf39c" name="Insurex">
        <lastModified>1718717283971</lastModified>
        <lastModifiedBy>cp4admin</lastModifiedBy>
        <tenantId isNull="true" />
        <coachViewId>64.bf694b21-12da-494e-9af5-55569bfaf39c</coachViewId>
        <isTemplate>true</isTemplate>
        <layout>&lt;?xml version="1.0" encoding="UTF-8" standalone="yes"?&gt;&lt;ns2:layout xmlns:ns2="http://www.ibm.com/bpm/CoachDesignerNG" xmlns:ns3="http://www.ibm.com/bpm/coachview"&gt;&lt;ns2:layoutItem xsi:type="ns2:GridLayoutContainer" version="8550" xmlns:xsi="http://www.w3.org/2001/XMLSchema-instance"&gt;&lt;ns2:id&gt;da08c6f0-7c71-4304-8a03-305839893d9f&lt;/ns2:id&gt;&lt;ns2:layoutItemId&gt;GridLayoutContainer3&lt;/ns2:layoutItemId&gt;&lt;ns2:configData&gt;&lt;ns2:id&gt;4eb5a3fa-a504-49a4-8637-bcdbfc057dbe&lt;/ns2:id&gt;&lt;ns2:optionName&gt;@horizontalSpan&lt;/ns2:optionName&gt;&lt;ns2:value&gt;{"isResponsiveData":true,"values":[{"deviceConfigID":"LargeID","value":12}]}&lt;/ns2:value&gt;&lt;/ns2:configData&gt;&lt;ns2:direction&gt;HORIZONTAL&lt;/ns2:direction&gt;&lt;ns2:gridContainerLayoutItems xsi:type="ns2:GridLayoutCell" version="8550"&gt;&lt;ns2:id&gt;b280c36a-fca8-41ad-878a-f4f6e0ed59e6&lt;/ns2:id&gt;&lt;ns2:layoutItemId&gt;GridLayoutCell2&lt;/ns2:layoutItemId&gt;&lt;ns2:configData&gt;&lt;ns2:id&gt;ca3a57fa-1cf8-466c-8ffe-ac527f359538&lt;/ns2:id&gt;&lt;ns2:optionName&gt;@horizontalSpan&lt;/ns2:optionName&gt;&lt;ns2:value&gt;{"isResponsiveData":true,"values":[{"deviceConfigID":"LargeID","value":1}]}&lt;/ns2:value&gt;&lt;/ns2:configData&gt;&lt;ns2:direction&gt;VERTICAL&lt;/ns2:direction&gt;&lt;/ns2:gridContainerLayoutItems&gt;&lt;ns2:gridContainerLayoutItems xsi:type="ns2:GridLayoutCell" version="8550"&gt;&lt;ns2:id&gt;32818d62-efeb-461a-8141-44f84905660f&lt;/ns2:id&gt;&lt;ns2:layoutItemId&gt;GridLayoutCell3&lt;/ns2:layoutItemId&gt;&lt;ns2:configData&gt;&lt;ns2:id&gt;4825a940-c61f-458e-80fc-bb82ebfcd653&lt;/ns2:id&gt;&lt;ns2:optionName&gt;@horizontalSpan&lt;/ns2:optionName&gt;&lt;ns2:value&gt;{"isResponsiveData":true,"values":[{"deviceConfigID":"LargeID","value":10}]}&lt;/ns2:value&gt;&lt;/ns2:configData&gt;&lt;ns2:direction&gt;VERTICAL&lt;/ns2:direction&gt;&lt;ns2:gridCellLayoutItems xsi:type="ns2:ViewRef" version="8550"&gt;&lt;ns2:id&gt;1fcda545-1ff9-411c-8955-a89212dfb088&lt;/ns2:id&gt;&lt;ns2:layoutItemId&gt;Horizontal_Layout1&lt;/ns2:layoutItemId&gt;&lt;ns2:configData&gt;&lt;ns2:id&gt;8584cbbc-6236-4bea-824c-820ba78e2a4f&lt;/ns2:id&gt;&lt;ns2:optionName&gt;@label&lt;/ns2:optionName&gt;&lt;ns2:value&gt;Horizontal layout&lt;/ns2:value&gt;&lt;/ns2:configData&gt;&lt;ns2:configData&gt;&lt;ns2:id&gt;2ae3fede-31d8-4179-8f03-46a84505ac77&lt;/ns2:id&gt;&lt;ns2:optionName&gt;@helpText&lt;/ns2:optionName&gt;&lt;ns2:value&gt;&lt;/ns2:value&gt;&lt;/ns2:configData&gt;&lt;ns2:configData&gt;&lt;ns2:id&gt;b7cf097b-e603-4e29-84d0-c5ea3be24af2&lt;/ns2:id&gt;&lt;ns2:optionName&gt;@labelVisibility&lt;/ns2:optionName&gt;&lt;ns2:value&gt;SHOW&lt;/ns2:value&gt;&lt;/ns2:configData&gt;&lt;ns2:configData&gt;&lt;ns2:id&gt;24a5cc3a-c94f-4915-8ac4-f1ce2fb8efd8&lt;/ns2:id&gt;&lt;ns2:optionName&gt;layoutFlow&lt;/ns2:optionName&gt;&lt;ns2:value&gt;{"isResponsiveData":true,"values":[{"deviceConfigID":"LargeID","value":"I"}]}&lt;/ns2:value&gt;&lt;/ns2:configData&gt;&lt;ns2:configData&gt;&lt;ns2:id&gt;82368d4e-f9e0-4ea8-8b5c-c0012ce9e95c&lt;/ns2:id&gt;&lt;ns2:optionName&gt;vAlignment&lt;/ns2:optionName&gt;&lt;ns2:value&gt;{"isResponsiveData":true,"values":[{"deviceConfigID":"LargeID","value":"M"}]}&lt;/ns2:value&gt;&lt;/ns2:configData&gt;&lt;ns2:configData&gt;&lt;ns2:id&gt;4718c421-f888-4526-860d-f1338e6800a1&lt;/ns2:id&gt;&lt;ns2:optionName&gt;hAlignment&lt;/ns2:optionName&gt;&lt;ns2:value&gt;{"isResponsiveData":true,"values":[{"deviceConfigID":"LargeID","value":"L"}]}&lt;/ns2:value&gt;&lt;/ns2:configData&gt;&lt;ns2:configData&gt;&lt;ns2:id&gt;d7a6ba1c-cb77-4492-852c-e5b353ef98bb&lt;/ns2:id&gt;&lt;ns2:optionName&gt;@visibility&lt;/ns2:optionName&gt;&lt;ns2:value&gt;{"isResponsiveData":true,"values":[{"deviceConfigID":"LargeID","value":"NONE"}]}&lt;/ns2:value&gt;&lt;/ns2:configData&gt;&lt;ns2:viewUUID&gt;64.44f463cc-615b-43d0-834f-c398a82e0363&lt;/ns2:viewUUID&gt;&lt;ns2:contentBoxContrib&gt;&lt;ns2:id&gt;bde874cd-4c0e-4a00-8862-e6b368b69f19&lt;/ns2:id&gt;&lt;ns2:contentBoxId&gt;ContentBox1&lt;/ns2:contentBoxId&gt;&lt;ns2:contributions xsi:type="ns2:ViewRef" version="8550"&gt;&lt;ns2:id&gt;58fea6c6-bbbb-46c3-84db-11cfcac926eb&lt;/ns2:id&gt;&lt;ns2:layoutItemId&gt;Image1&lt;/ns2:layoutItemId&gt;&lt;ns2:configData&gt;&lt;ns2:id&gt;59a61d2f-7d56-4bdc-8522-c2633e270aac&lt;/ns2:id&gt;&lt;ns2:optionName&gt;@label&lt;/ns2:optionName&gt;&lt;ns2:value&gt;Image&lt;/ns2:value&gt;&lt;/ns2:configData&gt;&lt;ns2:configData&gt;&lt;ns2:id&gt;818add55-1306-4759-85c1-154e4f2424d3&lt;/ns2:id&gt;&lt;ns2:optionName&gt;@helpText&lt;/ns2:optionName&gt;&lt;ns2:value&gt;&lt;/ns2:value&gt;&lt;/ns2:configData&gt;&lt;ns2:configData&gt;&lt;ns2:id&gt;1ec6d4c8-0f18-44bd-86fb-782ebfa6a36c&lt;/ns2:id&gt;&lt;ns2:optionName&gt;@labelVisibility&lt;/ns2:optionName&gt;&lt;ns2:value&gt;SHOW&lt;/ns2:value&gt;&lt;/ns2:configData&gt;&lt;ns2:configData&gt;&lt;ns2:id&gt;278244f6-9b77-44a8-8a46-53ad6103bf20&lt;/ns2:id&gt;&lt;ns2:optionName&gt;width&lt;/ns2:optionName&gt;&lt;ns2:value&gt;{"isResponsiveData":true,"values":[{"deviceConfigID":"LargeID","value":""}]}&lt;/ns2:value&gt;&lt;/ns2:configData&gt;&lt;ns2:configData&gt;&lt;ns2:id&gt;df2ab333-90b6-4f49-8916-214d8ef0dbee&lt;/ns2:id&gt;&lt;ns2:optionName&gt;height&lt;/ns2:optionName&gt;&lt;ns2:value&gt;{"isResponsiveData":true,"values":[{"deviceConfigID":"LargeID","value":"120px"}]}&lt;/ns2:value&gt;&lt;/ns2:configData&gt;&lt;ns2:viewUUID&gt;64.49422be7-d203-44dc-951d-7ca4361d7b94&lt;/ns2:viewUUID&gt;&lt;ns2:binding&gt;61.0d2cbf3d-5af6-41eb-97e5-0acf43a5dcfd&lt;/ns2:binding&gt;&lt;/ns2:contributions&gt;&lt;ns2:contributions xsi:type="ns2:ViewRef" version="8550"&gt;&lt;ns2:id&gt;871f57b6-42e2-497d-8527-18211461b907&lt;/ns2:id&gt;&lt;ns2:layoutItemId&gt;Vertical_Layout1&lt;/ns2:layoutItemId&gt;&lt;ns2:configData&gt;&lt;ns2:id&gt;45b0d109-557b-4409-83ea-3786e8d1f4dc&lt;/ns2:id&gt;&lt;ns2:optionName&gt;@label&lt;/ns2:optionName&gt;&lt;ns2:value&gt;Vertical layout&lt;/ns2:value&gt;&lt;/ns2:configData&gt;&lt;ns2:configData&gt;&lt;ns2:id&gt;c78b31f9-d4c7-41f7-8779-5ea832d2cd42&lt;/ns2:id&gt;&lt;ns2:optionName&gt;@helpText&lt;/ns2:optionName&gt;&lt;ns2:value&gt;&lt;/ns2:value&gt;&lt;/ns2:configData&gt;&lt;ns2:configData&gt;&lt;ns2:id&gt;31250089-aced-415e-89fa-83e8ddafc831&lt;/ns2:id&gt;&lt;ns2:optionName&gt;@labelVisibility&lt;/ns2:optionName&gt;&lt;ns2:value&gt;SHOW&lt;/ns2:value&gt;&lt;/ns2:configData&gt;&lt;ns2:configData&gt;&lt;ns2:id&gt;4f42625b-9d14-4d44-836e-a5e94e1cffaf&lt;/ns2:id&gt;&lt;ns2:optionName&gt;hAlignment&lt;/ns2:optionName&gt;&lt;ns2:value&gt;{"isResponsiveData":true,"values":[{"deviceConfigID":"LargeID","value":"R"}]}&lt;/ns2:value&gt;&lt;/ns2:configData&gt;&lt;ns2:configData&gt;&lt;ns2:id&gt;a86fe9fd-4435-41ef-8592-5b535f504ebd&lt;/ns2:id&gt;&lt;ns2:optionName&gt;width&lt;/ns2:optionName&gt;&lt;ns2:value&gt;{"isResponsiveData":true,"values":[{"deviceConfigID":"LargeID","value":"50%"}]}&lt;/ns2:value&gt;&lt;/ns2:configData&gt;&lt;ns2:viewUUID&gt;64.ef447b87-24a2-42a7-b2b9-cd471e9f7b67&lt;/ns2:viewUUID&gt;&lt;ns2:contentBoxContrib&gt;&lt;ns2:id&gt;a16c91ae-1d43-4b56-8252-70bc94355ad6&lt;/ns2:id&gt;&lt;ns2:contentBoxId&gt;ContentBox1&lt;/ns2:contentBoxId&gt;&lt;ns2:contributions xsi:type="ns2:ContentBox" version="8550"&gt;&lt;ns2:id&gt;d5d149b8-dca1-4326-84bc-13bbd13c33b2&lt;/ns2:id&gt;&lt;ns2:layoutItemId&gt;ContentBox2&lt;/ns2:layoutItemId&gt;&lt;/ns2:contributions&gt;&lt;/ns2:contentBoxContrib&gt;&lt;/ns2:contributions&gt;&lt;/ns2:contentBoxContrib&gt;&lt;/ns2:gridCellLayoutItems&gt;&lt;ns2:gridCellLayoutItems xsi:type="ns2:ContentBox" version="8550"&gt;&lt;ns2:id&gt;53fc6b5b-3132-46a1-8a12-aa71da0f3362&lt;/ns2:id&gt;&lt;ns2:layoutItemId&gt;ContentBox1&lt;/ns2:layoutItemId&gt;&lt;ns2:configData&gt;&lt;ns2:id&gt;4d5c8d66-17c0-4055-8fe6-bdaab1e57a53&lt;/ns2:id&gt;&lt;ns2:optionName&gt;@contentBox.repeatingContentManagedByView&lt;/ns2:optionName&gt;&lt;ns2:value&gt;false&lt;/ns2:value&gt;&lt;/ns2:configData&gt;&lt;/ns2:gridCellLayoutItems&gt;&lt;/ns2:gridContainerLayoutItems&gt;&lt;ns2:gridContainerLayoutItems xsi:type="ns2:GridLayoutCell" version="8550"&gt;&lt;ns2:id&gt;dda0e8d6-002b-4373-847c-a933887dd398&lt;/ns2:id&gt;&lt;ns2:layoutItemId&gt;GridLayoutCell1&lt;/ns2:layoutItemId&gt;&lt;ns2:configData&gt;&lt;ns2:id&gt;4c8df301-f12f-446b-8b28-d9edeeaac8a9&lt;/ns2:id&gt;&lt;ns2:optionName&gt;@horizontalSpan&lt;/ns2:optionName&gt;&lt;ns2:value&gt;{"isResponsiveData":true,"values":[{"deviceConfigID":"LargeID","value":1}]}&lt;/ns2:value&gt;&lt;/ns2:configData&gt;&lt;ns2:direction&gt;VERTICAL&lt;/ns2:direction&gt;&lt;/ns2:gridContainerLayoutItems&gt;&lt;/ns2:layoutItem&gt;&lt;/ns2:layout&gt;</layout>
        <paletteIcon isNull="true" />
        <previewImage isNull="true" />
        <hasLabel>false</hasLabel>
        <labelPosition>0</labelPosition>
        <nineSliceX1Coord>0</nineSliceX1Coord>
        <nineSliceX2Coord>0</nineSliceX2Coord>
        <nineSliceY1Coord>0</nineSliceY1Coord>
        <nineSliceY2Coord>0</nineSliceY2Coord>
        <emitBoundary>false</emitBoundary>
        <isPrototypeFunc>false</isPrototypeFunc>
        <enableDevMode>false</enableDevMode>
        <isMobileReady>false</isMobileReady>
        <loadJsFunction isNull="true" />
        <unloadJsFunction isNull="true" />
        <viewJsFunction isNull="true" />
        <changeJsFunction isNull="true" />
        <collaborationJsFunction isNull="true" />
        <description></description>
        <validateJsFunction isNull="true" />
        <previewAdvHtml isNull="true" />
        <previewAdvJs isNull="true" />
        <useUrlBinding>false</useUrlBinding>
        <guid>guid:8b0c8ed1dccfb194:-60544698:18f06b936dc:-7cae</guid>
        <versionId>c55a2e79-3b8c-4fdf-bfb2-79cbc70b215d</versionId>
        <field1 isNull="true" />
        <field2 isNull="true" />
        <field3>0</field3>
        <field4 isNull="true" />
        <field5>false</field5>
        <clobField1 isNull="true" />
        <configOption name="Role">
            <lastModified isNull="true" />
            <lastModifiedBy isNull="true" />
            <tenantId isNull="true" />
            <coachViewConfigOptionId>66.1147cc7c-9ddb-4f50-b338-65165035c112</coachViewConfigOptionId>
            <coachViewId>64.bf694b21-12da-494e-9af5-55569bfaf39c</coachViewId>
            <isList>false</isList>
            <propertyType>OBJECT</propertyType>
            <label></label>
            <classId>f9bfad03-1cba-408d-921f-41cfbdd4600c/12.db884a3c-c533-44b7-bb2d-47bec8ad4022</classId>
            <processId isNull="true" />
            <actionflowId isNull="true" />
            <isAdaptive>false</isAdaptive>
            <seq>0</seq>
            <description></description>
            <groupName></groupName>
            <guid>guid:1147cc7c-9ddb-4f50-b338-65165035c112</guid>
            <versionId>f11f24f1-c32b-4d4e-bd63-d4e5ab0b996a</versionId>
        </configOption>
        <inlineScript name="Inline CSS">
            <lastModified isNull="true" />
            <lastModifiedBy isNull="true" />
            <tenantId isNull="true" />
            <coachViewInlineScriptId>68.c6737ff5-53f7-4dc5-a358-0cc81e8529a5</coachViewInlineScriptId>
            <coachViewId>64.bf694b21-12da-494e-9af5-55569bfaf39c</coachViewId>
            <scriptType>CSS</scriptType>
            <scriptBlock>body {
  background-color: #F1F5F9;
}</scriptBlock>
            <seq>0</seq>
            <description></description>
            <guid>guid:c6737ff5-53f7-4dc5-a358-0cc81e8529a5</guid>
            <versionId>8a125349-a17d-4ba4-9d2b-f262e0747234</versionId>
        </inlineScript>
    </coachView>
</teamworks>

