<?xml version="1.0" encoding="UTF-8"?>
<teamworks>
    <coachView id="64.d69d8649-a60d-4e10-81cc-e5108acf8ea0" name="Signer">
        <lastModified>1718787976082</lastModified>
        <lastModifiedBy>cp4admin</lastModifiedBy>
        <tenantId isNull="true" />
        <coachViewId>64.d69d8649-a60d-4e10-81cc-e5108acf8ea0</coachViewId>
        <isTemplate>false</isTemplate>
        <layout>&lt;?xml version="1.0" encoding="UTF-8" standalone="yes"?&gt;&lt;ns2:layout xmlns:ns2="http://www.ibm.com/bpm/CoachDesignerNG" xmlns:ns3="http://www.ibm.com/bpm/coachview"&gt;&lt;ns2:layoutItem xsi:type="ns2:ViewRef" version="8550" xmlns:xsi="http://www.w3.org/2001/XMLSchema-instance"&gt;&lt;ns2:id&gt;36af45fd-718f-4c07-84b3-bbc7b92b16d8&lt;/ns2:id&gt;&lt;ns2:layoutItemId&gt;Input_Group1&lt;/ns2:layoutItemId&gt;&lt;ns2:configData&gt;&lt;ns2:id&gt;23d0647c-1868-4b05-8a0a-b8630f14c63a&lt;/ns2:id&gt;&lt;ns2:optionName&gt;@label&lt;/ns2:optionName&gt;&lt;ns2:value&gt;Input group&lt;/ns2:value&gt;&lt;/ns2:configData&gt;&lt;ns2:configData&gt;&lt;ns2:id&gt;f58f27e1-10d2-45d4-84fa-b3a3dd8023f3&lt;/ns2:id&gt;&lt;ns2:optionName&gt;@helpText&lt;/ns2:optionName&gt;&lt;ns2:value&gt;&lt;/ns2:value&gt;&lt;/ns2:configData&gt;&lt;ns2:configData&gt;&lt;ns2:id&gt;aa1df286-ca34-417b-867c-9aac2ced2ba1&lt;/ns2:id&gt;&lt;ns2:optionName&gt;@labelVisibility&lt;/ns2:optionName&gt;&lt;ns2:value&gt;HIDE&lt;/ns2:value&gt;&lt;/ns2:configData&gt;&lt;ns2:configData&gt;&lt;ns2:id&gt;6d6439c7-6331-4080-8ac4-eb09e532de19&lt;/ns2:id&gt;&lt;ns2:optionName&gt;buttonInfo&lt;/ns2:optionName&gt;&lt;ns2:value&gt;ci-edit&lt;/ns2:value&gt;&lt;ns2:valueType&gt;static&lt;/ns2:valueType&gt;&lt;/ns2:configData&gt;&lt;ns2:configData&gt;&lt;ns2:id&gt;cd1005ee-0ec0-45e6-807e-1087a187ba5e&lt;/ns2:id&gt;&lt;ns2:optionName&gt;width&lt;/ns2:optionName&gt;&lt;ns2:value&gt;{"isResponsiveData":true,"values":[]}&lt;/ns2:value&gt;&lt;/ns2:configData&gt;&lt;ns2:configData&gt;&lt;ns2:id&gt;e4c67b3b-9e0e-4c7e-8ee7-d0687d2da15b&lt;/ns2:id&gt;&lt;ns2:optionName&gt;buttonColorStyle&lt;/ns2:optionName&gt;&lt;ns2:value&gt;P&lt;/ns2:value&gt;&lt;/ns2:configData&gt;&lt;ns2:viewUUID&gt;64.33c2011d-5bc9-4609-9e48-0f42b858f1a0&lt;/ns2:viewUUID&gt;&lt;ns2:contentBoxContrib&gt;&lt;ns2:id&gt;6e298694-7163-47b5-8e91-df23f598e014&lt;/ns2:id&gt;&lt;ns2:contentBoxId&gt;ContentBox1&lt;/ns2:contentBoxId&gt;&lt;ns2:contributions xsi:type="ns2:ViewRef" version="8550"&gt;&lt;ns2:id&gt;c44de8f2-0cb6-4655-80f6-7450a3cf609f&lt;/ns2:id&gt;&lt;ns2:layoutItemId&gt;Vertical_Layout1&lt;/ns2:layoutItemId&gt;&lt;ns2:configData&gt;&lt;ns2:id&gt;9f799db8-0c49-4a61-86c4-f26b17190f7b&lt;/ns2:id&gt;&lt;ns2:optionName&gt;@label&lt;/ns2:optionName&gt;&lt;ns2:value&gt;Vertical layout&lt;/ns2:value&gt;&lt;/ns2:configData&gt;&lt;ns2:configData&gt;&lt;ns2:id&gt;dae834d6-c214-401f-8416-97190e0fc4b0&lt;/ns2:id&gt;&lt;ns2:optionName&gt;@helpText&lt;/ns2:optionName&gt;&lt;ns2:value&gt;&lt;/ns2:value&gt;&lt;/ns2:configData&gt;&lt;ns2:configData&gt;&lt;ns2:id&gt;dc41188c-0ce6-43bd-850e-85eb4116d8d1&lt;/ns2:id&gt;&lt;ns2:optionName&gt;@labelVisibility&lt;/ns2:optionName&gt;&lt;ns2:value&gt;SHOW&lt;/ns2:value&gt;&lt;/ns2:configData&gt;&lt;ns2:configData&gt;&lt;ns2:id&gt;f609b484-60e6-4054-897d-03bfc797cddc&lt;/ns2:id&gt;&lt;ns2:optionName&gt;layoutFlow&lt;/ns2:optionName&gt;&lt;ns2:value&gt;{"isResponsiveData":true,"values":[{"deviceConfigID":"LargeID","value":"Y"}]}&lt;/ns2:value&gt;&lt;/ns2:configData&gt;&lt;ns2:configData&gt;&lt;ns2:id&gt;2615bc85-f12b-4b1c-8da3-05d59b47b054&lt;/ns2:id&gt;&lt;ns2:optionName&gt;@htmlOverrides&lt;/ns2:optionName&gt;&lt;ns2:value&gt;"style":"padding:0px;"&lt;/ns2:value&gt;&lt;/ns2:configData&gt;&lt;ns2:viewUUID&gt;64.ef447b87-24a2-42a7-b2b9-cd471e9f7b67&lt;/ns2:viewUUID&gt;&lt;ns2:contentBoxContrib&gt;&lt;ns2:id&gt;1e980e28-8be1-484c-8a3f-f97e2a4aef17&lt;/ns2:id&gt;&lt;ns2:contentBoxId&gt;ContentBox1&lt;/ns2:contentBoxId&gt;&lt;ns2:contributions xsi:type="ns2:ViewRef" version="8550"&gt;&lt;ns2:id&gt;d6457451-50a2-4549-868c-04809ddee417&lt;/ns2:id&gt;&lt;ns2:layoutItemId&gt;Collapsible_Panel1&lt;/ns2:layoutItemId&gt;&lt;ns2:configData&gt;&lt;ns2:id&gt;b1818fd5-18e9-4069-8139-97d00ce5a8aa&lt;/ns2:id&gt;&lt;ns2:optionName&gt;@label&lt;/ns2:optionName&gt;&lt;ns2:value&gt;Collapsible panel&lt;/ns2:value&gt;&lt;/ns2:configData&gt;&lt;ns2:configData&gt;&lt;ns2:id&gt;69e31648-4356-4c4c-8a99-5e801c06906b&lt;/ns2:id&gt;&lt;ns2:optionName&gt;@helpText&lt;/ns2:optionName&gt;&lt;ns2:value&gt;&lt;/ns2:value&gt;&lt;/ns2:configData&gt;&lt;ns2:configData&gt;&lt;ns2:id&gt;0dec88f6-4c13-40bb-89be-df50b1af2028&lt;/ns2:id&gt;&lt;ns2:optionName&gt;@labelVisibility&lt;/ns2:optionName&gt;&lt;ns2:value&gt;SHOW&lt;/ns2:value&gt;&lt;/ns2:configData&gt;&lt;ns2:configData&gt;&lt;ns2:id&gt;366b43c8-4858-477e-8145-ecbe390e10a0&lt;/ns2:id&gt;&lt;ns2:optionName&gt;initiallyCollapsed&lt;/ns2:optionName&gt;&lt;ns2:value&gt;true&lt;/ns2:value&gt;&lt;/ns2:configData&gt;&lt;ns2:configData&gt;&lt;ns2:id&gt;d04dd3e9-ca35-4e95-8ecc-750932513ecd&lt;/ns2:id&gt;&lt;ns2:optionName&gt;panelGroup&lt;/ns2:optionName&gt;&lt;ns2:value&gt;signer&lt;/ns2:value&gt;&lt;/ns2:configData&gt;&lt;ns2:configData&gt;&lt;ns2:id&gt;2d7d6707-9e0b-4977-82ad-cc23430960ff&lt;/ns2:id&gt;&lt;ns2:optionName&gt;expression&lt;/ns2:optionName&gt;&lt;ns2:value&gt;${name1}.getText()&lt;/ns2:value&gt;&lt;/ns2:configData&gt;&lt;ns2:viewUUID&gt;64.aa70e5b9-aade-4334-b92d-1fb5e61f4b0a&lt;/ns2:viewUUID&gt;&lt;ns2:binding&gt;&lt;/ns2:binding&gt;&lt;ns2:contentBoxContrib&gt;&lt;ns2:id&gt;592060b5-874d-412e-8fcd-36e35c323ce9&lt;/ns2:id&gt;&lt;ns2:contentBoxId&gt;ContentBox1&lt;/ns2:contentBoxId&gt;&lt;ns2:contributions xsi:type="ns2:ViewRef" version="8550"&gt;&lt;ns2:id&gt;e0af7036-9fa1-4045-825d-56da0364d91d&lt;/ns2:id&gt;&lt;ns2:layoutItemId&gt;name1&lt;/ns2:layoutItemId&gt;&lt;ns2:configData&gt;&lt;ns2:id&gt;e044117a-f1de-4c9e-8e5e-6423bae9f421&lt;/ns2:id&gt;&lt;ns2:optionName&gt;showOverflowTooltip&lt;/ns2:optionName&gt;&lt;ns2:value&gt;true&lt;/ns2:value&gt;&lt;/ns2:configData&gt;&lt;ns2:configData&gt;&lt;ns2:id&gt;64539aea-3ef0-4ab3-82c7-42f085343f32&lt;/ns2:id&gt;&lt;ns2:optionName&gt;@label&lt;/ns2:optionName&gt;&lt;ns2:value&gt;Name&lt;/ns2:value&gt;&lt;/ns2:configData&gt;&lt;ns2:configData&gt;&lt;ns2:id&gt;51a9a9ec-c6c6-4624-8435-804666facc28&lt;/ns2:id&gt;&lt;ns2:optionName&gt;@helpText&lt;/ns2:optionName&gt;&lt;ns2:value&gt;&lt;/ns2:value&gt;&lt;/ns2:configData&gt;&lt;ns2:viewUUID&gt;64.5663dd71-ff18-4d33-bea0-468d0b869816&lt;/ns2:viewUUID&gt;&lt;ns2:binding&gt;tw.businessData.Signer.name&lt;/ns2:binding&gt;&lt;/ns2:contributions&gt;&lt;ns2:contributions xsi:type="ns2:ViewRef" version="8550"&gt;&lt;ns2:id&gt;0252afa1-157e-4ae3-88f2-d07fde87bfc6&lt;/ns2:id&gt;&lt;ns2:layoutItemId&gt;email1&lt;/ns2:layoutItemId&gt;&lt;ns2:configData&gt;&lt;ns2:id&gt;be5316df-1ccb-4dd7-85c2-e0ad1dfd1e3d&lt;/ns2:id&gt;&lt;ns2:optionName&gt;showOverflowTooltip&lt;/ns2:optionName&gt;&lt;ns2:value&gt;true&lt;/ns2:value&gt;&lt;/ns2:configData&gt;&lt;ns2:configData&gt;&lt;ns2:id&gt;5c5e4b54-c9b8-4296-8ef0-ed3652823d83&lt;/ns2:id&gt;&lt;ns2:optionName&gt;@label&lt;/ns2:optionName&gt;&lt;ns2:value&gt;Email&lt;/ns2:value&gt;&lt;/ns2:configData&gt;&lt;ns2:configData&gt;&lt;ns2:id&gt;70f9cdcb-1d5c-447e-88f3-c50af25fea0f&lt;/ns2:id&gt;&lt;ns2:optionName&gt;@helpText&lt;/ns2:optionName&gt;&lt;ns2:value&gt;&lt;/ns2:value&gt;&lt;/ns2:configData&gt;&lt;ns2:viewUUID&gt;64.5663dd71-ff18-4d33-bea0-468d0b869816&lt;/ns2:viewUUID&gt;&lt;ns2:binding&gt;tw.businessData.Signer.email&lt;/ns2:binding&gt;&lt;/ns2:contributions&gt;&lt;/ns2:contentBoxContrib&gt;&lt;/ns2:contributions&gt;&lt;/ns2:contentBoxContrib&gt;&lt;/ns2:contributions&gt;&lt;/ns2:contentBoxContrib&gt;&lt;/ns2:layoutItem&gt;&lt;/ns2:layout&gt;</layout>
        <paletteIcon isNull="true" />
        <previewImage isNull="true" />
        <hasLabel>false</hasLabel>
        <labelPosition>0</labelPosition>
        <nineSliceX1Coord>0</nineSliceX1Coord>
        <nineSliceX2Coord>0</nineSliceX2Coord>
        <nineSliceY1Coord>0</nineSliceY1Coord>
        <nineSliceY2Coord>0</nineSliceY2Coord>
        <emitBoundary>false</emitBoundary>
        <isPrototypeFunc>false</isPrototypeFunc>
        <enableDevMode>false</enableDevMode>
        <isMobileReady>false</isMobileReady>
        <loadJsFunction isNull="true" />
        <unloadJsFunction isNull="true" />
        <viewJsFunction isNull="true" />
        <changeJsFunction isNull="true" />
        <collaborationJsFunction isNull="true" />
        <description></description>
        <validateJsFunction isNull="true" />
        <previewAdvHtml isNull="true" />
        <previewAdvJs isNull="true" />
        <useUrlBinding>false</useUrlBinding>
        <guid>f559d789-34cf-4528-9522-93c49818c217</guid>
        <versionId>7c5e3a09-ebcc-4ba1-bab7-a63c19694dc9</versionId>
        <field1 isNull="true" />
        <field2 isNull="true" />
        <field3>0</field3>
        <field4 isNull="true" />
        <field5>false</field5>
        <clobField1 isNull="true" />
        <bindingType name="Signer">
            <lastModified isNull="true" />
            <lastModifiedBy isNull="true" />
            <tenantId isNull="true" />
            <coachViewBindingTypeId>65.1af74cbe-345a-44c2-8a5c-ee7f1ba99101</coachViewBindingTypeId>
            <coachViewId>64.d69d8649-a60d-4e10-81cc-e5108acf8ea0</coachViewId>
            <isList>false</isList>
            <classId>a5f8825a-6726-48a3-86dc-d78b09778a38/12.65d3c1dd-1a37-449c-a8aa-fc4191c60e31</classId>
            <seq>0</seq>
            <description isNull="true" />
            <guid>94972f5c-7233-4d7f-bf6b-99f569040e39</guid>
            <versionId>f6863756-e8cb-4bfb-8e19-ac71c9c31947</versionId>
        </bindingType>
    </coachView>
</teamworks>

