<?xml version="1.0" encoding="UTF-8"?>
<teamworks>
    <coachView id="64.d1e122bc-b473-4660-8945-d7851af0e7e7" name="InputMJ">
        <lastModified>1714930033598</lastModified>
        <lastModifiedBy>cp4admin</lastModifiedBy>
        <tenantId isNull="true" />
        <coachViewId>64.d1e122bc-b473-4660-8945-d7851af0e7e7</coachViewId>
        <isTemplate>false</isTemplate>
        <layout>&lt;?xml version="1.0" encoding="UTF-8" standalone="yes"?&gt;&lt;ns2:layout xmlns:ns2="http://www.ibm.com/bpm/CoachDesignerNG" xmlns:ns3="http://www.ibm.com/bpm/coachview"&gt;&lt;ns2:layoutItem xsi:type="ns2:ViewRef" version="8550" xmlns:xsi="http://www.w3.org/2001/XMLSchema-instance"&gt;&lt;ns2:id&gt;841552b2-e238-4e8e-83ba-386bb0c49002&lt;/ns2:id&gt;&lt;ns2:layoutItemId&gt;Input_Group1&lt;/ns2:layoutItemId&gt;&lt;ns2:configData&gt;&lt;ns2:id&gt;e4525c0e-9e76-4995-82ad-76116d941b02&lt;/ns2:id&gt;&lt;ns2:optionName&gt;@label&lt;/ns2:optionName&gt;&lt;ns2:value&gt;tw.options.@label&lt;/ns2:value&gt;&lt;ns2:valueType&gt;dynamic&lt;/ns2:valueType&gt;&lt;/ns2:configData&gt;&lt;ns2:configData&gt;&lt;ns2:id&gt;4a1648aa-989c-4f7e-8039-b5a5b1426653&lt;/ns2:id&gt;&lt;ns2:optionName&gt;@helpText&lt;/ns2:optionName&gt;&lt;ns2:value&gt;&lt;/ns2:value&gt;&lt;/ns2:configData&gt;&lt;ns2:configData&gt;&lt;ns2:id&gt;6454d5aa-4cc5-4733-8d48-062b906ad3c3&lt;/ns2:id&gt;&lt;ns2:optionName&gt;@labelVisibility&lt;/ns2:optionName&gt;&lt;ns2:value&gt;SHOW&lt;/ns2:value&gt;&lt;/ns2:configData&gt;&lt;ns2:viewUUID&gt;64.33c2011d-5bc9-4609-9e48-0f42b858f1a0&lt;/ns2:viewUUID&gt;&lt;ns2:contentBoxContrib&gt;&lt;ns2:id&gt;26cb0a22-9e64-4bb8-8417-5b9951c00f77&lt;/ns2:id&gt;&lt;ns2:contentBoxId&gt;ContentBox1&lt;/ns2:contentBoxId&gt;&lt;ns2:contributions xsi:type="ns2:ViewRef" version="8550"&gt;&lt;ns2:id&gt;ef45de7a-b937-44b0-82b5-ca692b19dbe1&lt;/ns2:id&gt;&lt;ns2:layoutItemId&gt;Text1&lt;/ns2:layoutItemId&gt;&lt;ns2:configData&gt;&lt;ns2:id&gt;b3ae860b-e207-43a2-ae24-f95cd1bf21f7&lt;/ns2:id&gt;&lt;ns2:optionName&gt;showOverflowTooltip&lt;/ns2:optionName&gt;&lt;ns2:value&gt;true&lt;/ns2:value&gt;&lt;/ns2:configData&gt;&lt;ns2:configData&gt;&lt;ns2:id&gt;7bf75864-4d7c-4e3b-8d20-42772099f6c1&lt;/ns2:id&gt;&lt;ns2:optionName&gt;@label&lt;/ns2:optionName&gt;&lt;ns2:value&gt;Plain text&lt;/ns2:value&gt;&lt;/ns2:configData&gt;&lt;ns2:configData&gt;&lt;ns2:id&gt;daa5d1ee-97fa-48db-8fcd-6c0515c9f19b&lt;/ns2:id&gt;&lt;ns2:optionName&gt;@helpText&lt;/ns2:optionName&gt;&lt;ns2:value&gt;&lt;/ns2:value&gt;&lt;/ns2:configData&gt;&lt;ns2:configData&gt;&lt;ns2:id&gt;4ac7c221-68c1-446f-832a-58e2649906be&lt;/ns2:id&gt;&lt;ns2:optionName&gt;@labelVisibility&lt;/ns2:optionName&gt;&lt;ns2:value&gt;HIDE&lt;/ns2:value&gt;&lt;/ns2:configData&gt;&lt;ns2:viewUUID&gt;64.5663dd71-ff18-4d33-bea0-468d0b869816&lt;/ns2:viewUUID&gt;&lt;ns2:binding&gt;tw.businessData.text&lt;/ns2:binding&gt;&lt;/ns2:contributions&gt;&lt;/ns2:contentBoxContrib&gt;&lt;/ns2:layoutItem&gt;&lt;/ns2:layout&gt;</layout>
        <paletteIcon isNull="true" />
        <previewImage isNull="true" />
        <hasLabel>true</hasLabel>
        <labelPosition>0</labelPosition>
        <nineSliceX1Coord>0</nineSliceX1Coord>
        <nineSliceX2Coord>0</nineSliceX2Coord>
        <nineSliceY1Coord>0</nineSliceY1Coord>
        <nineSliceY2Coord>0</nineSliceY2Coord>
        <emitBoundary>false</emitBoundary>
        <isPrototypeFunc>false</isPrototypeFunc>
        <enableDevMode>false</enableDevMode>
        <isMobileReady>false</isMobileReady>
        <loadJsFunction isNull="true" />
        <unloadJsFunction isNull="true" />
        <viewJsFunction isNull="true" />
        <changeJsFunction isNull="true" />
        <collaborationJsFunction isNull="true" />
        <description></description>
        <validateJsFunction isNull="true" />
        <previewAdvHtml isNull="true" />
        <previewAdvJs isNull="true" />
        <useUrlBinding>false</useUrlBinding>
        <guid>guid:cc90e269813961f2:-6d44b79:18f361f07e6:-79c2</guid>
        <versionId>d97859c6-76e3-4530-a985-b7481f45b184</versionId>
        <field1 isNull="true" />
        <field2 isNull="true" />
        <field3>0</field3>
        <field4 isNull="true" />
        <field5>false</field5>
        <clobField1 isNull="true" />
        <bindingType name="text">
            <lastModified isNull="true" />
            <lastModifiedBy isNull="true" />
            <tenantId isNull="true" />
            <coachViewBindingTypeId>65.3599d4d7-1fa6-4a2f-83e1-38325322cf1e</coachViewBindingTypeId>
            <coachViewId>64.d1e122bc-b473-4660-8945-d7851af0e7e7</coachViewId>
            <isList>false</isList>
            <classId>f9bfad03-1cba-408d-921f-41cfbdd4600c/12.db884a3c-c533-44b7-bb2d-47bec8ad4022</classId>
            <seq>0</seq>
            <description isNull="true" />
            <guid>guid:3599d4d7-1fa6-4a2f-83e1-38325322cf1e</guid>
            <versionId>482b7eba-0b99-4fd7-b1dc-389fe85eef00</versionId>
        </bindingType>
        <configOption name="Color">
            <lastModified isNull="true" />
            <lastModifiedBy isNull="true" />
            <tenantId isNull="true" />
            <coachViewConfigOptionId>66.c0942134-9d99-477c-8c7f-1ad4a180cb29</coachViewConfigOptionId>
            <coachViewId>64.d1e122bc-b473-4660-8945-d7851af0e7e7</coachViewId>
            <isList>false</isList>
            <propertyType>OBJECT</propertyType>
            <label></label>
            <classId>9b766f05-41c8-44ae-8ce7-ca32db253f3c/12.6f46942e-8977-4224-b295-0edb54f4d13a</classId>
            <processId isNull="true" />
            <actionflowId isNull="true" />
            <isAdaptive>false</isAdaptive>
            <seq>0</seq>
            <description></description>
            <groupName></groupName>
            <guid>guid:c0942134-9d99-477c-8c7f-1ad4a180cb29</guid>
            <versionId>65caab6c-202b-4b11-89a0-7cd3feddc49a</versionId>
        </configOption>
        <configOption name="Icon">
            <lastModified isNull="true" />
            <lastModifiedBy isNull="true" />
            <tenantId isNull="true" />
            <coachViewConfigOptionId>66.0b50220f-e9e3-4300-818f-1bbf03266834</coachViewConfigOptionId>
            <coachViewId>64.d1e122bc-b473-4660-8945-d7851af0e7e7</coachViewId>
            <isList>false</isList>
            <propertyType>OBJECT</propertyType>
            <label>Icon</label>
            <classId>9b766f05-41c8-44ae-8ce7-ca32db253f3c/12.3b707db6-3774-418f-9948-3bfaaf60d2ab</classId>
            <processId isNull="true" />
            <actionflowId isNull="true" />
            <isAdaptive>false</isAdaptive>
            <seq>1</seq>
            <description></description>
            <groupName></groupName>
            <guid>guid:0b50220f-e9e3-4300-818f-1bbf03266834</guid>
            <versionId>a0825541-1925-4819-a0ea-4e7f23d27044</versionId>
        </configOption>
    </coachView>
</teamworks>

