<?xml version="1.0" encoding="UTF-8"?>
<teamworks>
    <coachView id="64.f591e86a-5eaa-4a42-bb03-5345e0ee0c89" name="Signers">
        <lastModified>1718790796813</lastModified>
        <lastModifiedBy>cp4admin</lastModifiedBy>
        <tenantId isNull="true" />
        <coachViewId>64.f591e86a-5eaa-4a42-bb03-5345e0ee0c89</coachViewId>
        <isTemplate>false</isTemplate>
        <layout>&lt;?xml version="1.0" encoding="UTF-8" standalone="yes"?&gt;&lt;ns2:layout xmlns:ns2="http://www.ibm.com/bpm/CoachDesignerNG" xmlns:ns3="http://www.ibm.com/bpm/coachview"&gt;&lt;ns2:layoutItem xsi:type="ns2:ViewRef" version="8550" xmlns:xsi="http://www.w3.org/2001/XMLSchema-instance"&gt;&lt;ns2:id&gt;76bdb4e9-b0b9-4e42-82c4-6ca92c8d8c1d&lt;/ns2:id&gt;&lt;ns2:layoutItemId&gt;Signers1&lt;/ns2:layoutItemId&gt;&lt;ns2:configData&gt;&lt;ns2:id&gt;a1f3223f-6387-43dd-8223-a060ad17f079&lt;/ns2:id&gt;&lt;ns2:optionName&gt;@label&lt;/ns2:optionName&gt;&lt;ns2:value&gt;Signers&lt;/ns2:value&gt;&lt;/ns2:configData&gt;&lt;ns2:configData&gt;&lt;ns2:id&gt;5f97d001-d9f8-4c56-8abb-a599a540046c&lt;/ns2:id&gt;&lt;ns2:optionName&gt;@helpText&lt;/ns2:optionName&gt;&lt;ns2:value&gt;&lt;/ns2:value&gt;&lt;/ns2:configData&gt;&lt;ns2:configData&gt;&lt;ns2:id&gt;3f9e0973-b425-4a48-8023-4917e6a656a5&lt;/ns2:id&gt;&lt;ns2:optionName&gt;layoutFlow&lt;/ns2:optionName&gt;&lt;ns2:value&gt;{"isResponsiveData":true,"values":[{"deviceConfigID":"LargeID","value":"Y"}]}&lt;/ns2:value&gt;&lt;/ns2:configData&gt;&lt;ns2:viewUUID&gt;64.ef447b87-24a2-42a7-b2b9-cd471e9f7b67&lt;/ns2:viewUUID&gt;&lt;ns2:binding&gt;tw.businessData.Signers[]&lt;/ns2:binding&gt;&lt;ns2:contentBoxContrib&gt;&lt;ns2:id&gt;f4f30036-d991-4110-804a-2a7ae64a4a5f&lt;/ns2:id&gt;&lt;ns2:contentBoxId&gt;ContentBox1&lt;/ns2:contentBoxId&gt;&lt;ns2:contributions xsi:type="ns2:ViewRef" version="8550"&gt;&lt;ns2:id&gt;3d070aae-e483-402e-8189-d345ba785c89&lt;/ns2:id&gt;&lt;ns2:layoutItemId&gt;currentItem1&lt;/ns2:layoutItemId&gt;&lt;ns2:configData&gt;&lt;ns2:id&gt;b1930234-97b3-4938-8bc1-6f1b746b2c90&lt;/ns2:id&gt;&lt;ns2:optionName&gt;@label&lt;/ns2:optionName&gt;&lt;ns2:value&gt;Current Item&lt;/ns2:value&gt;&lt;/ns2:configData&gt;&lt;ns2:configData&gt;&lt;ns2:id&gt;89afbaac-8a68-42ef-87f8-6ba87e962c46&lt;/ns2:id&gt;&lt;ns2:optionName&gt;@helpText&lt;/ns2:optionName&gt;&lt;ns2:value&gt;&lt;/ns2:value&gt;&lt;/ns2:configData&gt;&lt;ns2:viewUUID&gt;64.d69d8649-a60d-4e10-81cc-e5108acf8ea0&lt;/ns2:viewUUID&gt;&lt;ns2:binding&gt;tw.businessData.Signers.currentItem&lt;/ns2:binding&gt;&lt;/ns2:contributions&gt;&lt;/ns2:contentBoxContrib&gt;&lt;/ns2:layoutItem&gt;&lt;ns2:layoutItem xsi:type="ns2:ViewRef" version="8550" xmlns:xsi="http://www.w3.org/2001/XMLSchema-instance"&gt;&lt;ns2:id&gt;20b0426d-fd58-430a-8e7d-e7a7d4040e4e&lt;/ns2:id&gt;&lt;ns2:layoutItemId&gt;Horizontal_Layout1&lt;/ns2:layoutItemId&gt;&lt;ns2:configData&gt;&lt;ns2:id&gt;e763267a-b95c-4b14-8e7c-c4e00588bb25&lt;/ns2:id&gt;&lt;ns2:optionName&gt;@label&lt;/ns2:optionName&gt;&lt;ns2:value&gt;Horizontal layout&lt;/ns2:value&gt;&lt;/ns2:configData&gt;&lt;ns2:configData&gt;&lt;ns2:id&gt;ac4e0b0f-1d7e-4369-8024-b8629d244c00&lt;/ns2:id&gt;&lt;ns2:optionName&gt;@helpText&lt;/ns2:optionName&gt;&lt;ns2:value&gt;&lt;/ns2:value&gt;&lt;/ns2:configData&gt;&lt;ns2:configData&gt;&lt;ns2:id&gt;8d235320-9ca9-4d19-8e9d-ae5e7b38d1b2&lt;/ns2:id&gt;&lt;ns2:optionName&gt;@labelVisibility&lt;/ns2:optionName&gt;&lt;ns2:value&gt;SHOW&lt;/ns2:value&gt;&lt;/ns2:configData&gt;&lt;ns2:configData&gt;&lt;ns2:id&gt;d9eb2609-1fc1-40f0-8061-022cedc31a44&lt;/ns2:id&gt;&lt;ns2:optionName&gt;layoutFlow&lt;/ns2:optionName&gt;&lt;ns2:value&gt;{"isResponsiveData":true,"values":[{"deviceConfigID":"LargeID","value":"I"}]}&lt;/ns2:value&gt;&lt;/ns2:configData&gt;&lt;ns2:configData&gt;&lt;ns2:id&gt;c12f7df9-78d4-44a8-85d0-03b827441874&lt;/ns2:id&gt;&lt;ns2:optionName&gt;hAlignment&lt;/ns2:optionName&gt;&lt;ns2:value&gt;{"isResponsiveData":true,"values":[{"deviceConfigID":"LargeID","value":"R"}]}&lt;/ns2:value&gt;&lt;/ns2:configData&gt;&lt;ns2:configData&gt;&lt;ns2:id&gt;a2dbac17-44fa-4533-859f-e0875bd35f75&lt;/ns2:id&gt;&lt;ns2:optionName&gt;@htmlOverrides&lt;/ns2:optionName&gt;&lt;ns2:value&gt;"style":"padding-top:20px"&lt;/ns2:value&gt;&lt;/ns2:configData&gt;&lt;ns2:viewUUID&gt;64.44f463cc-615b-43d0-834f-c398a82e0363&lt;/ns2:viewUUID&gt;&lt;ns2:contentBoxContrib&gt;&lt;ns2:id&gt;97addd12-4112-4b25-8e13-13d198a935cf&lt;/ns2:id&gt;&lt;ns2:contentBoxId&gt;ContentBox1&lt;/ns2:contentBoxId&gt;&lt;ns2:contributions xsi:type="ns2:ViewRef" version="8550"&gt;&lt;ns2:id&gt;059de80a-238f-4ee1-82bf-a629c94705b0&lt;/ns2:id&gt;&lt;ns2:layoutItemId&gt;Button1&lt;/ns2:layoutItemId&gt;&lt;ns2:configData&gt;&lt;ns2:id&gt;6d8d9d2c-0ce1-4750-8419-a28ad9760be3&lt;/ns2:id&gt;&lt;ns2:optionName&gt;@label&lt;/ns2:optionName&gt;&lt;ns2:value&gt;Add Signers&lt;/ns2:value&gt;&lt;ns2:valueType&gt;static&lt;/ns2:valueType&gt;&lt;/ns2:configData&gt;&lt;ns2:configData&gt;&lt;ns2:id&gt;b8be5e8b-9bc9-45f4-8437-61ce9c7e8187&lt;/ns2:id&gt;&lt;ns2:optionName&gt;@helpText&lt;/ns2:optionName&gt;&lt;ns2:value&gt;&lt;/ns2:value&gt;&lt;/ns2:configData&gt;&lt;ns2:configData&gt;&lt;ns2:id&gt;85e32fbb-352b-4a59-80b6-fd60c5c567e0&lt;/ns2:id&gt;&lt;ns2:optionName&gt;@labelVisibility&lt;/ns2:optionName&gt;&lt;ns2:value&gt;SHOW&lt;/ns2:value&gt;&lt;/ns2:configData&gt;&lt;ns2:configData&gt;&lt;ns2:id&gt;2bac5745-dbfe-4d3a-8b37-f7d65456db29&lt;/ns2:id&gt;&lt;ns2:optionName&gt;colorStyle&lt;/ns2:optionName&gt;&lt;ns2:value&gt;P&lt;/ns2:value&gt;&lt;ns2:valueType&gt;static&lt;/ns2:valueType&gt;&lt;/ns2:configData&gt;&lt;ns2:configData&gt;&lt;ns2:id&gt;f67ecc8e-4d98-47ad-8976-866588e02a98&lt;/ns2:id&gt;&lt;ns2:optionName&gt;icon&lt;/ns2:optionName&gt;&lt;ns2:value&gt;ci-add-filled&lt;/ns2:value&gt;&lt;ns2:valueType&gt;static&lt;/ns2:valueType&gt;&lt;/ns2:configData&gt;&lt;ns2:configData&gt;&lt;ns2:id&gt;a33bd88a-083b-4be9-8850-af26163af84c&lt;/ns2:id&gt;&lt;ns2:optionName&gt;eventON_CLICK&lt;/ns2:optionName&gt;&lt;ns2:value&gt;${add_signer}.show();&lt;/ns2:value&gt;&lt;/ns2:configData&gt;&lt;ns2:configData&gt;&lt;ns2:id&gt;f5e335b1-a0b9-4eaa-8b72-affcf93adbe5&lt;/ns2:id&gt;&lt;ns2:optionName&gt;showAsIcon&lt;/ns2:optionName&gt;&lt;ns2:value&gt;true&lt;/ns2:value&gt;&lt;/ns2:configData&gt;&lt;ns2:configData&gt;&lt;ns2:id&gt;b54a2631-fa2b-474a-86d8-4df3720aae7d&lt;/ns2:id&gt;&lt;ns2:optionName&gt;preventMultipleClicks&lt;/ns2:optionName&gt;&lt;ns2:value&gt;true&lt;/ns2:value&gt;&lt;/ns2:configData&gt;&lt;ns2:configData&gt;&lt;ns2:id&gt;ba0f0689-5903-4210-8cad-cc9faff722b4&lt;/ns2:id&gt;&lt;ns2:optionName&gt;outline&lt;/ns2:optionName&gt;&lt;ns2:value&gt;false&lt;/ns2:value&gt;&lt;/ns2:configData&gt;&lt;ns2:viewUUID&gt;64.7133c7d4-1a54-45c8-89cd-a8e8fa4a8e36&lt;/ns2:viewUUID&gt;&lt;/ns2:contributions&gt;&lt;/ns2:contentBoxContrib&gt;&lt;/ns2:layoutItem&gt;&lt;ns2:layoutItem xsi:type="ns2:ViewRef" version="8550" xmlns:xsi="http://www.w3.org/2001/XMLSchema-instance"&gt;&lt;ns2:id&gt;1bdab804-a434-4ffb-86e0-09b22be3f1d2&lt;/ns2:id&gt;&lt;ns2:layoutItemId&gt;add_signer&lt;/ns2:layoutItemId&gt;&lt;ns2:configData&gt;&lt;ns2:id&gt;f4932d73-a440-4af6-89be-23b23af4382e&lt;/ns2:id&gt;&lt;ns2:optionName&gt;@label&lt;/ns2:optionName&gt;&lt;ns2:value&gt;Modal section&lt;/ns2:value&gt;&lt;/ns2:configData&gt;&lt;ns2:configData&gt;&lt;ns2:id&gt;2023e326-2a97-4660-800d-6075110d2217&lt;/ns2:id&gt;&lt;ns2:optionName&gt;@helpText&lt;/ns2:optionName&gt;&lt;ns2:value&gt;&lt;/ns2:value&gt;&lt;/ns2:configData&gt;&lt;ns2:configData&gt;&lt;ns2:id&gt;25938609-a836-4539-8c73-1cc3215422ca&lt;/ns2:id&gt;&lt;ns2:optionName&gt;@labelVisibility&lt;/ns2:optionName&gt;&lt;ns2:value&gt;SHOW&lt;/ns2:value&gt;&lt;/ns2:configData&gt;&lt;ns2:configData&gt;&lt;ns2:id&gt;c3ffc1ea-79af-43b9-8b10-094268825414&lt;/ns2:id&gt;&lt;ns2:optionName&gt;@visibility&lt;/ns2:optionName&gt;&lt;ns2:value&gt;{"isResponsiveData":true,"values":[{"deviceConfigID":"LargeID","value":"HIDDEN"}]}&lt;/ns2:value&gt;&lt;/ns2:configData&gt;&lt;ns2:configData&gt;&lt;ns2:id&gt;845d71f4-c81c-48f7-8673-c9d4dfa47163&lt;/ns2:id&gt;&lt;ns2:optionName&gt;modalWellWidth&lt;/ns2:optionName&gt;&lt;ns2:value&gt;{"isResponsiveData":true,"values":[{"deviceConfigID":"LargeID","value":"50%"}]}&lt;/ns2:value&gt;&lt;/ns2:configData&gt;&lt;ns2:configData&gt;&lt;ns2:id&gt;2b2e8aba-a9ae-4c0a-8ef6-d098fc160936&lt;/ns2:id&gt;&lt;ns2:optionName&gt;closeOnClick&lt;/ns2:optionName&gt;&lt;ns2:value&gt;true&lt;/ns2:value&gt;&lt;/ns2:configData&gt;&lt;ns2:viewUUID&gt;64.66286dff-19bf-447a-ad5c-4fc385fea67d&lt;/ns2:viewUUID&gt;&lt;ns2:contentBoxContrib&gt;&lt;ns2:id&gt;514d03c1-fe25-4c44-8947-2f2c5894ed3f&lt;/ns2:id&gt;&lt;ns2:contentBoxId&gt;ContentBox1&lt;/ns2:contentBoxId&gt;&lt;ns2:contributions xsi:type="ns2:ViewRef" version="8550"&gt;&lt;ns2:id&gt;add828f9-47ec-488a-8d20-536e54aa729c&lt;/ns2:id&gt;&lt;ns2:layoutItemId&gt;Well1&lt;/ns2:layoutItemId&gt;&lt;ns2:configData&gt;&lt;ns2:id&gt;e50d81d9-e874-40b3-8f34-77046f19fc10&lt;/ns2:id&gt;&lt;ns2:optionName&gt;@label&lt;/ns2:optionName&gt;&lt;ns2:value&gt;Well&lt;/ns2:value&gt;&lt;/ns2:configData&gt;&lt;ns2:configData&gt;&lt;ns2:id&gt;e985ca13-fc7f-48f5-8a62-ba9f72b115a9&lt;/ns2:id&gt;&lt;ns2:optionName&gt;@helpText&lt;/ns2:optionName&gt;&lt;ns2:value&gt;&lt;/ns2:value&gt;&lt;/ns2:configData&gt;&lt;ns2:configData&gt;&lt;ns2:id&gt;80dacf50-00d2-41e5-86f5-6acd2905439e&lt;/ns2:id&gt;&lt;ns2:optionName&gt;@labelVisibility&lt;/ns2:optionName&gt;&lt;ns2:value&gt;SHOW&lt;/ns2:value&gt;&lt;/ns2:configData&gt;&lt;ns2:configData&gt;&lt;ns2:id&gt;796e093f-3ae2-47f5-8d11-c5bdb723b621&lt;/ns2:id&gt;&lt;ns2:optionName&gt;vAlignment&lt;/ns2:optionName&gt;&lt;ns2:value&gt;{"isResponsiveData":true,"values":[{"deviceConfigID":"LargeID","value":"B"}]}&lt;/ns2:value&gt;&lt;/ns2:configData&gt;&lt;ns2:configData&gt;&lt;ns2:id&gt;1d519013-fd4e-4da6-855a-250a461ed3bc&lt;/ns2:id&gt;&lt;ns2:optionName&gt;width&lt;/ns2:optionName&gt;&lt;ns2:value&gt;{"isResponsiveData":true,"values":[]}&lt;/ns2:value&gt;&lt;/ns2:configData&gt;&lt;ns2:configData&gt;&lt;ns2:id&gt;1f6ce53f-c049-41cc-883e-bdae4e17410c&lt;/ns2:id&gt;&lt;ns2:optionName&gt;height&lt;/ns2:optionName&gt;&lt;ns2:value&gt;{"isResponsiveData":true,"values":[]}&lt;/ns2:value&gt;&lt;/ns2:configData&gt;&lt;ns2:configData&gt;&lt;ns2:id&gt;08dfc51e-0d4c-4396-8a95-02be8a071fbb&lt;/ns2:id&gt;&lt;ns2:optionName&gt;colorDarkness&lt;/ns2:optionName&gt;&lt;ns2:value&gt;N&lt;/ns2:value&gt;&lt;/ns2:configData&gt;&lt;ns2:viewUUID&gt;64.64ae2c6c-6c21-491c-b5ab-c58848dd9e48&lt;/ns2:viewUUID&gt;&lt;ns2:contentBoxContrib&gt;&lt;ns2:id&gt;653044b1-84db-436f-8d66-b1b951cdbdd0&lt;/ns2:id&gt;&lt;ns2:contentBoxId&gt;ContentBox1&lt;/ns2:contentBoxId&gt;&lt;ns2:contributions xsi:type="ns2:ViewRef" version="8550"&gt;&lt;ns2:id&gt;60244ee3-4709-4fc5-8dfc-66b5a8b27724&lt;/ns2:id&gt;&lt;ns2:layoutItemId&gt;Vertical_Layout1&lt;/ns2:layoutItemId&gt;&lt;ns2:configData&gt;&lt;ns2:id&gt;3c33c5d2-5a70-439d-8633-30e09f302ba6&lt;/ns2:id&gt;&lt;ns2:optionName&gt;@label&lt;/ns2:optionName&gt;&lt;ns2:value&gt;Vertical layout&lt;/ns2:value&gt;&lt;/ns2:configData&gt;&lt;ns2:configData&gt;&lt;ns2:id&gt;7c6099ea-91f5-46e5-8bac-b66ccdba5d0f&lt;/ns2:id&gt;&lt;ns2:optionName&gt;@helpText&lt;/ns2:optionName&gt;&lt;ns2:value&gt;&lt;/ns2:value&gt;&lt;/ns2:configData&gt;&lt;ns2:configData&gt;&lt;ns2:id&gt;1699ea01-0718-43b8-87e1-606cd5144feb&lt;/ns2:id&gt;&lt;ns2:optionName&gt;@labelVisibility&lt;/ns2:optionName&gt;&lt;ns2:value&gt;SHOW&lt;/ns2:value&gt;&lt;/ns2:configData&gt;&lt;ns2:configData&gt;&lt;ns2:id&gt;16c31e91-fe6c-41b5-84dd-561820192075&lt;/ns2:id&gt;&lt;ns2:optionName&gt;height&lt;/ns2:optionName&gt;&lt;ns2:value&gt;{"isResponsiveData":true,"values":[]}&lt;/ns2:value&gt;&lt;/ns2:configData&gt;&lt;ns2:configData&gt;&lt;ns2:id&gt;518e8407-43ee-4904-809f-c064beb72905&lt;/ns2:id&gt;&lt;ns2:optionName&gt;width&lt;/ns2:optionName&gt;&lt;ns2:value&gt;{"isResponsiveData":true,"values":[]}&lt;/ns2:value&gt;&lt;/ns2:configData&gt;&lt;ns2:configData&gt;&lt;ns2:id&gt;f4316abe-3147-4767-8ca5-b553c23a093f&lt;/ns2:id&gt;&lt;ns2:optionName&gt;hAlignment&lt;/ns2:optionName&gt;&lt;ns2:value&gt;{"isResponsiveData":true,"values":[{"deviceConfigID":"LargeID","value":"J"}]}&lt;/ns2:value&gt;&lt;/ns2:configData&gt;&lt;ns2:configData&gt;&lt;ns2:id&gt;372b4133-7351-470c-89dc-5edb3bb506c2&lt;/ns2:id&gt;&lt;ns2:optionName&gt;layoutFlow&lt;/ns2:optionName&gt;&lt;ns2:value&gt;{"isResponsiveData":true,"values":[{"deviceConfigID":"LargeID","value":"Y"}]}&lt;/ns2:value&gt;&lt;/ns2:configData&gt;&lt;ns2:viewUUID&gt;64.ef447b87-24a2-42a7-b2b9-cd471e9f7b67&lt;/ns2:viewUUID&gt;&lt;ns2:contentBoxContrib&gt;&lt;ns2:id&gt;784254d6-ee95-4f46-82e8-98d1bfa1c0a1&lt;/ns2:id&gt;&lt;ns2:contentBoxId&gt;ContentBox1&lt;/ns2:contentBoxId&gt;&lt;ns2:contributions xsi:type="ns2:ViewRef" version="8550"&gt;&lt;ns2:id&gt;9df72b22-146f-45aa-839b-bd14d5ff9b84&lt;/ns2:id&gt;&lt;ns2:layoutItemId&gt;Panel1&lt;/ns2:layoutItemId&gt;&lt;ns2:configData&gt;&lt;ns2:id&gt;862064a0-c88e-4136-82bc-ccf8db9c2643&lt;/ns2:id&gt;&lt;ns2:optionName&gt;@label&lt;/ns2:optionName&gt;&lt;ns2:value&gt;Add Signer&lt;/ns2:value&gt;&lt;/ns2:configData&gt;&lt;ns2:configData&gt;&lt;ns2:id&gt;706b8532-ad28-4e0d-871e-3ab4ffaba1ab&lt;/ns2:id&gt;&lt;ns2:optionName&gt;@helpText&lt;/ns2:optionName&gt;&lt;ns2:value&gt;&lt;/ns2:value&gt;&lt;/ns2:configData&gt;&lt;ns2:configData&gt;&lt;ns2:id&gt;1c8652c8-2c6e-419e-8942-77b334b185e3&lt;/ns2:id&gt;&lt;ns2:optionName&gt;@labelVisibility&lt;/ns2:optionName&gt;&lt;ns2:value&gt;SHOW&lt;/ns2:value&gt;&lt;/ns2:configData&gt;&lt;ns2:configData&gt;&lt;ns2:id&gt;9e1ced2f-eeff-434b-8e2a-f7fd0f0e74df&lt;/ns2:id&gt;&lt;ns2:optionName&gt;width&lt;/ns2:optionName&gt;&lt;ns2:value&gt;{"isResponsiveData":true,"values":[]}&lt;/ns2:value&gt;&lt;/ns2:configData&gt;&lt;ns2:configData&gt;&lt;ns2:id&gt;0d5b65d1-0ed2-4cad-8533-b8ed9cf46fce&lt;/ns2:id&gt;&lt;ns2:optionName&gt;height&lt;/ns2:optionName&gt;&lt;ns2:value&gt;{"isResponsiveData":true,"values":[]}&lt;/ns2:value&gt;&lt;/ns2:configData&gt;&lt;ns2:viewUUID&gt;64.455e44ab-b77b-4337-b3f9-435e234fb569&lt;/ns2:viewUUID&gt;&lt;ns2:contentBoxContrib&gt;&lt;ns2:id&gt;c0a4ce6a-fb73-4356-80a8-d81692b0d6b2&lt;/ns2:id&gt;&lt;ns2:contentBoxId&gt;ContentBox1&lt;/ns2:contentBoxId&gt;&lt;ns2:contributions xsi:type="ns2:ViewRef" version="8550"&gt;&lt;ns2:id&gt;9b37dd7f-1f4f-4e62-8874-9fb8ffe29771&lt;/ns2:id&gt;&lt;ns2:layoutItemId&gt;Input_Group2&lt;/ns2:layoutItemId&gt;&lt;ns2:configData&gt;&lt;ns2:id&gt;3eabed32-ec58-4e5a-8cba-21fc151e93ab&lt;/ns2:id&gt;&lt;ns2:optionName&gt;@label&lt;/ns2:optionName&gt;&lt;ns2:value&gt;User Name&lt;/ns2:value&gt;&lt;/ns2:configData&gt;&lt;ns2:configData&gt;&lt;ns2:id&gt;9ccb2b4a-68b2-4bc2-867f-5044e0f636bc&lt;/ns2:id&gt;&lt;ns2:optionName&gt;@helpText&lt;/ns2:optionName&gt;&lt;ns2:value&gt;&lt;/ns2:value&gt;&lt;/ns2:configData&gt;&lt;ns2:configData&gt;&lt;ns2:id&gt;418f62ee-a205-4a06-852f-ec8d1f418e30&lt;/ns2:id&gt;&lt;ns2:optionName&gt;@labelVisibility&lt;/ns2:optionName&gt;&lt;ns2:value&gt;SHOW&lt;/ns2:value&gt;&lt;/ns2:configData&gt;&lt;ns2:configData&gt;&lt;ns2:id&gt;62462436-42a9-4643-807a-a9a1a8c6c234&lt;/ns2:id&gt;&lt;ns2:optionName&gt;buttonInfo&lt;/ns2:optionName&gt;&lt;ns2:value&gt;ci-user-avatar-filled&lt;/ns2:value&gt;&lt;ns2:valueType&gt;static&lt;/ns2:valueType&gt;&lt;/ns2:configData&gt;&lt;ns2:configData&gt;&lt;ns2:id&gt;8f76b769-62f4-4b3f-85f3-acf038bda39f&lt;/ns2:id&gt;&lt;ns2:optionName&gt;buttonColorStyle&lt;/ns2:optionName&gt;&lt;ns2:value&gt;P&lt;/ns2:value&gt;&lt;/ns2:configData&gt;&lt;ns2:viewUUID&gt;64.33c2011d-5bc9-4609-9e48-0f42b858f1a0&lt;/ns2:viewUUID&gt;&lt;ns2:contentBoxContrib&gt;&lt;ns2:id&gt;a3a8dce6-4f7e-42d7-8e21-c845ceb8ca9f&lt;/ns2:id&gt;&lt;ns2:contentBoxId&gt;ContentBox1&lt;/ns2:contentBoxId&gt;&lt;ns2:contributions xsi:type="ns2:ViewRef" version="8550"&gt;&lt;ns2:id&gt;801fad24-e123-44fe-8916-05f0a15e51b2&lt;/ns2:id&gt;&lt;ns2:layoutItemId&gt;username&lt;/ns2:layoutItemId&gt;&lt;ns2:configData&gt;&lt;ns2:id&gt;f9071253-a609-45ec-bdf4-f597fbb46061&lt;/ns2:id&gt;&lt;ns2:optionName&gt;showOverflowTooltip&lt;/ns2:optionName&gt;&lt;ns2:value&gt;true&lt;/ns2:value&gt;&lt;/ns2:configData&gt;&lt;ns2:configData&gt;&lt;ns2:id&gt;dc14e1c8-936c-4ddc-86de-079356068287&lt;/ns2:id&gt;&lt;ns2:optionName&gt;@label&lt;/ns2:optionName&gt;&lt;ns2:value&gt;Plain text&lt;/ns2:value&gt;&lt;/ns2:configData&gt;&lt;ns2:configData&gt;&lt;ns2:id&gt;e3da6866-4d88-47f0-8a29-e3a863f15aa8&lt;/ns2:id&gt;&lt;ns2:optionName&gt;@helpText&lt;/ns2:optionName&gt;&lt;ns2:value&gt;&lt;/ns2:value&gt;&lt;/ns2:configData&gt;&lt;ns2:configData&gt;&lt;ns2:id&gt;ca775da7-f312-4ab5-879d-16dd87543647&lt;/ns2:id&gt;&lt;ns2:optionName&gt;@labelVisibility&lt;/ns2:optionName&gt;&lt;ns2:value&gt;HIDE&lt;/ns2:value&gt;&lt;/ns2:configData&gt;&lt;ns2:viewUUID&gt;64.5663dd71-ff18-4d33-bea0-468d0b869816&lt;/ns2:viewUUID&gt;&lt;/ns2:contributions&gt;&lt;/ns2:contentBoxContrib&gt;&lt;/ns2:contributions&gt;&lt;ns2:contributions xsi:type="ns2:ViewRef" version="8550"&gt;&lt;ns2:id&gt;85656392-f49e-4317-8cd6-c27abb2ff006&lt;/ns2:id&gt;&lt;ns2:layoutItemId&gt;Input_Group1&lt;/ns2:layoutItemId&gt;&lt;ns2:configData&gt;&lt;ns2:id&gt;4e0cab73-9f97-46d5-8fb0-675c6f73991e&lt;/ns2:id&gt;&lt;ns2:optionName&gt;@label&lt;/ns2:optionName&gt;&lt;ns2:value&gt;Email&lt;/ns2:value&gt;&lt;/ns2:configData&gt;&lt;ns2:configData&gt;&lt;ns2:id&gt;c3e061a6-6c89-4d80-87c8-6a76cbc6e6e1&lt;/ns2:id&gt;&lt;ns2:optionName&gt;@helpText&lt;/ns2:optionName&gt;&lt;ns2:value&gt;&lt;/ns2:value&gt;&lt;/ns2:configData&gt;&lt;ns2:configData&gt;&lt;ns2:id&gt;2f4743e6-1a44-4ffd-851d-178030615fbe&lt;/ns2:id&gt;&lt;ns2:optionName&gt;@labelVisibility&lt;/ns2:optionName&gt;&lt;ns2:value&gt;SHOW&lt;/ns2:value&gt;&lt;/ns2:configData&gt;&lt;ns2:configData&gt;&lt;ns2:id&gt;b2939704-35e4-4952-87e2-0c4126088f68&lt;/ns2:id&gt;&lt;ns2:optionName&gt;buttonInfo&lt;/ns2:optionName&gt;&lt;ns2:value&gt;ci-email-new&lt;/ns2:value&gt;&lt;ns2:valueType&gt;static&lt;/ns2:valueType&gt;&lt;/ns2:configData&gt;&lt;ns2:configData&gt;&lt;ns2:id&gt;1e7bd75e-80f6-45c1-84c7-40541e750654&lt;/ns2:id&gt;&lt;ns2:optionName&gt;buttonColorStyle&lt;/ns2:optionName&gt;&lt;ns2:value&gt;P&lt;/ns2:value&gt;&lt;/ns2:configData&gt;&lt;ns2:viewUUID&gt;64.33c2011d-5bc9-4609-9e48-0f42b858f1a0&lt;/ns2:viewUUID&gt;&lt;ns2:contentBoxContrib&gt;&lt;ns2:id&gt;80df5eb2-79fe-48e2-841c-0bbabf5ff9c5&lt;/ns2:id&gt;&lt;ns2:contentBoxId&gt;ContentBox1&lt;/ns2:contentBoxId&gt;&lt;ns2:contributions xsi:type="ns2:ViewRef" version="8550"&gt;&lt;ns2:id&gt;8883a64f-2f4f-43c4-8d15-0155ca8a4bd1&lt;/ns2:id&gt;&lt;ns2:layoutItemId&gt;email&lt;/ns2:layoutItemId&gt;&lt;ns2:configData&gt;&lt;ns2:id&gt;0d330a43-a347-4328-98ba-c5d9221a9139&lt;/ns2:id&gt;&lt;ns2:optionName&gt;showOverflowTooltip&lt;/ns2:optionName&gt;&lt;ns2:value&gt;true&lt;/ns2:value&gt;&lt;/ns2:configData&gt;&lt;ns2:configData&gt;&lt;ns2:id&gt;4c749117-0664-4101-815b-5636206e22ee&lt;/ns2:id&gt;&lt;ns2:optionName&gt;@label&lt;/ns2:optionName&gt;&lt;ns2:value&gt;Email&lt;/ns2:value&gt;&lt;/ns2:configData&gt;&lt;ns2:configData&gt;&lt;ns2:id&gt;962ea7ce-9d0a-4656-8c63-0e6e62f6bb87&lt;/ns2:id&gt;&lt;ns2:optionName&gt;@helpText&lt;/ns2:optionName&gt;&lt;ns2:value&gt;&lt;/ns2:value&gt;&lt;/ns2:configData&gt;&lt;ns2:configData&gt;&lt;ns2:id&gt;60dcea7c-e917-43d6-81ba-35b0886b9e61&lt;/ns2:id&gt;&lt;ns2:optionName&gt;@labelVisibility&lt;/ns2:optionName&gt;&lt;ns2:value&gt;HIDE&lt;/ns2:value&gt;&lt;/ns2:configData&gt;&lt;ns2:viewUUID&gt;64.5663dd71-ff18-4d33-bea0-468d0b869816&lt;/ns2:viewUUID&gt;&lt;/ns2:contributions&gt;&lt;/ns2:contentBoxContrib&gt;&lt;/ns2:contributions&gt;&lt;/ns2:contentBoxContrib&gt;&lt;/ns2:contributions&gt;&lt;ns2:contributions xsi:type="ns2:ViewRef" version="8550"&gt;&lt;ns2:id&gt;a2fa9cee-fb07-4996-8960-1481d4e4f66d&lt;/ns2:id&gt;&lt;ns2:layoutItemId&gt;Horizontal_Layout2&lt;/ns2:layoutItemId&gt;&lt;ns2:configData&gt;&lt;ns2:id&gt;7500eb71-10b8-4962-8a66-16ffd09f57b4&lt;/ns2:id&gt;&lt;ns2:optionName&gt;@label&lt;/ns2:optionName&gt;&lt;ns2:value&gt;Horizontal layout 2&lt;/ns2:value&gt;&lt;/ns2:configData&gt;&lt;ns2:configData&gt;&lt;ns2:id&gt;7b008563-a0e3-4a16-84e9-14be3ab3f63d&lt;/ns2:id&gt;&lt;ns2:optionName&gt;@helpText&lt;/ns2:optionName&gt;&lt;ns2:value&gt;&lt;/ns2:value&gt;&lt;/ns2:configData&gt;&lt;ns2:configData&gt;&lt;ns2:id&gt;4efb27e1-f8e4-4519-801a-edac29626763&lt;/ns2:id&gt;&lt;ns2:optionName&gt;@labelVisibility&lt;/ns2:optionName&gt;&lt;ns2:value&gt;SHOW&lt;/ns2:value&gt;&lt;/ns2:configData&gt;&lt;ns2:configData&gt;&lt;ns2:id&gt;e9b9e84c-6922-43c5-8a35-9f554e0c8c1a&lt;/ns2:id&gt;&lt;ns2:optionName&gt;layoutFlow&lt;/ns2:optionName&gt;&lt;ns2:value&gt;{"isResponsiveData":true,"values":[{"deviceConfigID":"LargeID","value":"I"}]}&lt;/ns2:value&gt;&lt;/ns2:configData&gt;&lt;ns2:configData&gt;&lt;ns2:id&gt;cafe255d-5243-49ad-8fd7-c78e030efa1d&lt;/ns2:id&gt;&lt;ns2:optionName&gt;hAlignment&lt;/ns2:optionName&gt;&lt;ns2:value&gt;{"isResponsiveData":true,"values":[{"deviceConfigID":"LargeID","value":"R"}]}&lt;/ns2:value&gt;&lt;/ns2:configData&gt;&lt;ns2:viewUUID&gt;64.44f463cc-615b-43d0-834f-c398a82e0363&lt;/ns2:viewUUID&gt;&lt;ns2:contentBoxContrib&gt;&lt;ns2:id&gt;d1895752-716a-4e41-8352-a6676b650112&lt;/ns2:id&gt;&lt;ns2:contentBoxId&gt;ContentBox1&lt;/ns2:contentBoxId&gt;&lt;ns2:contributions xsi:type="ns2:ViewRef" version="8550"&gt;&lt;ns2:id&gt;4acd8269-6b8c-43e9-8d47-4b38d8234a1d&lt;/ns2:id&gt;&lt;ns2:layoutItemId&gt;Button2&lt;/ns2:layoutItemId&gt;&lt;ns2:configData&gt;&lt;ns2:id&gt;efec8115-4fe0-4ef0-8e6c-9a9cc27248c7&lt;/ns2:id&gt;&lt;ns2:optionName&gt;@label&lt;/ns2:optionName&gt;&lt;ns2:value&gt;Cancel&lt;/ns2:value&gt;&lt;/ns2:configData&gt;&lt;ns2:configData&gt;&lt;ns2:id&gt;97271d76-6045-466a-8c03-5976f42589b0&lt;/ns2:id&gt;&lt;ns2:optionName&gt;@helpText&lt;/ns2:optionName&gt;&lt;ns2:value&gt;&lt;/ns2:value&gt;&lt;/ns2:configData&gt;&lt;ns2:configData&gt;&lt;ns2:id&gt;f18b3e93-6fd8-42d4-8a7c-b528830a99cd&lt;/ns2:id&gt;&lt;ns2:optionName&gt;@labelVisibility&lt;/ns2:optionName&gt;&lt;ns2:value&gt;SHOW&lt;/ns2:value&gt;&lt;/ns2:configData&gt;&lt;ns2:configData&gt;&lt;ns2:id&gt;49a72253-4b60-4392-8fce-a7daa6cd1a04&lt;/ns2:id&gt;&lt;ns2:optionName&gt;colorStyle&lt;/ns2:optionName&gt;&lt;ns2:value&gt;G&lt;/ns2:value&gt;&lt;ns2:valueType&gt;static&lt;/ns2:valueType&gt;&lt;/ns2:configData&gt;&lt;ns2:configData&gt;&lt;ns2:id&gt;4fa05f36-5322-4710-83fc-619ea9c95052&lt;/ns2:id&gt;&lt;ns2:optionName&gt;icon&lt;/ns2:optionName&gt;&lt;ns2:value&gt;ci-close-filled&lt;/ns2:value&gt;&lt;ns2:valueType&gt;static&lt;/ns2:valueType&gt;&lt;/ns2:configData&gt;&lt;ns2:configData&gt;&lt;ns2:id&gt;3a7ac0fa-6ae6-48b5-8b1d-c037439814c4&lt;/ns2:id&gt;&lt;ns2:optionName&gt;eventON_CLICK&lt;/ns2:optionName&gt;&lt;ns2:value&gt;${add_signer}.hide();&lt;/ns2:value&gt;&lt;/ns2:configData&gt;&lt;ns2:viewUUID&gt;64.7133c7d4-1a54-45c8-89cd-a8e8fa4a8e36&lt;/ns2:viewUUID&gt;&lt;/ns2:contributions&gt;&lt;ns2:contributions xsi:type="ns2:ViewRef" version="8550"&gt;&lt;ns2:id&gt;1d2ffa25-3766-489d-8032-9814dec22793&lt;/ns2:id&gt;&lt;ns2:layoutItemId&gt;Button3&lt;/ns2:layoutItemId&gt;&lt;ns2:configData&gt;&lt;ns2:id&gt;7c67f505-dee6-42f8-8223-7a816b6e8caf&lt;/ns2:id&gt;&lt;ns2:optionName&gt;@label&lt;/ns2:optionName&gt;&lt;ns2:value&gt;Add&lt;/ns2:value&gt;&lt;/ns2:configData&gt;&lt;ns2:configData&gt;&lt;ns2:id&gt;0b347104-bec5-4bbd-8610-9507a9d9dc42&lt;/ns2:id&gt;&lt;ns2:optionName&gt;@helpText&lt;/ns2:optionName&gt;&lt;ns2:value&gt;&lt;/ns2:value&gt;&lt;/ns2:configData&gt;&lt;ns2:configData&gt;&lt;ns2:id&gt;80e4ac3e-c7c2-4ddd-82d1-0e0b876c6604&lt;/ns2:id&gt;&lt;ns2:optionName&gt;@labelVisibility&lt;/ns2:optionName&gt;&lt;ns2:value&gt;SHOW&lt;/ns2:value&gt;&lt;/ns2:configData&gt;&lt;ns2:configData&gt;&lt;ns2:id&gt;f1c0fb3c-2667-4b14-8c0d-c137fe564f28&lt;/ns2:id&gt;&lt;ns2:optionName&gt;colorStyle&lt;/ns2:optionName&gt;&lt;ns2:value&gt;S&lt;/ns2:value&gt;&lt;ns2:valueType&gt;static&lt;/ns2:valueType&gt;&lt;/ns2:configData&gt;&lt;ns2:configData&gt;&lt;ns2:id&gt;6ea15703-51c1-48f4-8fc9-06e1d1d03f9f&lt;/ns2:id&gt;&lt;ns2:optionName&gt;icon&lt;/ns2:optionName&gt;&lt;ns2:value&gt;ci-add-filled&lt;/ns2:value&gt;&lt;ns2:valueType&gt;static&lt;/ns2:valueType&gt;&lt;/ns2:configData&gt;&lt;ns2:configData&gt;&lt;ns2:id&gt;58945e96-e00c-45c9-8119-f4f37e61eabe&lt;/ns2:id&gt;&lt;ns2:optionName&gt;eventON_CLICK&lt;/ns2:optionName&gt;&lt;ns2:value&gt;var signer = {};
signer.name= ${username}.getText();
signer.email= ${email}.getText();
${Signers1}.appendElement(signer);
${username}.setText("");
${email}.setText("");
${add_signer}.hide();&lt;/ns2:value&gt;&lt;/ns2:configData&gt;&lt;ns2:viewUUID&gt;64.7133c7d4-1a54-45c8-89cd-a8e8fa4a8e36&lt;/ns2:viewUUID&gt;&lt;/ns2:contributions&gt;&lt;/ns2:contentBoxContrib&gt;&lt;/ns2:contributions&gt;&lt;/ns2:contentBoxContrib&gt;&lt;/ns2:contributions&gt;&lt;/ns2:contentBoxContrib&gt;&lt;/ns2:contributions&gt;&lt;/ns2:contentBoxContrib&gt;&lt;/ns2:layoutItem&gt;&lt;/ns2:layout&gt;</layout>
        <paletteIcon isNull="true" />
        <previewImage isNull="true" />
        <hasLabel>false</hasLabel>
        <labelPosition>0</labelPosition>
        <nineSliceX1Coord>0</nineSliceX1Coord>
        <nineSliceX2Coord>0</nineSliceX2Coord>
        <nineSliceY1Coord>0</nineSliceY1Coord>
        <nineSliceY2Coord>0</nineSliceY2Coord>
        <emitBoundary>false</emitBoundary>
        <isPrototypeFunc>false</isPrototypeFunc>
        <enableDevMode>false</enableDevMode>
        <isMobileReady>false</isMobileReady>
        <loadJsFunction isNull="true" />
        <unloadJsFunction isNull="true" />
        <viewJsFunction isNull="true" />
        <changeJsFunction isNull="true" />
        <collaborationJsFunction isNull="true" />
        <description></description>
        <validateJsFunction isNull="true" />
        <previewAdvHtml isNull="true" />
        <previewAdvJs isNull="true" />
        <useUrlBinding>false</useUrlBinding>
        <guid>6b91a302-6237-42a6-bc6b-6d78a17a0c40</guid>
        <versionId>10195f01-ba7f-4881-9e5e-6566dac83eba</versionId>
        <field1 isNull="true" />
        <field2 isNull="true" />
        <field3>0</field3>
        <field4 isNull="true" />
        <field5>false</field5>
        <clobField1 isNull="true" />
        <bindingType name="Signers">
            <lastModified isNull="true" />
            <lastModifiedBy isNull="true" />
            <tenantId isNull="true" />
            <coachViewBindingTypeId>65.aa4c3af8-0aeb-42d1-8cb4-889dd4970802</coachViewBindingTypeId>
            <coachViewId>64.f591e86a-5eaa-4a42-bb03-5345e0ee0c89</coachViewId>
            <isList>true</isList>
            <classId>a5f8825a-6726-48a3-86dc-d78b09778a38/12.65d3c1dd-1a37-449c-a8aa-fc4191c60e31</classId>
            <seq>0</seq>
            <description isNull="true" />
            <guid>9728b4d0-dbe9-4a52-9566-a1750fe8d71f</guid>
            <versionId>4163b16e-b890-4cd2-9dfe-3cc2c982ce00</versionId>
        </bindingType>
    </coachView>
</teamworks>

