<?xml version="1.0" encoding="UTF-8"?>
<ExportObjectList version="1">
	<Object>
		<Name>Insurex_securityManifest</Name>
		<ClassName>Document</ClassName>
		<Id>{903A3550-0000-C136-8974-3DB6D9161B3B}</Id>
		<ObjectStoreId>{0823F16E-BCC3-49D5-A431-5EAAD3BB0154}</ObjectStoreId>
	</Object>
	<Object>
		<Name>Insurex_securityManifest</Name>
		<ClassName>DynamicReferentialContainmentRelationship</ClassName>
		<Id>{903A3550-0000-C2AA-9D98-D46A9051BD58}</Id>
		<ObjectStoreId>{0823F16E-BCC3-49D5-A431-5EAAD3BB0154}</ObjectStoreId>
	</Object>
</ExportObjectList>
